2021-10-10,UNKNOWN,368,0
2021-10-10,SUSSEX,33897,601
2021-10-10,NEW-CASTLE,78643,981
2021-10-10,KENT,24691,415
2021-10-09,UNKNOWN,364,0
2021-10-09,SUSSEX,33777,601
2021-10-09,NEW-CASTLE,78539,981
2021-10-09,KENT,24608,415
2021-10-08,UNKNOWN,359,0
2021-10-08,SUSSEX,33608,601
2021-10-08,NEW-CASTLE,78233,981
2021-10-08,KENT,24482,415
2021-10-07,UNKNOWN,351,0
2021-10-07,SUSSEX,33448,595
2021-10-07,NEW-CASTLE,77993,969
2021-10-07,KENT,24374,413
2021-10-06,UNKNOWN,339,0
2021-10-06,SUSSEX,33319,595
2021-10-06,NEW-CASTLE,77755,969
2021-10-06,KENT,24282,413
2021-10-05,UNKNOWN,337,0
2021-10-05,SUSSEX,33232,595
2021-10-05,NEW-CASTLE,77518,967
2021-10-05,KENT,24180,413
2021-10-04,UNKNOWN,340,0
2021-10-04,SUSSEX,33158,592
2021-10-04,NEW-CASTLE,77369,967
2021-10-04,KENT,24117,413
2021-10-03,UNKNOWN,335,0
2021-10-03,SUSSEX,33059,592
2021-10-03,NEW-CASTLE,77190,967
2021-10-03,KENT,24035,413
2021-10-02,UNKNOWN,334,0
2021-10-02,SUSSEX,32945,592
2021-10-02,NEW-CASTLE,77001,967
2021-10-02,KENT,23937,413
2021-10-01,UNKNOWN,329,0
2021-10-01,SUSSEX,32816,586
2021-10-01,NEW-CASTLE,76690,962
2021-10-01,KENT,23764,406
2021-09-30,UNKNOWN,319,0
2021-09-30,SUSSEX,32630,586
2021-09-30,NEW-CASTLE,76411,962
2021-09-30,KENT,23603,406
2021-09-29,UNKNOWN,311,0
2021-09-29,SUSSEX,32476,585
2021-09-29,NEW-CASTLE,76146,962
2021-09-29,KENT,23499,406
2021-09-28,UNKNOWN,307,0
2021-09-28,SUSSEX,32405,583
2021-09-28,NEW-CASTLE,75979,961
2021-09-28,KENT,23447,406
2021-09-27,UNKNOWN,300,0
2021-09-27,SUSSEX,32333,578
2021-09-27,NEW-CASTLE,75822,959
2021-09-27,KENT,23393,405
2021-09-26,UNKNOWN,297,0
2021-09-26,SUSSEX,32199,578
2021-09-26,NEW-CASTLE,75622,959
2021-09-26,KENT,23306,405
2021-09-25,UNKNOWN,289,0
2021-09-25,SUSSEX,32094,578
2021-09-25,NEW-CASTLE,75442,959
2021-09-25,KENT,23218,405
2021-09-24,UNKNOWN,287,0
2021-09-24,SUSSEX,31934,578
2021-09-24,NEW-CASTLE,75137,959
2021-09-24,KENT,23086,405
2021-09-23,UNKNOWN,277,0
2021-09-23,SUSSEX,31750,578
2021-09-23,NEW-CASTLE,74873,959
2021-09-23,KENT,22974,405
2021-09-22,UNKNOWN,265,0
2021-09-22,SUSSEX,31576,576
2021-09-22,NEW-CASTLE,74576,953
2021-09-22,KENT,22814,400
2021-09-21,UNKNOWN,257,0
2021-09-21,SUSSEX,31494,575
2021-09-21,NEW-CASTLE,74466,952
2021-09-21,KENT,22747,400
2021-09-20,UNKNOWN,257,0
2021-09-20,SUSSEX,31413,570
2021-09-20,NEW-CASTLE,74331,952
2021-09-20,KENT,22691,398
2021-09-19,UNKNOWN,257,0
2021-09-19,SUSSEX,31301,570
2021-09-19,NEW-CASTLE,74119,952
2021-09-19,KENT,22576,398
2021-09-18,UNKNOWN,258,0
2021-09-18,SUSSEX,31157,570
2021-09-18,NEW-CASTLE,73907,952
2021-09-18,KENT,22481,398
2021-09-17,UNKNOWN,258,0
2021-09-17,SUSSEX,31024,568
2021-09-17,NEW-CASTLE,73601,949
2021-09-17,KENT,22339,396
2021-09-16,UNKNOWN,256,0
2021-09-16,SUSSEX,30853,568
2021-09-16,NEW-CASTLE,73296,949
2021-09-16,KENT,22199,396
2021-09-15,UNKNOWN,243,0
2021-09-15,SUSSEX,30727,566
2021-09-15,NEW-CASTLE,73024,949
2021-09-15,KENT,22056,396
2021-09-14,UNKNOWN,242,0
2021-09-14,SUSSEX,30630,562
2021-09-14,NEW-CASTLE,72930,947
2021-09-14,KENT,21996,393
2021-09-13,UNKNOWN,243,0
2021-09-13,SUSSEX,30560,561
2021-09-13,NEW-CASTLE,72781,946
2021-09-13,KENT,21965,393
2021-09-12,UNKNOWN,241,0
2021-09-12,SUSSEX,30406,561
2021-09-12,NEW-CASTLE,72576,946
2021-09-12,KENT,21882,393
2021-09-11,UNKNOWN,242,0
2021-09-11,SUSSEX,30280,561
2021-09-11,NEW-CASTLE,72267,946
2021-09-11,KENT,21786,393
2021-09-10,UNKNOWN,243,0
2021-09-10,SUSSEX,30125,561
2021-09-10,NEW-CASTLE,71938,946
2021-09-10,KENT,21652,393
2021-09-09,UNKNOWN,241,0
2021-09-09,SUSSEX,29969,561
2021-09-09,NEW-CASTLE,71594,946
2021-09-09,KENT,21504,393
2021-09-08,UNKNOWN,241,0
2021-09-08,SUSSEX,29870,561
2021-09-08,NEW-CASTLE,71452,941
2021-09-08,KENT,21393,392
2021-09-07,UNKNOWN,242,0
2021-09-07,SUSSEX,29801,559
2021-09-07,NEW-CASTLE,71325,940
2021-09-07,KENT,21350,392
2021-09-06,UNKNOWN,241,0
2021-09-06,SUSSEX,29702,559
2021-09-06,NEW-CASTLE,71154,940
2021-09-06,KENT,21273,392
2021-09-05,UNKNOWN,240,0
2021-09-05,SUSSEX,29619,559
2021-09-05,NEW-CASTLE,71033,940
2021-09-05,KENT,21219,392
2021-09-04,UNKNOWN,241,0
2021-09-04,SUSSEX,29515,559
2021-09-04,NEW-CASTLE,70857,940
2021-09-04,KENT,21131,392
2021-09-03,UNKNOWN,239,0
2021-09-03,SUSSEX,29378,559
2021-09-03,NEW-CASTLE,70664,937
2021-09-03,KENT,21002,392
2021-09-02,UNKNOWN,240,0
2021-09-02,SUSSEX,29239,559
2021-09-02,NEW-CASTLE,70381,937
2021-09-02,KENT,20867,392
2021-09-01,UNKNOWN,238,0
2021-09-01,SUSSEX,29094,559
2021-09-01,NEW-CASTLE,70118,936
2021-09-01,KENT,20730,392
2021-08-31,UNKNOWN,238,0
2021-08-31,SUSSEX,28999,557
2021-08-31,NEW-CASTLE,69966,933
2021-08-31,KENT,20649,390
2021-08-30,UNKNOWN,237,0
2021-08-30,SUSSEX,28910,556
2021-08-30,NEW-CASTLE,69877,932
2021-08-30,KENT,20596,389
2021-08-29,UNKNOWN,237,0
2021-08-29,SUSSEX,28813,556
2021-08-29,NEW-CASTLE,69660,932
2021-08-29,KENT,20516,389
2021-08-28,UNKNOWN,236,0
2021-08-28,SUSSEX,28724,556
2021-08-28,NEW-CASTLE,69507,932
2021-08-28,KENT,20459,389
2021-08-27,UNKNOWN,235,0
2021-08-27,SUSSEX,28609,556
2021-08-27,NEW-CASTLE,69360,931
2021-08-27,KENT,20340,388
2021-08-26,UNKNOWN,233,0
2021-08-26,SUSSEX,28474,555
2021-08-26,NEW-CASTLE,69101,929
2021-08-26,KENT,20208,388
2021-08-25,UNKNOWN,233,0
2021-08-25,SUSSEX,28362,553
2021-08-25,NEW-CASTLE,68878,928
2021-08-25,KENT,20114,388
2021-08-24,UNKNOWN,233,0
2021-08-24,SUSSEX,28253,549
2021-08-24,NEW-CASTLE,68740,921
2021-08-24,KENT,20020,387
2021-08-23,UNKNOWN,234,0
2021-08-23,SUSSEX,28199,549
2021-08-23,NEW-CASTLE,68630,918
2021-08-23,KENT,19988,387
2021-08-22,UNKNOWN,234,0
2021-08-22,SUSSEX,28102,549
2021-08-22,NEW-CASTLE,68493,918
2021-08-22,KENT,19942,387
2021-08-21,UNKNOWN,233,0
2021-08-21,SUSSEX,28009,549
2021-08-21,NEW-CASTLE,68353,918
2021-08-21,KENT,19866,387
2021-08-20,UNKNOWN,232,0
2021-08-20,SUSSEX,27903,549
2021-08-20,NEW-CASTLE,68162,915
2021-08-20,KENT,19776,387
2021-08-19,UNKNOWN,233,0
2021-08-19,SUSSEX,27821,549
2021-08-19,NEW-CASTLE,67965,915
2021-08-19,KENT,19646,387
2021-08-18,UNKNOWN,233,0
2021-08-18,SUSSEX,27709,548
2021-08-18,NEW-CASTLE,67764,914
2021-08-18,KENT,19530,387
2021-08-17,UNKNOWN,232,0
2021-08-17,SUSSEX,27625,547
2021-08-17,NEW-CASTLE,67618,909
2021-08-17,KENT,19437,384
2021-08-16,UNKNOWN,231,0
2021-08-16,SUSSEX,27580,547
2021-08-16,NEW-CASTLE,67549,907
2021-08-16,KENT,19410,384
2021-08-15,UNKNOWN,232,0
2021-08-15,SUSSEX,27524,547
2021-08-15,NEW-CASTLE,67394,907
2021-08-15,KENT,19336,384
2021-08-14,UNKNOWN,232,0
2021-08-14,SUSSEX,27431,547
2021-08-14,NEW-CASTLE,67274,907
2021-08-14,KENT,19250,384
2021-08-13,UNKNOWN,233,0
2021-08-13,SUSSEX,27349,547
2021-08-13,NEW-CASTLE,67120,907
2021-08-13,KENT,19151,383
2021-08-12,UNKNOWN,231,0
2021-08-12,SUSSEX,27270,547
2021-08-12,NEW-CASTLE,66990,907
2021-08-12,KENT,19091,383
2021-08-11,UNKNOWN,231,0
2021-08-11,SUSSEX,27186,547
2021-08-11,NEW-CASTLE,66836,906
2021-08-11,KENT,18998,383
2021-08-10,UNKNOWN,231,0
2021-08-10,SUSSEX,27145,547
2021-08-10,NEW-CASTLE,66767,906
2021-08-10,KENT,18947,383
2021-08-09,UNKNOWN,231,0
2021-08-09,SUSSEX,27113,546
2021-08-09,NEW-CASTLE,66702,906
2021-08-09,KENT,18921,383
2021-08-08,UNKNOWN,230,0
2021-08-08,SUSSEX,27057,546
2021-08-08,NEW-CASTLE,66602,906
2021-08-08,KENT,18883,383
2021-08-07,UNKNOWN,229,0
2021-08-07,SUSSEX,26984,546
2021-08-07,NEW-CASTLE,66504,906
2021-08-07,KENT,18841,383
2021-08-06,UNKNOWN,229,0
2021-08-06,SUSSEX,26917,545
2021-08-06,NEW-CASTLE,66383,906
2021-08-06,KENT,18769,382
2021-08-05,UNKNOWN,229,0
2021-08-05,SUSSEX,26864,545
2021-08-05,NEW-CASTLE,66275,906
2021-08-05,KENT,18702,382
2021-08-04,UNKNOWN,229,0
2021-08-04,SUSSEX,26811,545
2021-08-04,NEW-CASTLE,66198,906
2021-08-04,KENT,18646,382
2021-08-03,UNKNOWN,228,0
2021-08-03,SUSSEX,26783,545
2021-08-03,NEW-CASTLE,66144,906
2021-08-03,KENT,18607,382
2021-08-02,UNKNOWN,228,0
2021-08-02,SUSSEX,26765,545
2021-08-02,NEW-CASTLE,66094,906
2021-08-02,KENT,18594,382
2021-08-01,UNKNOWN,228,0
2021-08-01,SUSSEX,26727,545
2021-08-01,NEW-CASTLE,66033,906
2021-08-01,KENT,18575,382
2021-07-31,UNKNOWN,229,0
2021-07-31,SUSSEX,26681,545
2021-07-31,NEW-CASTLE,65963,906
2021-07-31,KENT,18534,382
2021-07-30,UNKNOWN,229,0
2021-07-30,SUSSEX,26650,545
2021-07-30,NEW-CASTLE,65889,903
2021-07-30,KENT,18507,382
2021-07-29,UNKNOWN,229,0
2021-07-29,SUSSEX,26617,504
2021-07-29,NEW-CASTLE,65806,847
2021-07-29,KENT,18477,349
2021-07-28,UNKNOWN,231,0
2021-07-28,SUSSEX,26578,502
2021-07-28,NEW-CASTLE,65747,847
2021-07-28,KENT,18460,349
2021-07-27,UNKNOWN,229,0
2021-07-27,SUSSEX,26565,502
2021-07-27,NEW-CASTLE,65710,847
2021-07-27,KENT,18439,349
2021-07-26,UNKNOWN,228,0
2021-07-26,SUSSEX,26540,502
2021-07-26,NEW-CASTLE,65660,847
2021-07-26,KENT,18434,349
2021-07-25,UNKNOWN,228,0
2021-07-25,SUSSEX,26532,502
2021-07-25,NEW-CASTLE,65613,847
2021-07-25,KENT,18424,349
2021-07-24,UNKNOWN,228,0
2021-07-24,SUSSEX,26515,502
2021-07-24,NEW-CASTLE,65570,847
2021-07-24,KENT,18416,349
2021-07-23,UNKNOWN,228,0
2021-07-23,SUSSEX,26479,502
2021-07-23,NEW-CASTLE,65530,847
2021-07-23,KENT,18401,349
2021-07-22,UNKNOWN,228,0
2021-07-22,SUSSEX,26447,501
2021-07-22,NEW-CASTLE,65506,847
2021-07-22,KENT,18392,349
2021-07-21,UNKNOWN,228,0
2021-07-21,SUSSEX,26422,501
2021-07-21,NEW-CASTLE,65467,847
2021-07-21,KENT,18385,349
2021-07-20,UNKNOWN,227,0
2021-07-20,SUSSEX,26412,501
2021-07-20,NEW-CASTLE,65444,847
2021-07-20,KENT,18374,349
2021-07-19,UNKNOWN,227,0
2021-07-19,SUSSEX,26404,501
2021-07-19,NEW-CASTLE,65421,847
2021-07-19,KENT,18371,349
2021-07-18,UNKNOWN,227,0
2021-07-18,SUSSEX,26396,501
2021-07-18,NEW-CASTLE,65399,847
2021-07-18,KENT,18365,349
2021-07-17,UNKNOWN,227,0
2021-07-17,SUSSEX,26381,501
2021-07-17,NEW-CASTLE,65382,847
2021-07-17,KENT,18349,349
2021-07-16,UNKNOWN,226,0
2021-07-16,SUSSEX,26364,501
2021-07-16,NEW-CASTLE,65339,847
2021-07-16,KENT,18341,349
2021-07-15,UNKNOWN,226,0
2021-07-15,SUSSEX,26350,500
2021-07-15,NEW-CASTLE,65320,847
2021-07-15,KENT,18335,349
2021-07-14,UNKNOWN,226,0
2021-07-14,SUSSEX,26330,500
2021-07-14,NEW-CASTLE,65301,847
2021-07-14,KENT,18325,349
2021-07-13,UNKNOWN,226,0
2021-07-13,SUSSEX,26318,499
2021-07-13,NEW-CASTLE,65263,847
2021-07-13,KENT,18305,349
2021-07-12,UNKNOWN,227,0
2021-07-12,SUSSEX,26310,499
2021-07-12,NEW-CASTLE,65251,847
2021-07-12,KENT,18305,349
2021-07-11,UNKNOWN,227,0
2021-07-11,SUSSEX,26306,499
2021-07-11,NEW-CASTLE,65240,847
2021-07-11,KENT,18301,349
2021-07-10,UNKNOWN,227,0
2021-07-10,SUSSEX,26295,499
2021-07-10,NEW-CASTLE,65205,847
2021-07-10,KENT,18292,349
2021-07-09,UNKNOWN,227,0
2021-07-09,SUSSEX,26289,499
2021-07-09,NEW-CASTLE,65182,847
2021-07-09,KENT,18288,349
2021-07-08,UNKNOWN,227,0
2021-07-08,SUSSEX,26276,499
2021-07-08,NEW-CASTLE,65151,847
2021-07-08,KENT,18277,349
2021-07-07,UNKNOWN,227,0
2021-07-07,SUSSEX,26263,499
2021-07-07,NEW-CASTLE,65138,847
2021-07-07,KENT,18272,349
2021-07-06,UNKNOWN,227,0
2021-07-06,SUSSEX,26263,499
2021-07-06,NEW-CASTLE,65138,847
2021-07-06,KENT,18272,349
2021-07-05,UNKNOWN,227,0
2021-07-05,SUSSEX,26261,499
2021-07-05,NEW-CASTLE,65131,847
2021-07-05,KENT,18272,349
2021-07-04,UNKNOWN,227,0
2021-07-04,SUSSEX,26259,499
2021-07-04,NEW-CASTLE,65119,847
2021-07-04,KENT,18270,349
2021-07-03,UNKNOWN,227,0
2021-07-03,SUSSEX,26256,499
2021-07-03,NEW-CASTLE,65099,847
2021-07-03,KENT,18264,349
2021-07-02,UNKNOWN,227,0
2021-07-02,SUSSEX,26250,499
2021-07-02,NEW-CASTLE,65087,847
2021-07-02,KENT,18256,349
2021-07-01,UNKNOWN,227,0
2021-07-01,SUSSEX,26241,499
2021-07-01,NEW-CASTLE,65059,846
2021-07-01,KENT,18243,349
2021-06-30,UNKNOWN,227,0
2021-06-30,SUSSEX,26230,499
2021-06-30,NEW-CASTLE,65053,846
2021-06-30,KENT,18234,349
2021-06-29,UNKNOWN,227,0
2021-06-29,SUSSEX,26221,499
2021-06-29,NEW-CASTLE,65034,846
2021-06-29,KENT,18230,349
2021-06-28,UNKNOWN,227,0
2021-06-28,SUSSEX,26217,499
2021-06-28,NEW-CASTLE,65030,846
2021-06-28,KENT,18226,349
2021-06-27,UNKNOWN,227,0
2021-06-27,SUSSEX,26214,499
2021-06-27,NEW-CASTLE,65016,846
2021-06-27,KENT,18225,349
2021-06-26,UNKNOWN,227,0
2021-06-26,SUSSEX,26207,499
2021-06-26,NEW-CASTLE,64999,846
2021-06-26,KENT,18224,349
2021-06-25,UNKNOWN,227,0
2021-06-25,SUSSEX,26206,499
2021-06-25,NEW-CASTLE,64987,845
2021-06-25,KENT,18216,349
2021-06-24,UNKNOWN,227,0
2021-06-24,SUSSEX,26202,499
2021-06-24,NEW-CASTLE,64976,845
2021-06-24,KENT,18215,349
2021-06-23,UNKNOWN,227,0
2021-06-23,SUSSEX,26196,499
2021-06-23,NEW-CASTLE,64964,845
2021-06-23,KENT,18212,349
2021-06-22,UNKNOWN,227,0
2021-06-22,SUSSEX,26187,497
2021-06-22,NEW-CASTLE,64954,845
2021-06-22,KENT,18209,349
2021-06-21,UNKNOWN,227,0
2021-06-21,SUSSEX,26184,497
2021-06-21,NEW-CASTLE,64945,839
2021-06-21,KENT,18208,347
2021-06-20,UNKNOWN,227,0
2021-06-20,SUSSEX,26178,497
2021-06-20,NEW-CASTLE,64937,839
2021-06-20,KENT,18206,347
2021-06-19,UNKNOWN,227,0
2021-06-19,SUSSEX,26174,497
2021-06-19,NEW-CASTLE,64923,839
2021-06-19,KENT,18204,346
2021-06-18,UNKNOWN,227,0
2021-06-18,SUSSEX,26168,497
2021-06-18,NEW-CASTLE,64907,836
2021-06-18,KENT,18199,346
2021-06-17,UNKNOWN,227,0
2021-06-17,SUSSEX,26154,497
2021-06-17,NEW-CASTLE,64897,836
2021-06-17,KENT,18192,346
2021-06-16,UNKNOWN,227,0
2021-06-16,SUSSEX,26142,497
2021-06-16,NEW-CASTLE,64865,836
2021-06-16,KENT,18184,346
2021-06-15,UNKNOWN,227,0
2021-06-15,SUSSEX,26144,497
2021-06-15,NEW-CASTLE,64866,836
2021-06-15,KENT,18184,346
2021-06-14,UNKNOWN,227,0
2021-06-14,SUSSEX,26135,497
2021-06-14,NEW-CASTLE,64842,836
2021-06-14,KENT,18175,346
2021-06-13,UNKNOWN,227,0
2021-06-13,SUSSEX,26133,497
2021-06-13,NEW-CASTLE,64823,836
2021-06-13,KENT,18175,346
2021-06-12,UNKNOWN,227,0
2021-06-12,SUSSEX,26121,497
2021-06-12,NEW-CASTLE,64802,836
2021-06-12,KENT,18172,346
2021-06-11,UNKNOWN,227,0
2021-06-11,SUSSEX,26117,497
2021-06-11,NEW-CASTLE,64784,836
2021-06-11,KENT,18168,346
2021-06-10,UNKNOWN,227,0
2021-06-10,SUSSEX,26106,497
2021-06-10,NEW-CASTLE,64761,836
2021-06-10,KENT,18164,346
2021-06-09,UNKNOWN,227,0
2021-06-09,SUSSEX,26097,497
2021-06-09,NEW-CASTLE,64742,835
2021-06-09,KENT,18159,345
2021-06-08,UNKNOWN,226,0
2021-06-08,SUSSEX,26081,497
2021-06-08,NEW-CASTLE,64726,835
2021-06-08,KENT,18155,345
2021-06-07,UNKNOWN,226,0
2021-06-07,SUSSEX,26072,497
2021-06-07,NEW-CASTLE,64716,835
2021-06-07,KENT,18153,345
2021-06-06,UNKNOWN,226,0
2021-06-06,SUSSEX,26060,497
2021-06-06,NEW-CASTLE,64690,835
2021-06-06,KENT,18150,345
2021-06-05,UNKNOWN,226,0
2021-06-05,SUSSEX,26045,497
2021-06-05,NEW-CASTLE,64656,835
2021-06-05,KENT,18143,345
2021-06-04,UNKNOWN,226,0
2021-06-04,SUSSEX,26019,497
2021-06-04,NEW-CASTLE,64631,832
2021-06-04,KENT,18129,345
2021-06-03,UNKNOWN,226,0
2021-06-03,SUSSEX,25997,496
2021-06-03,NEW-CASTLE,64608,828
2021-06-03,KENT,18126,344
2021-06-02,UNKNOWN,226,0
2021-06-02,SUSSEX,25987,495
2021-06-02,NEW-CASTLE,64578,827
2021-06-02,KENT,18120,344
2021-06-01,UNKNOWN,226,0
2021-06-01,SUSSEX,25984,493
2021-06-01,NEW-CASTLE,64566,824
2021-06-01,KENT,18118,344
2021-05-31,UNKNOWN,226,0
2021-05-31,SUSSEX,25972,493
2021-05-31,NEW-CASTLE,64555,824
2021-05-31,KENT,18113,344
2021-05-30,UNKNOWN,226,0
2021-05-30,SUSSEX,25963,493
2021-05-30,NEW-CASTLE,64524,824
2021-05-30,KENT,18108,344
2021-05-29,UNKNOWN,226,0
2021-05-29,SUSSEX,25937,493
2021-05-29,NEW-CASTLE,64504,824
2021-05-29,KENT,18103,344
2021-05-28,UNKNOWN,224,0
2021-05-28,SUSSEX,25915,493
2021-05-28,NEW-CASTLE,64448,824
2021-05-28,KENT,18094,343
2021-05-27,UNKNOWN,224,0
2021-05-27,SUSSEX,25900,493
2021-05-27,NEW-CASTLE,64396,824
2021-05-27,KENT,18087,343
2021-05-26,UNKNOWN,223,0
2021-05-26,SUSSEX,25881,493
2021-05-26,NEW-CASTLE,64351,824
2021-05-26,KENT,18077,343
2021-05-25,UNKNOWN,223,0
2021-05-25,SUSSEX,25866,493
2021-05-25,NEW-CASTLE,64329,824
2021-05-25,KENT,18065,343
2021-05-24,UNKNOWN,223,0
2021-05-24,SUSSEX,25847,493
2021-05-24,NEW-CASTLE,64279,823
2021-05-24,KENT,18060,343
2021-05-23,UNKNOWN,223,0
2021-05-23,SUSSEX,25841,493
2021-05-23,NEW-CASTLE,64248,823
2021-05-23,KENT,18053,343
2021-05-22,UNKNOWN,223,0
2021-05-22,SUSSEX,25829,493
2021-05-22,NEW-CASTLE,64183,823
2021-05-22,KENT,18045,343
2021-05-21,UNKNOWN,223,0
2021-05-21,SUSSEX,25802,489
2021-05-21,NEW-CASTLE,64107,822
2021-05-21,KENT,18034,343
2021-05-20,UNKNOWN,222,0
2021-05-20,SUSSEX,25774,489
2021-05-20,NEW-CASTLE,64017,821
2021-05-20,KENT,18018,342
2021-05-19,UNKNOWN,222,0
2021-05-19,SUSSEX,25756,489
2021-05-19,NEW-CASTLE,63953,821
2021-05-19,KENT,17997,342
2021-05-18,UNKNOWN,221,0
2021-05-18,SUSSEX,25716,489
2021-05-18,NEW-CASTLE,63374,820
2021-05-18,KENT,17864,342
2021-05-17,UNKNOWN,221,0
2021-05-17,SUSSEX,25696,489
2021-05-17,NEW-CASTLE,63317,820
2021-05-17,KENT,17855,342
2021-05-16,UNKNOWN,221,0
2021-05-16,SUSSEX,25674,489
2021-05-16,NEW-CASTLE,63262,820
2021-05-16,KENT,17850,342
2021-05-15,UNKNOWN,221,0
2021-05-15,SUSSEX,25654,489
2021-05-15,NEW-CASTLE,63166,820
2021-05-15,KENT,17832,342
2021-05-14,UNKNOWN,220,0
2021-05-14,SUSSEX,25617,489
2021-05-14,NEW-CASTLE,63077,820
2021-05-14,KENT,17801,342
2021-05-13,UNKNOWN,220,0
2021-05-13,SUSSEX,25590,489
2021-05-13,NEW-CASTLE,62991,817
2021-05-13,KENT,17779,342
2021-05-12,UNKNOWN,221,0
2021-05-12,SUSSEX,25566,489
2021-05-12,NEW-CASTLE,62915,815
2021-05-12,KENT,17753,340
2021-05-11,UNKNOWN,220,0
2021-05-11,SUSSEX,25537,489
2021-05-11,NEW-CASTLE,62862,815
2021-05-11,KENT,17722,340
2021-05-10,UNKNOWN,220,0
2021-05-10,SUSSEX,25515,488
2021-05-10,NEW-CASTLE,62805,814
2021-05-10,KENT,17712,339
2021-05-09,UNKNOWN,220,0
2021-05-09,SUSSEX,25502,486
2021-05-09,NEW-CASTLE,62734,812
2021-05-09,KENT,17692,338
2021-05-08,UNKNOWN,220,0
2021-05-08,SUSSEX,25458,486
2021-05-08,NEW-CASTLE,62615,812
2021-05-08,KENT,17655,338
2021-05-07,UNKNOWN,219,0
2021-05-07,SUSSEX,25423,484
2021-05-07,NEW-CASTLE,62514,809
2021-05-07,KENT,17619,336
2021-05-06,UNKNOWN,221,0
2021-05-06,SUSSEX,25392,484
2021-05-06,NEW-CASTLE,62381,809
2021-05-06,KENT,17578,336
2021-05-05,UNKNOWN,219,0
2021-05-05,SUSSEX,25356,483
2021-05-05,NEW-CASTLE,62273,809
2021-05-05,KENT,17553,336
2021-05-04,UNKNOWN,218,0
2021-05-04,SUSSEX,25319,483
2021-05-04,NEW-CASTLE,62151,809
2021-05-04,KENT,17516,334
2021-05-03,UNKNOWN,216,0
2021-05-03,SUSSEX,25300,483
2021-05-03,NEW-CASTLE,62047,809
2021-05-03,KENT,17504,334
2021-05-02,UNKNOWN,218,0
2021-05-02,SUSSEX,25272,483
2021-05-02,NEW-CASTLE,61935,809
2021-05-02,KENT,17484,334
2021-05-01,UNKNOWN,216,0
2021-05-01,SUSSEX,25205,483
2021-05-01,NEW-CASTLE,61787,809
2021-05-01,KENT,17413,334
2021-04-30,UNKNOWN,215,0
2021-04-30,SUSSEX,25165,483
2021-04-30,NEW-CASTLE,61647,808
2021-04-30,KENT,17378,334
2021-04-29,UNKNOWN,213,0
2021-04-29,SUSSEX,25108,483
2021-04-29,NEW-CASTLE,61447,808
2021-04-29,KENT,17270,333
2021-04-28,UNKNOWN,216,0
2021-04-28,SUSSEX,25064,482
2021-04-28,NEW-CASTLE,61359,807
2021-04-28,KENT,17205,333
2021-04-27,UNKNOWN,214,0
2021-04-27,SUSSEX,25034,481
2021-04-27,NEW-CASTLE,61218,806
2021-04-27,KENT,17137,330
2021-04-26,UNKNOWN,215,0
2021-04-26,SUSSEX,25019,481
2021-04-26,NEW-CASTLE,61111,806
2021-04-26,KENT,17114,330
2021-04-25,UNKNOWN,214,0
2021-04-25,SUSSEX,24973,481
2021-04-25,NEW-CASTLE,60970,805
2021-04-25,KENT,17065,330
2021-04-24,UNKNOWN,215,0
2021-04-24,SUSSEX,24926,481
2021-04-24,NEW-CASTLE,60777,804
2021-04-24,KENT,17009,330
2021-04-23,UNKNOWN,213,0
2021-04-23,SUSSEX,24857,479
2021-04-23,NEW-CASTLE,60591,801
2021-04-23,KENT,16932,329
2021-04-22,UNKNOWN,212,0
2021-04-22,SUSSEX,24815,476
2021-04-22,NEW-CASTLE,60366,800
2021-04-22,KENT,16874,328
2021-04-21,UNKNOWN,214,0
2021-04-21,SUSSEX,24754,476
2021-04-21,NEW-CASTLE,60187,799
2021-04-21,KENT,16838,328
2021-04-20,UNKNOWN,213,0
2021-04-20,SUSSEX,24703,476
2021-04-20,NEW-CASTLE,59996,799
2021-04-20,KENT,16795,328
2021-04-19,UNKNOWN,210,0
2021-04-19,SUSSEX,24678,475
2021-04-19,NEW-CASTLE,59884,799
2021-04-19,KENT,16775,328
2021-04-18,UNKNOWN,210,0
2021-04-18,SUSSEX,24630,475
2021-04-18,NEW-CASTLE,59610,799
2021-04-18,KENT,16708,328
2021-04-17,UNKNOWN,209,0
2021-04-17,SUSSEX,24570,475
2021-04-17,NEW-CASTLE,59355,799
2021-04-17,KENT,16643,328
2021-04-16,UNKNOWN,207,0
2021-04-16,SUSSEX,24494,472
2021-04-16,NEW-CASTLE,59049,796
2021-04-16,KENT,16572,328
2021-04-15,UNKNOWN,208,0
2021-04-15,SUSSEX,24416,471
2021-04-15,NEW-CASTLE,58789,796
2021-04-15,KENT,16502,328
2021-04-14,UNKNOWN,208,0
2021-04-14,SUSSEX,24370,469
2021-04-14,NEW-CASTLE,58498,795
2021-04-14,KENT,16439,327
2021-04-13,UNKNOWN,205,0
2021-04-13,SUSSEX,24314,468
2021-04-13,NEW-CASTLE,58265,794
2021-04-13,KENT,16351,325
2021-04-12,UNKNOWN,205,0
2021-04-12,SUSSEX,24285,465
2021-04-12,NEW-CASTLE,58126,791
2021-04-12,KENT,16309,325
2021-04-11,UNKNOWN,205,0
2021-04-11,SUSSEX,24243,465
2021-04-11,NEW-CASTLE,57861,788
2021-04-11,KENT,16261,325
2021-04-10,UNKNOWN,205,0
2021-04-10,SUSSEX,24184,465
2021-04-10,NEW-CASTLE,57630,787
2021-04-10,KENT,16184,325
2021-04-09,UNKNOWN,204,0
2021-04-09,SUSSEX,24136,465
2021-04-09,NEW-CASTLE,57358,783
2021-04-09,KENT,16086,325
2021-04-08,UNKNOWN,204,0
2021-04-08,SUSSEX,24089,463
2021-04-08,NEW-CASTLE,57112,782
2021-04-08,KENT,15999,323
2021-04-07,UNKNOWN,204,0
2021-04-07,SUSSEX,24046,463
2021-04-07,NEW-CASTLE,56868,781
2021-04-07,KENT,15924,323
2021-04-06,UNKNOWN,203,0
2021-04-06,SUSSEX,24025,463
2021-04-06,NEW-CASTLE,56715,781
2021-04-06,KENT,15863,323
2021-04-05,UNKNOWN,204,0
2021-04-05,SUSSEX,23989,462
2021-04-05,NEW-CASTLE,56541,781
2021-04-05,KENT,15843,323
2021-04-04,UNKNOWN,204,0
2021-04-04,SUSSEX,23955,462
2021-04-04,NEW-CASTLE,56411,781
2021-04-04,KENT,15806,323
2021-04-03,UNKNOWN,204,0
2021-04-03,SUSSEX,23924,461
2021-04-03,NEW-CASTLE,56201,781
2021-04-03,KENT,15748,323
2021-04-02,UNKNOWN,205,0
2021-04-02,SUSSEX,23852,461
2021-04-02,NEW-CASTLE,55871,781
2021-04-02,KENT,15662,323
2021-04-01,UNKNOWN,206,0
2021-04-01,SUSSEX,23788,458
2021-04-01,NEW-CASTLE,55599,778
2021-04-01,KENT,15595,323
2021-03-31,UNKNOWN,204,0
2021-03-31,SUSSEX,23744,458
2021-03-31,NEW-CASTLE,55327,778
2021-03-31,KENT,15527,323
2021-03-30,UNKNOWN,203,0
2021-03-30,SUSSEX,23717,458
2021-03-30,NEW-CASTLE,55191,778
2021-03-30,KENT,15462,323
2021-03-29,UNKNOWN,203,0
2021-03-29,SUSSEX,23691,455
2021-03-29,NEW-CASTLE,55064,775
2021-03-29,KENT,15444,322
2021-03-28,UNKNOWN,203,0
2021-03-28,SUSSEX,23651,455
2021-03-28,NEW-CASTLE,54815,767
2021-03-28,KENT,15393,322
2021-03-27,UNKNOWN,203,0
2021-03-27,SUSSEX,23606,455
2021-03-27,NEW-CASTLE,54554,767
2021-03-27,KENT,15338,322
2021-03-26,UNKNOWN,203,0
2021-03-26,SUSSEX,23548,453
2021-03-26,NEW-CASTLE,54318,761
2021-03-26,KENT,15256,322
2021-03-25,UNKNOWN,201,0
2021-03-25,SUSSEX,23521,453
2021-03-25,NEW-CASTLE,54110,761
2021-03-25,KENT,15206,322
2021-03-24,UNKNOWN,201,0
2021-03-24,SUSSEX,23482,453
2021-03-24,NEW-CASTLE,53966,760
2021-03-24,KENT,15170,322
2021-03-23,UNKNOWN,201,0
2021-03-23,SUSSEX,23456,453
2021-03-23,NEW-CASTLE,53818,760
2021-03-23,KENT,15134,322
2021-03-22,UNKNOWN,201,0
2021-03-22,SUSSEX,23438,452
2021-03-22,NEW-CASTLE,53672,759
2021-03-22,KENT,15118,320
2021-03-21,UNKNOWN,201,0
2021-03-21,SUSSEX,23423,452
2021-03-21,NEW-CASTLE,53561,757
2021-03-21,KENT,15102,320
2021-03-20,UNKNOWN,201,0
2021-03-20,SUSSEX,23379,452
2021-03-20,NEW-CASTLE,53323,756
2021-03-20,KENT,15039,318
2021-03-19,UNKNOWN,200,0
2021-03-19,SUSSEX,23308,451
2021-03-19,NEW-CASTLE,53148,753
2021-03-19,KENT,14979,318
2021-03-18,UNKNOWN,199,0
2021-03-18,SUSSEX,23291,451
2021-03-18,NEW-CASTLE,52986,749
2021-03-18,KENT,14949,317
2021-03-17,UNKNOWN,199,0
2021-03-17,SUSSEX,23248,451
2021-03-17,NEW-CASTLE,52763,748
2021-03-17,KENT,14913,317
2021-03-16,UNKNOWN,200,0
2021-03-16,SUSSEX,23176,451
2021-03-16,NEW-CASTLE,52512,747
2021-03-16,KENT,14863,316
2021-03-15,UNKNOWN,199,0
2021-03-15,SUSSEX,23158,450
2021-03-15,NEW-CASTLE,52413,746
2021-03-15,KENT,14844,315
2021-03-14,UNKNOWN,199,0
2021-03-14,SUSSEX,23125,449
2021-03-14,NEW-CASTLE,52228,746
2021-03-14,KENT,14829,312
2021-03-13,UNKNOWN,199,0
2021-03-13,SUSSEX,23073,448
2021-03-13,NEW-CASTLE,52084,745
2021-03-13,KENT,14800,311
2021-03-12,UNKNOWN,199,0
2021-03-12,SUSSEX,23047,446
2021-03-12,NEW-CASTLE,51890,741
2021-03-12,KENT,14775,309
2021-03-11,UNKNOWN,199,0
2021-03-11,SUSSEX,23023,446
2021-03-11,NEW-CASTLE,51712,739
2021-03-11,KENT,14746,309
2021-03-10,UNKNOWN,197,0
2021-03-10,SUSSEX,22993,446
2021-03-10,NEW-CASTLE,50991,737
2021-03-10,KENT,14710,309
2021-03-09,UNKNOWN,195,0
2021-03-09,SUSSEX,22962,442
2021-03-09,NEW-CASTLE,50844,732
2021-03-09,KENT,14678,308
2021-03-08,UNKNOWN,195,0
2021-03-08,SUSSEX,22949,441
2021-03-08,NEW-CASTLE,50757,730
2021-03-08,KENT,14662,304
2021-03-07,UNKNOWN,195,0
2021-03-07,SUSSEX,22918,441
2021-03-07,NEW-CASTLE,50614,728
2021-03-07,KENT,14627,304
2021-03-06,UNKNOWN,195,0
2021-03-06,SUSSEX,22890,440
2021-03-06,NEW-CASTLE,50449,722
2021-03-06,KENT,14605,302
2021-03-05,UNKNOWN,195,0
2021-03-05,SUSSEX,22847,436
2021-03-05,NEW-CASTLE,50278,715
2021-03-05,KENT,14554,302
2021-03-04,UNKNOWN,195,0
2021-03-04,SUSSEX,22802,436
2021-03-04,NEW-CASTLE,50129,709
2021-03-04,KENT,14517,299
2021-03-03,UNKNOWN,195,0
2021-03-03,SUSSEX,22785,436
2021-03-03,NEW-CASTLE,49967,707
2021-03-03,KENT,14478,297
2021-03-02,UNKNOWN,195,0
2021-03-02,SUSSEX,22744,433
2021-03-02,NEW-CASTLE,49817,697
2021-03-02,KENT,14437,296
2021-03-01,UNKNOWN,194,0
2021-03-01,SUSSEX,22725,432
2021-03-01,NEW-CASTLE,49741,695
2021-03-01,KENT,14420,295
2021-02-28,UNKNOWN,194,0
2021-02-28,SUSSEX,22694,432
2021-02-28,NEW-CASTLE,49523,695
2021-02-28,KENT,14388,295
2021-02-27,UNKNOWN,194,0
2021-02-27,SUSSEX,22664,431
2021-02-27,NEW-CASTLE,49304,692
2021-02-27,KENT,14355,295
2021-02-26,UNKNOWN,194,0
2021-02-26,SUSSEX,22590,431
2021-02-26,NEW-CASTLE,49019,692
2021-02-26,KENT,14295,295
2021-02-25,UNKNOWN,194,0
2021-02-25,SUSSEX,22526,431
2021-02-25,NEW-CASTLE,48833,683
2021-02-25,KENT,14248,292
2021-02-24,UNKNOWN,193,0
2021-02-24,SUSSEX,22467,430
2021-02-24,NEW-CASTLE,48647,682
2021-02-24,KENT,14199,290
2021-02-23,UNKNOWN,190,0
2021-02-23,SUSSEX,22398,424
2021-02-23,NEW-CASTLE,48493,666
2021-02-23,KENT,14147,289
2021-02-22,UNKNOWN,190,0
2021-02-22,SUSSEX,22368,420
2021-02-22,NEW-CASTLE,48396,661
2021-02-22,KENT,14136,287
2021-02-21,UNKNOWN,190,0
2021-02-21,SUSSEX,22311,420
2021-02-21,NEW-CASTLE,48142,660
2021-02-21,KENT,14089,287
2021-02-20,UNKNOWN,189,0
2021-02-20,SUSSEX,22253,420
2021-02-20,NEW-CASTLE,48047,659
2021-02-20,KENT,14042,287
2021-02-19,UNKNOWN,188,0
2021-02-19,SUSSEX,22195,418
2021-02-19,NEW-CASTLE,47842,644
2021-02-19,KENT,13956,281
2021-02-18,UNKNOWN,190,0
2021-02-18,SUSSEX,22148,412
2021-02-18,NEW-CASTLE,47608,634
2021-02-18,KENT,13906,280
2021-02-17,UNKNOWN,189,0
2021-02-17,SUSSEX,22095,409
2021-02-17,NEW-CASTLE,47465,629
2021-02-17,KENT,13832,278
2021-02-16,UNKNOWN,188,0
2021-02-16,SUSSEX,22046,402
2021-02-16,NEW-CASTLE,47349,617
2021-02-16,KENT,13786,272
2021-02-15,UNKNOWN,188,0
2021-02-15,SUSSEX,22017,397
2021-02-15,NEW-CASTLE,47278,614
2021-02-15,KENT,13756,272
2021-02-14,UNKNOWN,188,0
2021-02-14,SUSSEX,21945,397
2021-02-14,NEW-CASTLE,47134,614
2021-02-14,KENT,13736,272
2021-02-13,UNKNOWN,187,0
2021-02-13,SUSSEX,21858,397
2021-02-13,NEW-CASTLE,46949,614
2021-02-13,KENT,13678,271
2021-02-12,UNKNOWN,186,0
2021-02-12,SUSSEX,21773,392
2021-02-12,NEW-CASTLE,46681,610
2021-02-12,KENT,13623,267
2021-02-11,UNKNOWN,185,0
2021-02-11,SUSSEX,21683,391
2021-02-11,NEW-CASTLE,46455,605
2021-02-11,KENT,13552,266
2021-02-10,UNKNOWN,184,0
2021-02-10,SUSSEX,21570,391
2021-02-10,NEW-CASTLE,46237,591
2021-02-10,KENT,13470,263
2021-02-09,UNKNOWN,184,0
2021-02-09,SUSSEX,21532,387
2021-02-09,NEW-CASTLE,46076,575
2021-02-09,KENT,13418,259
2021-02-08,UNKNOWN,183,0
2021-02-08,SUSSEX,21442,383
2021-02-08,NEW-CASTLE,45935,570
2021-02-08,KENT,13371,255
2021-02-07,UNKNOWN,183,0
2021-02-07,SUSSEX,21339,383
2021-02-07,NEW-CASTLE,45742,570
2021-02-07,KENT,13330,255
2021-02-06,UNKNOWN,181,0
2021-02-06,SUSSEX,21158,381
2021-02-06,NEW-CASTLE,45277,569
2021-02-06,KENT,13216,252
2021-02-05,UNKNOWN,180,0
2021-02-05,SUSSEX,21092,376
2021-02-05,NEW-CASTLE,45112,566
2021-02-05,KENT,13162,249
2021-02-04,UNKNOWN,179,0
2021-02-04,SUSSEX,21018,357
2021-02-04,NEW-CASTLE,44932,563
2021-02-04,KENT,13096,215
2021-02-03,UNKNOWN,178,0
2021-02-03,SUSSEX,20940,356
2021-02-03,NEW-CASTLE,44833,561
2021-02-03,KENT,13031,213
2021-02-02,UNKNOWN,182,0
2021-02-02,SUSSEX,20867,349
2021-02-02,NEW-CASTLE,44683,553
2021-02-02,KENT,12964,206
2021-02-01,UNKNOWN,183,0
2021-02-01,SUSSEX,20824,349
2021-02-01,NEW-CASTLE,44570,549
2021-02-01,KENT,12918,203
2021-01-31,UNKNOWN,182,0
2021-01-31,SUSSEX,20728,348
2021-01-31,NEW-CASTLE,44340,540
2021-01-31,KENT,12821,202
2021-01-30,UNKNOWN,182,0
2021-01-30,SUSSEX,20550,344
2021-01-30,NEW-CASTLE,44073,538
2021-01-30,KENT,12746,199
2021-01-29,UNKNOWN,177,0
2021-01-29,SUSSEX,20361,343
2021-01-29,NEW-CASTLE,43763,538
2021-01-29,KENT,12634,197
2021-01-28,UNKNOWN,177,0
2021-01-28,SUSSEX,20256,342
2021-01-28,NEW-CASTLE,43541,536
2021-01-28,KENT,12521,197
2021-01-27,UNKNOWN,175,0
2021-01-27,SUSSEX,20092,340
2021-01-27,NEW-CASTLE,43190,535
2021-01-27,KENT,12375,197
2021-01-26,UNKNOWN,174,0
2021-01-26,SUSSEX,19985,340
2021-01-26,NEW-CASTLE,43025,532
2021-01-26,KENT,12306,193
2021-01-25,UNKNOWN,175,0
2021-01-25,SUSSEX,19903,336
2021-01-25,NEW-CASTLE,42872,522
2021-01-25,KENT,12241,191
2021-01-24,UNKNOWN,174,0
2021-01-24,SUSSEX,19745,328
2021-01-24,NEW-CASTLE,42499,522
2021-01-24,KENT,12157,191
2021-01-23,UNKNOWN,173,0
2021-01-23,SUSSEX,19545,325
2021-01-23,NEW-CASTLE,42180,521
2021-01-23,KENT,12017,190
2021-01-22,UNKNOWN,172,0
2021-01-22,SUSSEX,19372,321
2021-01-22,NEW-CASTLE,41819,519
2021-01-22,KENT,11870,187
2021-01-21,UNKNOWN,166,0
2021-01-21,SUSSEX,19148,321
2021-01-21,NEW-CASTLE,41472,519
2021-01-21,KENT,11737,187
2021-01-20,UNKNOWN,166,0
2021-01-20,SUSSEX,18977,321
2021-01-20,NEW-CASTLE,41012,518
2021-01-20,KENT,11620,187
2021-01-19,UNKNOWN,166,0
2021-01-19,SUSSEX,18844,320
2021-01-19,NEW-CASTLE,40753,514
2021-01-19,KENT,11548,187
2021-01-18,UNKNOWN,164,0
2021-01-18,SUSSEX,18762,320
2021-01-18,NEW-CASTLE,40497,509
2021-01-18,KENT,11487,187
2021-01-17,UNKNOWN,162,0
2021-01-17,SUSSEX,18570,320
2021-01-17,NEW-CASTLE,40199,509
2021-01-17,KENT,11363,187
2021-01-16,UNKNOWN,160,0
2021-01-16,SUSSEX,18328,320
2021-01-16,NEW-CASTLE,39678,509
2021-01-16,KENT,11206,187
2021-01-15,UNKNOWN,158,0
2021-01-15,SUSSEX,18142,317
2021-01-15,NEW-CASTLE,39339,499
2021-01-15,KENT,11088,186
2021-01-14,UNKNOWN,157,0
2021-01-14,SUSSEX,17983,316
2021-01-14,NEW-CASTLE,38955,496
2021-01-14,KENT,10970,183
2021-01-13,UNKNOWN,155,0
2021-01-13,SUSSEX,17758,316
2021-01-13,NEW-CASTLE,38451,495
2021-01-13,KENT,10809,183
2021-01-12,UNKNOWN,154,0
2021-01-12,SUSSEX,17579,316
2021-01-12,NEW-CASTLE,38033,493
2021-01-12,KENT,10680,182
2021-01-11,UNKNOWN,154,0
2021-01-11,SUSSEX,17419,316
2021-01-11,NEW-CASTLE,37674,488
2021-01-11,KENT,10580,182
2021-01-10,UNKNOWN,154,0
2021-01-10,SUSSEX,17252,312
2021-01-10,NEW-CASTLE,37396,480
2021-01-10,KENT,10471,180
2021-01-09,UNKNOWN,151,0
2021-01-09,SUSSEX,17045,312
2021-01-09,NEW-CASTLE,36913,480
2021-01-09,KENT,10366,177
2021-01-08,UNKNOWN,148,0
2021-01-08,SUSSEX,16715,310
2021-01-08,NEW-CASTLE,36424,476
2021-01-08,KENT,10216,171
2021-01-07,UNKNOWN,149,0
2021-01-07,SUSSEX,16515,304
2021-01-07,NEW-CASTLE,36188,474
2021-01-07,KENT,10097,171
2021-01-06,UNKNOWN,144,0
2021-01-06,SUSSEX,16205,304
2021-01-06,NEW-CASTLE,35434,472
2021-01-06,KENT,9946,171
2021-01-05,UNKNOWN,140,0
2021-01-05,SUSSEX,16022,304
2021-01-05,NEW-CASTLE,35085,472
2021-01-05,KENT,9853,171
2021-01-04,UNKNOWN,140,0
2021-01-04,SUSSEX,15819,301
2021-01-04,NEW-CASTLE,34641,468
2021-01-04,KENT,9733,168
2021-01-03,UNKNOWN,139,0
2021-01-03,SUSSEX,15563,298
2021-01-03,NEW-CASTLE,34182,464
2021-01-03,KENT,9600,168
2021-01-02,UNKNOWN,136,0
2021-01-02,SUSSEX,15396,298
2021-01-02,NEW-CASTLE,33852,464
2021-01-02,KENT,9489,168
2021-01-01,UNKNOWN,136,0
2021-01-01,SUSSEX,15166,298
2021-01-01,NEW-CASTLE,33433,464
2021-01-01,KENT,9329,168
2020-12-31,UNKNOWN,136,0
2020-12-31,SUSSEX,14936,297
2020-12-31,NEW-CASTLE,33211,462
2020-12-31,KENT,9173,167
2020-12-30,UNKNOWN,133,0
2020-12-30,SUSSEX,14758,296
2020-12-30,NEW-CASTLE,32686,460
2020-12-30,KENT,9019,165
2020-12-29,UNKNOWN,135,0
2020-12-29,SUSSEX,14689,291
2020-12-29,NEW-CASTLE,32426,449
2020-12-29,KENT,8939,158
2020-12-28,UNKNOWN,132,0
2020-12-28,SUSSEX,14555,291
2020-12-28,NEW-CASTLE,31963,449
2020-12-28,KENT,8838,158
2020-12-27,UNKNOWN,131,0
2020-12-27,SUSSEX,14458,291
2020-12-27,NEW-CASTLE,31697,448
2020-12-27,KENT,8771,158
2020-12-26,UNKNOWN,124,0
2020-12-26,SUSSEX,14325,290
2020-12-26,NEW-CASTLE,31370,447
2020-12-26,KENT,8654,158
2020-12-25,UNKNOWN,123,0
2020-12-25,SUSSEX,14129,289
2020-12-25,NEW-CASTLE,30964,444
2020-12-25,KENT,8437,158
2020-12-24,UNKNOWN,122,0
2020-12-24,SUSSEX,14021,289
2020-12-24,NEW-CASTLE,30526,441
2020-12-24,KENT,8346,158
2020-12-23,UNKNOWN,121,0
2020-12-23,SUSSEX,13815,286
2020-12-23,NEW-CASTLE,30058,429
2020-12-23,KENT,8241,157
2020-12-22,UNKNOWN,122,0
2020-12-22,SUSSEX,13727,286
2020-12-22,NEW-CASTLE,29647,429
2020-12-22,KENT,8127,157
2020-12-21,UNKNOWN,119,0
2020-12-21,SUSSEX,13611,286
2020-12-21,NEW-CASTLE,29300,428
2020-12-21,KENT,8026,157
2020-12-20,UNKNOWN,120,0
2020-12-20,SUSSEX,13460,284
2020-12-20,NEW-CASTLE,29126,422
2020-12-20,KENT,7910,156
2020-12-19,UNKNOWN,120,0
2020-12-19,SUSSEX,13318,284
2020-12-19,NEW-CASTLE,28869,422
2020-12-19,KENT,7829,152
2020-12-18,UNKNOWN,119,0
2020-12-18,SUSSEX,13079,282
2020-12-18,NEW-CASTLE,28235,421
2020-12-18,KENT,7676,151
2020-12-17,UNKNOWN,118,0
2020-12-17,SUSSEX,12976,280
2020-12-17,NEW-CASTLE,28075,418
2020-12-17,KENT,7599,147
2020-12-16,UNKNOWN,105,0
2020-12-16,SUSSEX,12780,276
2020-12-16,NEW-CASTLE,27602,411
2020-12-16,KENT,7442,146
2020-12-15,UNKNOWN,103,0
2020-12-15,SUSSEX,12651,273
2020-12-15,NEW-CASTLE,27095,409
2020-12-15,KENT,7293,144
2020-12-14,UNKNOWN,98,0
2020-12-14,SUSSEX,12526,271
2020-12-14,NEW-CASTLE,26653,403
2020-12-14,KENT,7180,142
2020-12-13,UNKNOWN,96,0
2020-12-13,SUSSEX,12286,271
2020-12-13,NEW-CASTLE,26089,403
2020-12-13,KENT,6989,142
2020-12-12,UNKNOWN,94,0
2020-12-12,SUSSEX,12108,271
2020-12-12,NEW-CASTLE,25771,402
2020-12-12,KENT,6903,142
2020-12-11,UNKNOWN,93,0
2020-12-11,SUSSEX,11912,270
2020-12-11,NEW-CASTLE,25107,398
2020-12-11,KENT,6706,139
2020-12-10,UNKNOWN,93,0
2020-12-10,SUSSEX,11702,269
2020-12-10,NEW-CASTLE,24705,398
2020-12-10,KENT,6536,139
2020-12-09,UNKNOWN,94,0
2020-12-09,SUSSEX,11618,269
2020-12-09,NEW-CASTLE,24250,395
2020-12-09,KENT,6431,139
2020-12-08,UNKNOWN,97,0
2020-12-08,SUSSEX,11499,269
2020-12-08,NEW-CASTLE,23576,395
2020-12-08,KENT,6292,139
2020-12-07,UNKNOWN,97,0
2020-12-07,SUSSEX,11355,268
2020-12-07,NEW-CASTLE,23109,392
2020-12-07,KENT,6150,133
2020-12-06,UNKNOWN,97,0
2020-12-06,SUSSEX,11165,268
2020-12-06,NEW-CASTLE,22705,392
2020-12-06,KENT,5945,133
2020-12-05,UNKNOWN,96,0
2020-12-05,SUSSEX,11007,264
2020-12-05,NEW-CASTLE,22204,385
2020-12-05,KENT,5789,133
2020-12-04,UNKNOWN,95,0
2020-12-04,SUSSEX,10899,264
2020-12-04,NEW-CASTLE,21753,385
2020-12-04,KENT,5651,133
2020-12-03,UNKNOWN,94,0
2020-12-03,SUSSEX,10746,264
2020-12-03,NEW-CASTLE,21211,383
2020-12-03,KENT,5405,132
2020-12-02,UNKNOWN,95,0
2020-12-02,SUSSEX,10620,264
2020-12-02,NEW-CASTLE,20700,383
2020-12-02,KENT,5283,132
2020-12-01,UNKNOWN,94,0
2020-12-01,SUSSEX,10558,263
2020-12-01,NEW-CASTLE,20501,382
2020-12-01,KENT,5190,132
2020-11-30,UNKNOWN,111,0
2020-11-30,SUSSEX,10436,262
2020-11-30,NEW-CASTLE,20004,381
2020-11-30,KENT,5103,129
2020-11-29,UNKNOWN,111,0
2020-11-29,SUSSEX,10377,263
2020-11-29,NEW-CASTLE,19788,379
2020-11-29,KENT,4975,128
2020-11-28,UNKNOWN,109,0
2020-11-28,SUSSEX,10253,259
2020-11-28,NEW-CASTLE,19409,376
2020-11-28,KENT,4899,128
2020-11-27,UNKNOWN,109,0
2020-11-27,SUSSEX,10175,259
2020-11-27,NEW-CASTLE,19088,376
2020-11-27,KENT,4798,128
2020-11-26,UNKNOWN,108,0
2020-11-26,SUSSEX,10069,258
2020-11-26,NEW-CASTLE,18709,376
2020-11-26,KENT,4693,127
2020-11-25,UNKNOWN,105,0
2020-11-25,SUSSEX,9918,258
2020-11-25,NEW-CASTLE,18359,375
2020-11-25,KENT,4613,127
2020-11-24,UNKNOWN,105,0
2020-11-24,SUSSEX,9876,257
2020-11-24,NEW-CASTLE,18121,375
2020-11-24,KENT,4562,125
2020-11-23,UNKNOWN,100,0
2020-11-23,SUSSEX,9793,257
2020-11-23,NEW-CASTLE,17820,372
2020-11-23,KENT,4498,123
2020-11-22,UNKNOWN,100,0
2020-11-22,SUSSEX,9682,255
2020-11-22,NEW-CASTLE,17587,370
2020-11-22,KENT,4439,123
2020-11-21,UNKNOWN,99,0
2020-11-21,SUSSEX,9585,253
2020-11-21,NEW-CASTLE,17262,370
2020-11-21,KENT,4375,123
2020-11-20,UNKNOWN,99,0
2020-11-20,SUSSEX,9493,253
2020-11-20,NEW-CASTLE,16900,370
2020-11-20,KENT,4324,123
2020-11-19,UNKNOWN,97,0
2020-11-19,SUSSEX,9341,251
2020-11-19,NEW-CASTLE,16490,369
2020-11-19,KENT,4225,122
2020-11-18,UNKNOWN,96,0
2020-11-18,SUSSEX,9247,251
2020-11-18,NEW-CASTLE,16240,369
2020-11-18,KENT,4172,122
2020-11-17,UNKNOWN,95,0
2020-11-17,SUSSEX,9194,250
2020-11-17,NEW-CASTLE,16123,367
2020-11-17,KENT,4140,122
2020-11-16,UNKNOWN,95,0
2020-11-16,SUSSEX,9139,248
2020-11-16,NEW-CASTLE,15866,366
2020-11-16,KENT,4100,122
2020-11-15,UNKNOWN,95,0
2020-11-15,SUSSEX,9035,248
2020-11-15,NEW-CASTLE,15629,366
2020-11-15,KENT,4044,122
2020-11-14,UNKNOWN,95,0
2020-11-14,SUSSEX,8932,248
2020-11-14,NEW-CASTLE,15341,366
2020-11-14,KENT,4027,122
2020-11-13,UNKNOWN,93,0
2020-11-13,SUSSEX,8854,247
2020-11-13,NEW-CASTLE,15113,365
2020-11-13,KENT,3956,122
2020-11-12,UNKNOWN,93,0
2020-11-12,SUSSEX,8752,245
2020-11-12,NEW-CASTLE,14800,365
2020-11-12,KENT,3901,122
2020-11-11,UNKNOWN,93,0
2020-11-11,SUSSEX,8700,243
2020-11-11,NEW-CASTLE,14675,359
2020-11-11,KENT,3874,122
2020-11-10,UNKNOWN,93,0
2020-11-10,SUSSEX,8645,241
2020-11-10,NEW-CASTLE,14545,359
2020-11-10,KENT,3829,122
2020-11-09,UNKNOWN,93,0
2020-11-09,SUSSEX,8589,241
2020-11-09,NEW-CASTLE,14414,356
2020-11-09,KENT,3812,122
2020-11-08,UNKNOWN,93,0
2020-11-08,SUSSEX,8528,241
2020-11-08,NEW-CASTLE,14204,355
2020-11-08,KENT,3778,122
2020-11-07,UNKNOWN,92,0
2020-11-07,SUSSEX,8461,240
2020-11-07,NEW-CASTLE,13964,354
2020-11-07,KENT,3741,122
2020-11-06,UNKNOWN,92,0
2020-11-06,SUSSEX,8408,240
2020-11-06,NEW-CASTLE,13818,354
2020-11-06,KENT,3717,122
2020-11-05,UNKNOWN,91,0
2020-11-05,SUSSEX,8342,240
2020-11-05,NEW-CASTLE,13639,354
2020-11-05,KENT,3681,122
2020-11-04,UNKNOWN,92,0
2020-11-04,SUSSEX,8299,236
2020-11-04,NEW-CASTLE,13507,354
2020-11-04,KENT,3636,122
2020-11-03,UNKNOWN,91,0
2020-11-03,SUSSEX,8255,236
2020-11-03,NEW-CASTLE,13451,354
2020-11-03,KENT,3629,122
2020-11-02,UNKNOWN,91,0
2020-11-02,SUSSEX,8213,236
2020-11-02,NEW-CASTLE,13394,353
2020-11-02,KENT,3613,121
2020-11-01,UNKNOWN,91,0
2020-11-01,SUSSEX,8170,236
2020-11-01,NEW-CASTLE,13259,353
2020-11-01,KENT,3606,121
2020-10-31,UNKNOWN,91,0
2020-10-31,SUSSEX,8099,235
2020-10-31,NEW-CASTLE,13192,353
2020-10-31,KENT,3569,120
2020-10-30,UNKNOWN,91,0
2020-10-30,SUSSEX,8036,233
2020-10-30,NEW-CASTLE,13079,351
2020-10-30,KENT,3545,120
2020-10-29,UNKNOWN,91,0
2020-10-29,SUSSEX,7968,228
2020-10-29,NEW-CASTLE,12989,341
2020-10-29,KENT,3505,120
2020-10-28,UNKNOWN,91,0
2020-10-28,SUSSEX,7925,228
2020-10-28,NEW-CASTLE,12895,340
2020-10-28,KENT,3481,120
2020-10-27,UNKNOWN,91,0
2020-10-27,SUSSEX,7882,226
2020-10-27,NEW-CASTLE,12814,340
2020-10-27,KENT,3462,120
2020-10-26,UNKNOWN,91,0
2020-10-26,SUSSEX,7854,226
2020-10-26,NEW-CASTLE,12776,339
2020-10-26,KENT,3447,120
2020-10-25,UNKNOWN,91,0
2020-10-25,SUSSEX,7802,222
2020-10-25,NEW-CASTLE,12646,339
2020-10-25,KENT,3422,120
2020-10-24,UNKNOWN,91,0
2020-10-24,SUSSEX,7770,221
2020-10-24,NEW-CASTLE,12579,339
2020-10-24,KENT,3407,120
2020-10-23,UNKNOWN,91,0
2020-10-23,SUSSEX,7711,219
2020-10-23,NEW-CASTLE,12491,339
2020-10-23,KENT,3394,120
2020-10-22,UNKNOWN,91,0
2020-10-22,SUSSEX,7660,216
2020-10-22,NEW-CASTLE,12401,335
2020-10-22,KENT,3376,119
2020-10-21,UNKNOWN,91,0
2020-10-21,SUSSEX,7609,216
2020-10-21,NEW-CASTLE,12311,335
2020-10-21,KENT,3364,119
2020-10-20,UNKNOWN,91,0
2020-10-20,SUSSEX,7593,215
2020-10-20,NEW-CASTLE,12277,334
2020-10-20,KENT,3364,119
2020-10-19,UNKNOWN,91,0
2020-10-19,SUSSEX,7560,214
2020-10-19,NEW-CASTLE,12200,333
2020-10-19,KENT,3345,119
2020-10-18,UNKNOWN,91,0
2020-10-18,SUSSEX,7518,214
2020-10-18,NEW-CASTLE,12153,332
2020-10-18,KENT,3331,119
2020-10-17,UNKNOWN,91,0
2020-10-17,SUSSEX,7476,213
2020-10-17,NEW-CASTLE,12059,332
2020-10-17,KENT,3316,119
2020-10-16,UNKNOWN,91,0
2020-10-16,SUSSEX,7390,213
2020-10-16,NEW-CASTLE,11958,330
2020-10-16,KENT,3285,119
2020-10-15,UNKNOWN,91,0
2020-10-15,SUSSEX,7346,212
2020-10-15,NEW-CASTLE,11851,330
2020-10-15,KENT,3272,119
2020-10-14,UNKNOWN,91,0
2020-10-14,SUSSEX,7328,212
2020-10-14,NEW-CASTLE,11787,329
2020-10-14,KENT,3259,119
2020-10-13,UNKNOWN,91,0
2020-10-13,SUSSEX,7302,212
2020-10-13,NEW-CASTLE,11747,328
2020-10-13,KENT,3254,119
2020-10-12,UNKNOWN,91,0
2020-10-12,SUSSEX,7267,211
2020-10-12,NEW-CASTLE,11688,326
2020-10-12,KENT,3243,119
2020-10-11,UNKNOWN,91,0
2020-10-11,SUSSEX,7221,211
2020-10-11,NEW-CASTLE,11593,325
2020-10-11,KENT,3225,118
2020-10-10,UNKNOWN,91,0
2020-10-10,SUSSEX,7188,210
2020-10-10,NEW-CASTLE,11507,325
2020-10-10,KENT,3212,118
2020-10-09,UNKNOWN,90,0
2020-10-09,SUSSEX,7148,210
2020-10-09,NEW-CASTLE,11399,323
2020-10-09,KENT,3190,118
2020-10-08,UNKNOWN,90,0
2020-10-08,SUSSEX,7112,210
2020-10-08,NEW-CASTLE,11297,323
2020-10-08,KENT,3183,118
2020-10-07,UNKNOWN,90,0
2020-10-07,SUSSEX,7066,210
2020-10-07,NEW-CASTLE,11216,321
2020-10-07,KENT,3178,118
2020-10-06,UNKNOWN,90,0
2020-10-06,SUSSEX,7050,210
2020-10-06,NEW-CASTLE,11159,318
2020-10-06,KENT,3167,118
2020-10-05,UNKNOWN,90,0
2020-10-05,SUSSEX,7024,210
2020-10-05,NEW-CASTLE,11087,317
2020-10-05,KENT,3162,118
2020-10-04,UNKNOWN,90,0
2020-10-04,SUSSEX,6996,210
2020-10-04,NEW-CASTLE,11005,317
2020-10-04,KENT,3152,118
2020-10-03,UNKNOWN,90,0
2020-10-03,SUSSEX,6962,210
2020-10-03,NEW-CASTLE,10936,317
2020-10-03,KENT,3137,118
2020-10-02,UNKNOWN,90,0
2020-10-02,SUSSEX,6913,207
2020-10-02,NEW-CASTLE,10813,317
2020-10-02,KENT,3121,118
2020-10-01,UNKNOWN,491,0
2020-10-01,SUSSEX,6807,207
2020-10-01,NEW-CASTLE,10520,312
2020-10-01,KENT,2969,117
2020-09-30,UNKNOWN,491,0
2020-09-30,SUSSEX,6791,207
2020-09-30,NEW-CASTLE,10368,312
2020-09-30,KENT,2963,117
2020-09-29,UNKNOWN,491,0
2020-09-29,SUSSEX,6782,206
2020-09-29,NEW-CASTLE,10309,312
2020-09-29,KENT,2949,117
2020-09-28,UNKNOWN,493,0
2020-09-28,SUSSEX,6761,206
2020-09-28,NEW-CASTLE,10198,312
2020-09-28,KENT,2937,116
2020-09-27,UNKNOWN,489,0
2020-09-27,SUSSEX,6740,206
2020-09-27,NEW-CASTLE,10106,311
2020-09-27,KENT,2925,116
2020-09-26,UNKNOWN,489,0
2020-09-26,SUSSEX,6727,206
2020-09-26,NEW-CASTLE,10029,311
2020-09-26,KENT,2911,116
2020-09-25,UNKNOWN,487,0
2020-09-25,SUSSEX,6718,205
2020-09-25,NEW-CASTLE,9975,310
2020-09-25,KENT,2905,116
2020-09-24,UNKNOWN,488,0
2020-09-24,SUSSEX,6691,204
2020-09-24,NEW-CASTLE,9865,310
2020-09-24,KENT,2903,116
2020-09-23,UNKNOWN,482,0
2020-09-23,SUSSEX,6673,204
2020-09-23,NEW-CASTLE,9777,310
2020-09-23,KENT,2898,115
2020-09-22,UNKNOWN,482,0
2020-09-22,SUSSEX,6666,203
2020-09-22,NEW-CASTLE,9731,310
2020-09-22,KENT,2882,115
2020-09-21,UNKNOWN,480,0
2020-09-21,SUSSEX,6649,203
2020-09-21,NEW-CASTLE,9663,309
2020-09-21,KENT,2875,115
2020-09-20,UNKNOWN,480,0
2020-09-20,SUSSEX,6631,201
2020-09-20,NEW-CASTLE,9590,307
2020-09-20,KENT,2865,113
2020-09-19,UNKNOWN,476,0
2020-09-19,SUSSEX,6600,201
2020-09-19,NEW-CASTLE,9521,307
2020-09-19,KENT,2852,113
2020-09-18,UNKNOWN,477,0
2020-09-18,SUSSEX,6570,200
2020-09-18,NEW-CASTLE,9480,307
2020-09-18,KENT,2839,113
2020-09-17,UNKNOWN,479,0
2020-09-17,SUSSEX,6585,200
2020-09-17,NEW-CASTLE,9418,306
2020-09-17,KENT,2836,113
2020-09-16,UNKNOWN,478,0
2020-09-16,SUSSEX,6578,200
2020-09-16,NEW-CASTLE,9351,306
2020-09-16,KENT,2827,113
2020-09-15,UNKNOWN,493,0
2020-09-15,SUSSEX,6567,199
2020-09-15,NEW-CASTLE,9262,306
2020-09-15,KENT,2815,113
2020-09-14,UNKNOWN,470,0
2020-09-14,SUSSEX,6519,198
2020-09-14,NEW-CASTLE,9146,306
2020-09-14,KENT,2802,113
2020-09-13,UNKNOWN,465,0
2020-09-13,SUSSEX,6504,197
2020-09-13,NEW-CASTLE,9092,305
2020-09-13,KENT,2788,113
2020-09-12,UNKNOWN,464,0
2020-09-12,SUSSEX,6491,197
2020-09-12,NEW-CASTLE,8989,305
2020-09-12,KENT,2782,111
2020-09-11,UNKNOWN,461,0
2020-09-11,SUSSEX,6471,197
2020-09-11,NEW-CASTLE,8880,305
2020-09-11,KENT,2747,111
2020-09-10,UNKNOWN,461,0
2020-09-10,SUSSEX,6456,197
2020-09-10,NEW-CASTLE,8805,305
2020-09-10,KENT,2744,111
2020-09-09,UNKNOWN,455,0
2020-09-09,SUSSEX,6432,196
2020-09-09,NEW-CASTLE,8694,303
2020-09-09,KENT,2727,110
2020-09-08,UNKNOWN,455,0
2020-09-08,SUSSEX,6432,196
2020-09-08,NEW-CASTLE,8694,303
2020-09-08,KENT,2727,110
2020-09-07,UNKNOWN,453,0
2020-09-07,SUSSEX,6420,196
2020-09-07,NEW-CASTLE,8656,303
2020-09-07,KENT,2720,110
2020-09-06,UNKNOWN,334,0
2020-09-06,SUSSEX,6396,196
2020-09-06,NEW-CASTLE,8601,303
2020-09-06,KENT,2712,110
2020-09-05,UNKNOWN,303,0
2020-09-05,SUSSEX,6374,196
2020-09-05,NEW-CASTLE,8516,302
2020-09-05,KENT,2699,110
2020-09-04,UNKNOWN,294,0
2020-09-04,SUSSEX,6365,195
2020-09-04,NEW-CASTLE,8415,301
2020-09-04,KENT,2678,110
2020-09-03,UNKNOWN,292,0
2020-09-03,SUSSEX,6346,195
2020-09-03,NEW-CASTLE,8360,301
2020-09-03,KENT,2655,110
2020-09-02,UNKNOWN,290,0
2020-09-02,SUSSEX,6335,195
2020-09-02,NEW-CASTLE,8285,301
2020-09-02,KENT,2639,110
2020-09-01,UNKNOWN,289,0
2020-09-01,SUSSEX,6357,195
2020-09-01,NEW-CASTLE,8250,300
2020-09-01,KENT,2639,110
2020-08-31,UNKNOWN,285,0
2020-08-31,SUSSEX,6330,195
2020-08-31,NEW-CASTLE,8190,300
2020-08-31,KENT,2624,110
2020-08-30,UNKNOWN,279,0
2020-08-30,SUSSEX,6317,195
2020-08-30,NEW-CASTLE,8139,300
2020-08-30,KENT,2608,109
2020-08-29,UNKNOWN,278,0
2020-08-29,SUSSEX,6350,195
2020-08-29,NEW-CASTLE,8109,300
2020-08-29,KENT,2612,109
2020-08-28,UNKNOWN,279,0
2020-08-28,SUSSEX,6237,195
2020-08-28,NEW-CASTLE,7989,300
2020-08-28,KENT,2578,109
2020-08-27,UNKNOWN,275,0
2020-08-27,SUSSEX,6208,195
2020-08-27,NEW-CASTLE,7927,300
2020-08-27,KENT,2566,109
2020-08-26,UNKNOWN,276,0
2020-08-26,SUSSEX,6225,195
2020-08-26,NEW-CASTLE,7925,300
2020-08-26,KENT,2560,109
2020-08-25,UNKNOWN,277,0
2020-08-25,SUSSEX,6239,195
2020-08-25,NEW-CASTLE,7890,299
2020-08-25,KENT,2556,109
2020-08-24,UNKNOWN,275,0
2020-08-24,SUSSEX,6249,196
2020-08-24,NEW-CASTLE,7865,299
2020-08-24,KENT,2553,109
2020-08-23,UNKNOWN,273,0
2020-08-23,SUSSEX,6245,194
2020-08-23,NEW-CASTLE,7826,297
2020-08-23,KENT,2551,109
2020-08-22,UNKNOWN,272,0
2020-08-22,SUSSEX,6242,194
2020-08-22,NEW-CASTLE,7771,297
2020-08-22,KENT,2543,109
2020-08-21,UNKNOWN,269,0
2020-08-21,SUSSEX,6235,194
2020-08-21,NEW-CASTLE,7737,297
2020-08-21,KENT,2529,109
2020-08-20,UNKNOWN,267,0
2020-08-20,SUSSEX,6221,194
2020-08-20,NEW-CASTLE,7705,292
2020-08-20,KENT,2525,109
2020-08-19,UNKNOWN,264,0
2020-08-19,SUSSEX,6213,194
2020-08-19,NEW-CASTLE,7661,292
2020-08-19,KENT,2505,109
2020-08-18,UNKNOWN,264,0
2020-08-18,SUSSEX,6209,192
2020-08-18,NEW-CASTLE,7617,293
2020-08-18,KENT,2503,108
2020-08-17,UNKNOWN,263,0
2020-08-17,SUSSEX,6197,192
2020-08-17,NEW-CASTLE,7580,293
2020-08-17,KENT,2496,108
2020-08-16,UNKNOWN,261,0
2020-08-16,SUSSEX,6181,192
2020-08-16,NEW-CASTLE,7524,293
2020-08-16,KENT,2485,108
2020-08-15,UNKNOWN,259,0
2020-08-15,SUSSEX,6172,192
2020-08-15,NEW-CASTLE,7490,293
2020-08-15,KENT,2475,108
2020-08-14,UNKNOWN,260,0
2020-08-14,SUSSEX,6167,192
2020-08-14,NEW-CASTLE,7450,293
2020-08-14,KENT,2463,108
2020-08-13,UNKNOWN,258,0
2020-08-13,SUSSEX,5928,192
2020-08-13,NEW-CASTLE,7379,293
2020-08-13,KENT,2402,108
2020-08-12,UNKNOWN,256,0
2020-08-12,SUSSEX,5881,192
2020-08-12,NEW-CASTLE,7309,291
2020-08-12,KENT,2319,109
2020-08-11,UNKNOWN,250,0
2020-08-11,SUSSEX,5867,192
2020-08-11,NEW-CASTLE,7276,291
2020-08-11,KENT,2306,108
2020-08-10,UNKNOWN,249,0
2020-08-10,SUSSEX,5848,192
2020-08-10,NEW-CASTLE,7243,291
2020-08-10,KENT,2294,108
2020-08-09,UNKNOWN,243,0
2020-08-09,SUSSEX,5839,192
2020-08-09,NEW-CASTLE,7206,291
2020-08-09,KENT,2287,108
2020-08-08,UNKNOWN,243,0
2020-08-08,SUSSEX,5821,192
2020-08-08,NEW-CASTLE,7161,291
2020-08-08,KENT,2277,107
2020-08-07,UNKNOWN,244,0
2020-08-07,SUSSEX,5803,192
2020-08-07,NEW-CASTLE,7130,289
2020-08-07,KENT,2268,107
2020-08-06,UNKNOWN,240,0
2020-08-06,SUSSEX,5786,191
2020-08-06,NEW-CASTLE,7092,289
2020-08-06,KENT,2247,107
2020-08-05,UNKNOWN,238,0
2020-08-05,SUSSEX,5778,191
2020-08-05,NEW-CASTLE,7042,289
2020-08-05,KENT,2238,107
2020-08-04,UNKNOWN,232,0
2020-08-04,SUSSEX,5685,191
2020-08-04,NEW-CASTLE,6994,289
2020-08-04,KENT,2226,107
2020-08-03,UNKNOWN,229,0
2020-08-03,SUSSEX,5673,191
2020-08-03,NEW-CASTLE,6938,287
2020-08-03,KENT,2215,107
2020-08-02,UNKNOWN,226,0
2020-08-02,SUSSEX,5656,191
2020-08-02,NEW-CASTLE,6868,287
2020-08-02,KENT,2199,107
2020-08-01,UNKNOWN,221,0
2020-08-01,SUSSEX,5630,191
2020-08-01,NEW-CASTLE,6843,287
2020-08-01,KENT,2183,107
2020-07-31,UNKNOWN,219,0
2020-07-31,SUSSEX,5608,191
2020-07-31,NEW-CASTLE,6794,287
2020-07-31,KENT,2167,107
2020-07-30,UNKNOWN,212,0
2020-07-30,SUSSEX,5583,191
2020-07-30,NEW-CASTLE,6743,285
2020-07-30,KENT,2151,105
2020-07-29,UNKNOWN,203,0
2020-07-29,SUSSEX,5575,191
2020-07-29,NEW-CASTLE,6682,285
2020-07-29,KENT,2142,105
2020-07-28,UNKNOWN,192,0
2020-07-28,SUSSEX,5564,190
2020-07-28,NEW-CASTLE,6588,285
2020-07-28,KENT,2132,105
2020-07-27,UNKNOWN,192,0
2020-07-27,SUSSEX,5529,190
2020-07-27,NEW-CASTLE,6560,284
2020-07-27,KENT,2125,105
2020-07-26,UNKNOWN,187,0
2020-07-26,SUSSEX,5506,190
2020-07-26,NEW-CASTLE,6480,284
2020-07-26,KENT,2117,105
2020-07-25,UNKNOWN,182,0
2020-07-25,SUSSEX,5488,190
2020-07-25,NEW-CASTLE,6414,284
2020-07-25,KENT,2091,105
2020-07-24,UNKNOWN,184,0
2020-07-24,SUSSEX,5508,190
2020-07-24,NEW-CASTLE,6408,283
2020-07-24,KENT,2102,105
2020-07-23,UNKNOWN,163,0
2020-07-23,SUSSEX,5407,180
2020-07-23,NEW-CASTLE,6296,253
2020-07-23,KENT,2058,96
2020-07-22,UNKNOWN,161,0
2020-07-22,SUSSEX,5375,179
2020-07-22,NEW-CASTLE,6231,252
2020-07-22,KENT,2025,96
2020-07-21,UNKNOWN,158,0
2020-07-21,SUSSEX,5365,178
2020-07-21,NEW-CASTLE,6206,251
2020-07-21,KENT,2017,96
2020-07-20,UNKNOWN,153,0
2020-07-20,SUSSEX,5333,178
2020-07-20,NEW-CASTLE,6125,250
2020-07-20,KENT,2013,95
2020-07-19,UNKNOWN,145,0
2020-07-19,SUSSEX,5304,178
2020-07-19,NEW-CASTLE,6070,250
2020-07-19,KENT,2000,95
2020-07-18,UNKNOWN,142,0
2020-07-18,SUSSEX,5264,178
2020-07-18,NEW-CASTLE,6028,250
2020-07-18,KENT,1995,95
2020-07-17,UNKNOWN,134,0
2020-07-17,SUSSEX,5244,178
2020-07-17,NEW-CASTLE,5981,249
2020-07-17,KENT,1978,94
2020-07-16,UNKNOWN,121,0
2020-07-16,SUSSEX,5171,178
2020-07-16,NEW-CASTLE,5935,249
2020-07-16,KENT,1887,94
2020-07-15,UNKNOWN,117,0
2020-07-15,SUSSEX,5153,178
2020-07-15,NEW-CASTLE,5904,249
2020-07-15,KENT,1876,94
2020-07-14,UNKNOWN,114,0
2020-07-14,SUSSEX,5130,177
2020-07-14,NEW-CASTLE,5860,249
2020-07-14,KENT,1865,92
2020-07-13,UNKNOWN,106,0
2020-07-13,SUSSEX,5119,176
2020-07-13,NEW-CASTLE,5797,249
2020-07-13,KENT,1857,92
2020-07-12,UNKNOWN,104,0
2020-07-12,SUSSEX,5093,176
2020-07-12,NEW-CASTLE,5759,249
2020-07-12,KENT,1848,92
2020-07-11,UNKNOWN,106,0
2020-07-11,SUSSEX,5076,176
2020-07-11,NEW-CASTLE,5732,249
2020-07-11,KENT,1829,92
2020-07-10,UNKNOWN,104,0
2020-07-10,SUSSEX,5045,176
2020-07-10,NEW-CASTLE,5688,249
2020-07-10,KENT,1815,92
2020-07-09,UNKNOWN,102,0
2020-07-09,SUSSEX,5008,176
2020-07-09,NEW-CASTLE,5626,249
2020-07-09,KENT,1795,92
2020-07-08,UNKNOWN,101,0
2020-07-08,SUSSEX,4988,175
2020-07-08,NEW-CASTLE,5583,248
2020-07-08,KENT,1790,92
2020-07-07,UNKNOWN,98,0
2020-07-07,SUSSEX,4977,175
2020-07-07,NEW-CASTLE,5555,247
2020-07-07,KENT,1784,92
2020-07-06,UNKNOWN,91,0
2020-07-06,SUSSEX,4952,175
2020-07-06,NEW-CASTLE,5489,245
2020-07-06,KENT,1761,92
2020-07-05,UNKNOWN,81,0
2020-07-05,SUSSEX,4903,175
2020-07-05,NEW-CASTLE,5398,245
2020-07-05,KENT,1746,92
2020-07-04,UNKNOWN,73,0
2020-07-04,SUSSEX,4854,175
2020-07-04,NEW-CASTLE,5334,245
2020-07-04,KENT,1735,92
2020-07-03,UNKNOWN,69,0
2020-07-03,SUSSEX,4847,175
2020-07-03,NEW-CASTLE,5277,245
2020-07-03,KENT,1730,92
2020-07-02,UNKNOWN,53,0
2020-07-02,SUSSEX,4779,175
2020-07-02,NEW-CASTLE,5183,245
2020-07-02,KENT,1716,90
2020-07-01,UNKNOWN,42,0
2020-07-01,SUSSEX,4690,176
2020-07-01,NEW-CASTLE,5079,243
2020-07-01,KENT,1699,90
2020-06-30,UNKNOWN,38,0
2020-06-30,SUSSEX,4681,176
2020-06-30,NEW-CASTLE,5065,244
2020-06-30,KENT,1690,89
2020-06-29,UNKNOWN,36,0
2020-06-29,SUSSEX,4637,176
2020-06-29,NEW-CASTLE,5031,242
2020-06-29,KENT,1672,89
2020-06-28,UNKNOWN,30,0
2020-06-28,SUSSEX,4608,176
2020-06-28,NEW-CASTLE,4925,242
2020-06-28,KENT,1663,89
2020-06-27,UNKNOWN,26,0
2020-06-27,SUSSEX,4542,176
2020-06-27,NEW-CASTLE,4871,242
2020-06-27,KENT,1652,89
2020-06-26,UNKNOWN,23,0
2020-06-26,SUSSEX,4519,176
2020-06-26,NEW-CASTLE,4840,242
2020-06-26,KENT,1635,89
2020-06-25,UNKNOWN,21,0
2020-06-25,SUSSEX,4538,176
2020-06-25,NEW-CASTLE,4791,242
2020-06-25,KENT,1630,89
2020-06-24,UNKNOWN,19,0
2020-06-24,SUSSEX,4522,176
2020-06-24,NEW-CASTLE,4720,240
2020-06-24,KENT,1628,89
2020-06-23,UNKNOWN,17,0
2020-06-23,SUSSEX,4509,176
2020-06-23,NEW-CASTLE,4697,239
2020-06-23,KENT,1624,89
2020-06-22,UNKNOWN,17,0
2020-06-22,SUSSEX,4501,154
2020-06-22,NEW-CASTLE,4682,197
2020-06-22,KENT,1620,84
2020-06-21,UNKNOWN,20,0
2020-06-21,SUSSEX,4495,154
2020-06-21,NEW-CASTLE,4647,197
2020-06-21,KENT,1613,84
2020-06-20,UNKNOWN,19,0
2020-06-20,SUSSEX,4487,153
2020-06-20,NEW-CASTLE,4569,197
2020-06-20,KENT,1606,84
2020-06-19,UNKNOWN,17,0
2020-06-19,SUSSEX,4470,153
2020-06-19,NEW-CASTLE,4522,196
2020-06-19,KENT,1602,84
2020-06-18,UNKNOWN,14,0
2020-06-18,SUSSEX,4431,152
2020-06-18,NEW-CASTLE,4470,195
2020-06-18,KENT,1584,84
2020-06-17,UNKNOWN,14,0
2020-06-17,SUSSEX,4429,151
2020-06-17,NEW-CASTLE,4422,191
2020-06-17,KENT,1579,84
2020-06-16,UNKNOWN,16,0
2020-06-16,SUSSEX,4428,150
2020-06-16,NEW-CASTLE,4386,190
2020-06-16,KENT,1573,84
2020-06-15,UNKNOWN,14,0
2020-06-15,SUSSEX,4416,150
2020-06-15,NEW-CASTLE,4345,190
2020-06-15,KENT,1565,83
2020-06-14,UNKNOWN,14,0
2020-06-14,SUSSEX,4406,150
2020-06-14,NEW-CASTLE,4287,189
2020-06-14,KENT,1557,83
2020-06-13,UNKNOWN,15,0
2020-06-13,SUSSEX,4401,150
2020-06-13,NEW-CASTLE,4259,187
2020-06-13,KENT,1554,82
2020-06-12,UNKNOWN,16,0
2020-06-12,SUSSEX,4389,149
2020-06-12,NEW-CASTLE,4224,186
2020-06-12,KENT,1544,79
2020-06-11,UNKNOWN,13,0
2020-06-11,SUSSEX,4379,149
2020-06-11,NEW-CASTLE,4171,186
2020-06-11,KENT,1543,79
2020-06-10,UNKNOWN,14,0
2020-06-10,SUSSEX,4373,149
2020-06-10,NEW-CASTLE,4139,186
2020-06-10,KENT,1530,78
2020-06-09,UNKNOWN,12,0
2020-06-09,SUSSEX,4361,149
2020-06-09,NEW-CASTLE,4125,185
2020-06-09,KENT,1522,76
2020-06-08,UNKNOWN,11,0
2020-06-08,SUSSEX,4353,146
2020-06-08,NEW-CASTLE,4095,176
2020-06-08,KENT,1513,76
2020-06-07,UNKNOWN,15,0
2020-06-07,SUSSEX,4346,146
2020-06-07,NEW-CASTLE,4070,176
2020-06-07,KENT,1511,76
2020-06-06,UNKNOWN,12,0
2020-06-06,SUSSEX,4342,144
2020-06-06,NEW-CASTLE,3995,174
2020-06-06,KENT,1496,72
2020-06-05,UNKNOWN,49,0
2020-06-05,SUSSEX,4322,144
2020-06-05,NEW-CASTLE,3937,173
2020-06-05,KENT,1465,71
2020-06-04,UNKNOWN,53,1
2020-06-04,SUSSEX,4314,143
2020-06-04,NEW-CASTLE,3925,173
2020-06-04,KENT,1454,69
2020-06-03,UNKNOWN,53,0
2020-06-03,SUSSEX,4305,136
2020-06-03,NEW-CASTLE,3903,173
2020-06-03,KENT,1451,66
2020-06-02,UNKNOWN,53,0
2020-06-02,SUSSEX,4299,135
2020-06-02,NEW-CASTLE,3883,172
2020-06-02,KENT,1450,66
2020-06-01,UNKNOWN,55,0
2020-06-01,SUSSEX,4272,133
2020-06-01,NEW-CASTLE,3838,172
2020-06-01,KENT,1440,63
2020-05-31,UNKNOWN,51,0
2020-05-31,SUSSEX,4253,133
2020-05-31,NEW-CASTLE,3758,170
2020-05-31,KENT,1436,63
2020-05-30,UNKNOWN,52,0
2020-05-30,SUSSEX,4215,132
2020-05-30,NEW-CASTLE,3723,166
2020-05-30,KENT,1432,63
2020-05-29,UNKNOWN,51,0
2020-05-29,SUSSEX,4155,131
2020-05-29,NEW-CASTLE,3629,163
2020-05-29,KENT,1401,62
2020-05-28,UNKNOWN,53,0
2020-05-28,SUSSEX,4151,129
2020-05-28,NEW-CASTLE,3575,155
2020-05-28,KENT,1392,61
2020-05-27,UNKNOWN,54,0
2020-05-27,SUSSEX,4140,128
2020-05-27,NEW-CASTLE,3528,155
2020-05-27,KENT,1374,61
2020-05-26,UNKNOWN,58,0
2020-05-26,SUSSEX,4132,128
2020-05-26,NEW-CASTLE,3508,150
2020-05-26,KENT,1368,57
2020-05-25,UNKNOWN,55,1
2020-05-25,SUSSEX,4118,126
2020-05-25,NEW-CASTLE,3436,149
2020-05-25,KENT,1356,56
2020-05-24,UNKNOWN,57,1
2020-05-24,SUSSEX,4103,121
2020-05-24,NEW-CASTLE,3309,148
2020-05-24,KENT,1340,56
2020-05-23,UNKNOWN,53,1
2020-05-23,SUSSEX,4084,120
2020-05-23,NEW-CASTLE,3238,147
2020-05-23,KENT,1315,56
2020-05-22,UNKNOWN,53,1
2020-05-22,SUSSEX,4048,119
2020-05-22,NEW-CASTLE,3132,146
2020-05-22,KENT,1296,56
2020-05-21,UNKNOWN,46,1
2020-05-21,SUSSEX,4006,117
2020-05-21,NEW-CASTLE,3053,144
2020-05-21,KENT,1281,55
2020-05-20,UNKNOWN,48,1
2020-05-20,SUSSEX,3960,116
2020-05-20,NEW-CASTLE,2933,138
2020-05-20,KENT,1253,55
2020-05-19,UNKNOWN,50,1
2020-05-19,SUSSEX,3904,115
2020-05-19,NEW-CASTLE,2845,135
2020-05-19,KENT,1238,53
2020-05-18,UNKNOWN,51,1
2020-05-18,SUSSEX,3861,114
2020-05-18,NEW-CASTLE,2738,130
2020-05-18,KENT,1219,52
2020-05-17,UNKNOWN,52,1
2020-05-17,SUSSEX,3739,113
2020-05-17,NEW-CASTLE,2682,124
2020-05-17,KENT,1197,52
2020-05-16,UNKNOWN,46,1
2020-05-16,SUSSEX,3658,112
2020-05-16,NEW-CASTLE,2667,121
2020-05-16,KENT,1176,52
2020-05-15,UNKNOWN,43,1
2020-05-15,SUSSEX,3565,108
2020-05-15,NEW-CASTLE,2619,114
2020-05-15,KENT,1146,48
2020-05-14,UNKNOWN,45,1
2020-05-14,SUSSEX,3503,105
2020-05-14,NEW-CASTLE,2560,108
2020-05-14,KENT,1115,46
2020-05-13,UNKNOWN,36,1
2020-05-13,SUSSEX,3336,99
2020-05-13,NEW-CASTLE,2496,102
2020-05-13,KENT,1084,45
2020-05-12,UNKNOWN,36,1
2020-05-12,SUSSEX,3205,93
2020-05-12,NEW-CASTLE,2440,100
2020-05-12,KENT,1060,43
2020-05-11,UNKNOWN,40,0
2020-05-11,SUSSEX,3091,91
2020-05-11,NEW-CASTLE,2390,95
2020-05-11,KENT,1044,39
2020-05-10,UNKNOWN,41,0
2020-05-10,SUSSEX,3059,91
2020-05-10,NEW-CASTLE,2331,95
2020-05-10,KENT,1016,38
2020-05-09,UNKNOWN,27,0
2020-05-09,SUSSEX,2990,90
2020-05-09,NEW-CASTLE,2275,93
2020-05-09,KENT,985,38
2020-05-08,SUSSEX,2936,86
2020-05-08,NEW-CASTLE,2184,91
2020-05-08,KENT,963,36
2020-05-07,UNKNOWN,30,0
2020-05-07,SUSSEX,2834,79
2020-05-07,NEW-CASTLE,2130,89
2020-05-07,KENT,945,34
2020-05-06,UNKNOWN,36,0
2020-05-06,SUSSEX,2764,75
2020-05-06,NEW-CASTLE,2087,85
2020-05-06,KENT,891,33
2020-05-05,UNKNOWN,25,0
2020-05-05,SUSSEX,2520,72
2020-05-05,NEW-CASTLE,1979,83
2020-05-05,KENT,847,32
2020-05-04,UNKNOWN,24,0
2020-05-04,SUSSEX,2497,70
2020-05-04,NEW-CASTLE,1934,82
2020-05-04,KENT,833,30
2020-05-03,UNKNOWN,23,0
2020-05-03,SUSSEX,2461,68
2020-05-03,NEW-CASTLE,1903,79
2020-05-03,KENT,821,30
2020-05-02,UNKNOWN,22,0
2020-05-02,SUSSEX,2359,63
2020-05-02,NEW-CASTLE,1864,76
2020-05-02,KENT,793,29
2020-05-01,UNKNOWN,24,0
2020-05-01,SUSSEX,2292,62
2020-05-01,NEW-CASTLE,1829,70
2020-05-01,KENT,773,27
2020-04-30,UNKNOWN,25,0
2020-04-30,SUSSEX,2216,58
2020-04-30,NEW-CASTLE,1734,68
2020-04-30,KENT,759,26
2020-04-29,UNKNOWN,26,0
2020-04-29,SUSSEX,2169,54
2020-04-29,NEW-CASTLE,1717,65
2020-04-29,KENT,743,25
2020-04-28,UNKNOWN,32,0
2020-04-28,SUSSEX,2114,51
2020-04-28,NEW-CASTLE,1701,63
2020-04-28,KENT,728,23
2020-04-27,UNKNOWN,11,0
2020-04-27,SUSSEX,1870,45
2020-04-27,NEW-CASTLE,1629,57
2020-04-27,KENT,652,23
2020-04-26,UNKNOWN,9,0
2020-04-26,SUSSEX,1801,43
2020-04-26,NEW-CASTLE,1599,55
2020-04-26,KENT,625,22
2020-04-25,UNKNOWN,3,0
2020-04-25,SUSSEX,1490,42
2020-04-25,NEW-CASTLE,1504,52
2020-04-25,KENT,579,18
2020-04-24,UNKNOWN,4,0
2020-04-24,SUSSEX,1394,40
2020-04-24,NEW-CASTLE,1486,45
2020-04-24,KENT,558,15
2020-04-23,UNKNOWN,3,0
2020-04-23,SUSSEX,1377,37
2020-04-23,NEW-CASTLE,1389,40
2020-04-23,KENT,539,15
2020-04-22,UNKNOWN,28,0
2020-04-22,SUSSEX,1317,36
2020-04-22,NEW-CASTLE,1352,38
2020-04-22,KENT,503,15
2020-04-21,UNKNOWN,30,0
2020-04-21,SUSSEX,1139,32
2020-04-21,NEW-CASTLE,1303,36
2020-04-21,KENT,459,14
2020-04-20,UNKNOWN,31,0
2020-04-20,SUSSEX,1055,26
2020-04-20,NEW-CASTLE,1229,33
2020-04-20,KENT,430,13
2020-04-19,UNKNOWN,30,0
2020-04-19,SUSSEX,886,25
2020-04-19,NEW-CASTLE,1205,32
2020-04-19,KENT,417,10
2020-04-18,UNKNOWN,30,0
2020-04-18,SUSSEX,886,25
2020-04-18,NEW-CASTLE,1205,32
2020-04-18,KENT,417,10
2020-04-17,UNKNOWN,28,0
2020-04-17,SUSSEX,811,22
2020-04-17,NEW-CASTLE,1100,30
2020-04-17,KENT,384,9
2020-04-16,UNKNOWN,22,0
2020-04-16,SUSSEX,698,18
2020-04-16,NEW-CASTLE,1003,25
2020-04-16,KENT,352,9
2020-04-15,UNKNOWN,17,0
2020-04-15,SUSSEX,678,17
2020-04-15,NEW-CASTLE,974,21
2020-04-15,KENT,345,8
2020-04-14,UNKNOWN,11,0
2020-04-14,SUSSEX,639,16
2020-04-14,NEW-CASTLE,947,20
2020-04-14,KENT,329,7
2020-04-13,UNKNOWN,3,0
2020-04-13,SUSSEX,551,15
2020-04-13,NEW-CASTLE,919,20
2020-04-13,KENT,288,6
2020-04-12,SUSSEX,464,12
2020-04-12,NEW-CASTLE,880,19
2020-04-12,KENT,281,4
2020-04-11,UNKNOWN,13,0
2020-04-11,SUSSEX,404,10
2020-04-11,NEW-CASTLE,807,19
2020-04-11,KENT,255,4
2020-04-10,UNKNOWN,9,0
2020-04-10,SUSSEX,336,10
2020-04-10,NEW-CASTLE,751,19
2020-04-10,KENT,230,3
2020-04-09,SUSSEX,294,7
2020-04-09,NEW-CASTLE,701,13
2020-04-09,KENT,214,3
2020-04-08,SUSSEX,279,5
2020-04-08,NEW-CASTLE,636,11
2020-04-08,KENT,201,3
2020-04-07,SUSSEX,210,4
2020-04-07,NEW-CASTLE,571,9
2020-04-07,KENT,147,3
2020-04-06,SUSSEX,159,3
2020-04-06,NEW-CASTLE,496,9
2020-04-06,KENT,128,3
2020-04-05,SUSSEX,151,3
2020-04-05,NEW-CASTLE,436,9
2020-04-05,KENT,86,2
2020-04-04,SUSSEX,125,3
2020-04-04,NEW-CASTLE,400,9
2020-04-04,KENT,68,2
2020-04-03,SUSSEX,117,3
2020-04-03,NEW-CASTLE,279,9
2020-04-03,KENT,54,2
2020-04-02,SUSSEX,105,3
2020-04-02,NEW-CASTLE,245,7
2020-04-02,KENT,43,2
2020-04-01,SUSSEX,101,3
2020-04-01,NEW-CASTLE,226,6
2020-04-01,KENT,41,2
2020-03-31,SUSSEX,88,2
2020-03-31,NEW-CASTLE,197,6
2020-03-31,KENT,34,2
2020-03-30,SUSSEX,81,2
2020-03-30,NEW-CASTLE,156,3
2020-03-30,KENT,27,2
2020-03-29,SUSSEX,66,1
2020-03-29,NEW-CASTLE,141,3
2020-03-29,KENT,25,2
2020-03-28,SUSSEX,59,1
2020-03-28,NEW-CASTLE,130,2
2020-03-28,KENT,25,2
2020-03-27,SUSSEX,38,1
2020-03-27,NEW-CASTLE,106,1
2020-03-27,KENT,21,0
2020-03-26,SUSSEX,33,1
2020-03-26,NEW-CASTLE,91,0
2020-03-26,KENT,19,0
2020-03-25,SUSSEX,26,0
2020-03-25,NEW-CASTLE,79,0
2020-03-25,KENT,14,0
2020-03-24,SUSSEX,23,0
2020-03-24,NEW-CASTLE,71,0
2020-03-24,KENT,10,0
2020-03-23,SUSSEX,20,0
2020-03-23,NEW-CASTLE,58,0
2020-03-23,KENT,9,0
2020-03-22,SUSSEX,12,0
2020-03-22,NEW-CASTLE,39,0
2020-03-22,KENT,5,0
2020-03-21,SUSSEX,8,0
2020-03-21,NEW-CASTLE,32,0
2020-03-21,KENT,5,0
2020-03-20,SUSSEX,7,0
2020-03-20,NEW-CASTLE,28,0
2020-03-20,KENT,4,0
2020-03-19,SUSSEX,3,0
2020-03-19,NEW-CASTLE,23,0
2020-03-19,KENT,4,0
2020-03-18,SUSSEX,3,0
2020-03-18,NEW-CASTLE,20,0
2020-03-18,KENT,3,0
2020-03-17,SUSSEX,1,0
2020-03-17,NEW-CASTLE,15,0
2020-03-16,NEW-CASTLE,8,0
2020-03-15,NEW-CASTLE,7,0
2020-03-14,NEW-CASTLE,4,0
2020-03-13,NEW-CASTLE,4,0
2020-03-12,NEW-CASTLE,4,0
2020-03-11,NEW-CASTLE,1,0
