2021-10-10,UNKNOWN,0,2
2021-10-10,MAUI,9646,92
2021-10-10,KAUAI,2417,8
2021-10-10,KALAWAO,1,0
2021-10-10,HONOLULU,56448,632
2021-10-10,HAWAII,10474,104
2021-10-09,UNKNOWN,0,2
2021-10-09,MAUI,9629,90
2021-10-09,KAUAI,2389,8
2021-10-09,KALAWAO,1,0
2021-10-09,HONOLULU,56327,631
2021-10-09,HAWAII,10440,103
2021-10-08,UNKNOWN,0,2
2021-10-08,MAUI,9612,89
2021-10-08,KAUAI,2380,8
2021-10-08,KALAWAO,1,0
2021-10-08,HONOLULU,56213,630
2021-10-08,HAWAII,10391,101
2021-10-07,UNKNOWN,0,2
2021-10-07,MAUI,9592,89
2021-10-07,KAUAI,2373,8
2021-10-07,KALAWAO,1,0
2021-10-07,HONOLULU,56087,625
2021-10-07,HAWAII,10352,99
2021-10-06,UNKNOWN,0,2
2021-10-06,MAUI,9562,89
2021-10-06,KAUAI,2345,8
2021-10-06,KALAWAO,1,0
2021-10-06,HONOLULU,55921,620
2021-10-06,HAWAII,10298,96
2021-10-05,UNKNOWN,0,2
2021-10-05,MAUI,9543,89
2021-10-05,KAUAI,2334,8
2021-10-05,KALAWAO,1,0
2021-10-05,HONOLULU,55821,615
2021-10-05,HAWAII,10264,94
2021-10-04,UNKNOWN,0,2
2021-10-04,MAUI,9531,89
2021-10-04,KAUAI,2327,8
2021-10-04,KALAWAO,1,0
2021-10-04,HONOLULU,55768,615
2021-10-04,HAWAII,10249,94
2021-10-03,UNKNOWN,0,3
2021-10-03,MAUI,9515,87
2021-10-03,KAUAI,2313,8
2021-10-03,KALAWAO,1,0
2021-10-03,HONOLULU,55650,614
2021-10-03,HAWAII,10209,93
2021-10-02,UNKNOWN,0,3
2021-10-02,MAUI,9494,87
2021-10-02,KAUAI,2284,8
2021-10-02,KALAWAO,1,0
2021-10-02,HONOLULU,55489,607
2021-10-02,HAWAII,10144,93
2021-10-01,UNKNOWN,0,2
2021-10-01,MAUI,9467,87
2021-10-01,KAUAI,2268,8
2021-10-01,KALAWAO,1,0
2021-10-01,HONOLULU,55310,598
2021-10-01,HAWAII,10097,91
2021-09-30,UNKNOWN,0,2
2021-09-30,MAUI,9424,87
2021-09-30,KAUAI,2255,8
2021-09-30,KALAWAO,1,0
2021-09-30,HONOLULU,55098,592
2021-09-30,HAWAII,10006,90
2021-09-29,UNKNOWN,0,2
2021-09-29,MAUI,9392,87
2021-09-29,KAUAI,2236,8
2021-09-29,KALAWAO,1,0
2021-09-29,HONOLULU,54878,582
2021-09-29,HAWAII,9950,88
2021-09-28,UNKNOWN,0,2
2021-09-28,MAUI,9372,85
2021-09-28,KAUAI,2223,8
2021-09-28,KALAWAO,1,0
2021-09-28,HONOLULU,54734,573
2021-09-28,HAWAII,9913,86
2021-09-27,UNKNOWN,0,2
2021-09-27,MAUI,9360,85
2021-09-27,KAUAI,2215,8
2021-09-27,KALAWAO,1,0
2021-09-27,HONOLULU,54541,573
2021-09-27,HAWAII,9889,86
2021-09-26,UNKNOWN,0,4
2021-09-26,MAUI,9339,83
2021-09-26,KAUAI,2182,8
2021-09-26,KALAWAO,1,0
2021-09-26,HONOLULU,54379,573
2021-09-26,HAWAII,9857,86
2021-09-25,UNKNOWN,0,4
2021-09-25,MAUI,9298,83
2021-09-25,KAUAI,2150,8
2021-09-25,KALAWAO,1,0
2021-09-25,HONOLULU,54139,565
2021-09-25,HAWAII,9803,84
2021-09-24,UNKNOWN,0,4
2021-09-24,MAUI,9264,83
2021-09-24,KAUAI,2131,8
2021-09-24,KALAWAO,1,0
2021-09-24,HONOLULU,53864,565
2021-09-24,HAWAII,9737,84
2021-09-23,UNKNOWN,0,4
2021-09-23,MAUI,9216,83
2021-09-23,KAUAI,2104,8
2021-09-23,KALAWAO,1,0
2021-09-23,HONOLULU,53616,559
2021-09-23,HAWAII,9669,81
2021-09-22,UNKNOWN,0,2
2021-09-22,MAUI,9157,83
2021-09-22,KAUAI,2074,8
2021-09-22,KALAWAO,1,0
2021-09-22,HONOLULU,53349,550
2021-09-22,HAWAII,9588,80
2021-09-21,UNKNOWN,0,2
2021-09-21,MAUI,9112,83
2021-09-21,KAUAI,2045,8
2021-09-21,KALAWAO,1,0
2021-09-21,HONOLULU,53133,542
2021-09-21,HAWAII,9550,76
2021-09-20,UNKNOWN,0,2
2021-09-20,MAUI,9090,83
2021-09-20,KAUAI,2029,8
2021-09-20,KALAWAO,1,0
2021-09-20,HONOLULU,52936,542
2021-09-20,HAWAII,9511,76
2021-09-19,UNKNOWN,0,3
2021-09-19,MAUI,9052,82
2021-09-19,KAUAI,1997,8
2021-09-19,KALAWAO,1,0
2021-09-19,HONOLULU,52646,542
2021-09-19,HAWAII,9452,76
2021-09-18,UNKNOWN,0,3
2021-09-18,MAUI,9010,81
2021-09-18,KAUAI,1952,8
2021-09-18,KALAWAO,1,0
2021-09-18,HONOLULU,52349,532
2021-09-18,HAWAII,9375,75
2021-09-17,UNKNOWN,0,3
2021-09-17,MAUI,8952,80
2021-09-17,KAUAI,1906,8
2021-09-17,KALAWAO,1,0
2021-09-17,HONOLULU,51982,526
2021-09-17,HAWAII,9296,74
2021-09-16,UNKNOWN,0,2
2021-09-16,MAUI,8882,80
2021-09-16,KAUAI,1867,8
2021-09-16,KALAWAO,1,0
2021-09-16,HONOLULU,51613,518
2021-09-16,HAWAII,9207,68
2021-09-15,UNKNOWN,0,2
2021-09-15,MAUI,8825,80
2021-09-15,KAUAI,1829,8
2021-09-15,KALAWAO,1,0
2021-09-15,HONOLULU,51225,511
2021-09-15,HAWAII,9111,67
2021-09-14,UNKNOWN,0,2
2021-09-14,MAUI,8760,80
2021-09-14,KAUAI,1810,6
2021-09-14,KALAWAO,1,0
2021-09-14,HONOLULU,50911,503
2021-09-14,HAWAII,9022,66
2021-09-13,UNKNOWN,0,2
2021-09-13,MAUI,8732,80
2021-09-13,KAUAI,1796,6
2021-09-13,KALAWAO,1,0
2021-09-13,HONOLULU,50573,503
2021-09-13,HAWAII,8981,66
2021-09-12,UNKNOWN,0,3
2021-09-12,MAUI,8698,79
2021-09-12,KAUAI,1769,6
2021-09-12,KALAWAO,1,0
2021-09-12,HONOLULU,50262,503
2021-09-12,HAWAII,8899,66
2021-09-11,UNKNOWN,0,2
2021-09-11,MAUI,8636,79
2021-09-11,KAUAI,1713,4
2021-09-11,KALAWAO,1,0
2021-09-11,HONOLULU,49778,500
2021-09-11,HAWAII,8788,65
2021-09-10,UNKNOWN,0,2
2021-09-10,MAUI,8551,78
2021-09-10,KAUAI,1681,4
2021-09-10,KALAWAO,1,0
2021-09-10,HONOLULU,49172,491
2021-09-10,HAWAII,8682,63
2021-09-09,UNKNOWN,0,1
2021-09-09,MAUI,8449,77
2021-09-09,KAUAI,1638,4
2021-09-09,KALAWAO,1,0
2021-09-09,HONOLULU,48716,485
2021-09-09,HAWAII,8542,63
2021-09-08,UNKNOWN,0,1
2021-09-08,MAUI,8386,77
2021-09-08,KAUAI,1605,4
2021-09-08,KALAWAO,1,0
2021-09-08,HONOLULU,48443,478
2021-09-08,HAWAII,8490,63
2021-09-07,UNKNOWN,0,1
2021-09-07,MAUI,8332,77
2021-09-07,KAUAI,1586,4
2021-09-07,KALAWAO,1,0
2021-09-07,HONOLULU,48240,478
2021-09-07,HAWAII,8395,63
2021-09-06,UNKNOWN,0,1
2021-09-06,MAUI,8294,77
2021-09-06,KAUAI,1541,4
2021-09-06,KALAWAO,1,0
2021-09-06,HONOLULU,47876,478
2021-09-06,HAWAII,8345,63
2021-09-05,UNKNOWN,0,2
2021-09-05,MAUI,8209,76
2021-09-05,KAUAI,1476,4
2021-09-05,KALAWAO,1,0
2021-09-05,HONOLULU,47403,477
2021-09-05,HAWAII,8226,62
2021-09-04,UNKNOWN,0,1
2021-09-04,MAUI,8130,74
2021-09-04,KAUAI,1447,3
2021-09-04,KALAWAO,1,0
2021-09-04,HONOLULU,46893,472
2021-09-04,HAWAII,8126,61
2021-09-03,UNKNOWN,0,1
2021-09-03,MAUI,7984,74
2021-09-03,KAUAI,1408,3
2021-09-03,KALAWAO,1,0
2021-09-03,HONOLULU,46331,471
2021-09-03,HAWAII,7998,61
2021-09-02,UNKNOWN,0,1
2021-09-02,MAUI,7847,73
2021-09-02,KAUAI,1366,3
2021-09-02,KALAWAO,1,0
2021-09-02,HONOLULU,45779,466
2021-09-02,HAWAII,7867,60
2021-09-01,UNKNOWN,0,1
2021-09-01,MAUI,7719,72
2021-09-01,KAUAI,1327,3
2021-09-01,KALAWAO,1,0
2021-09-01,HONOLULU,45055,464
2021-09-01,HAWAII,7698,59
2021-08-31,MAUI,7664,69
2021-08-31,KAUAI,1290,3
2021-08-31,KALAWAO,1,0
2021-08-31,HONOLULU,44764,455
2021-08-31,HAWAII,7634,59
2021-08-30,MAUI,7627,69
2021-08-30,KAUAI,1277,3
2021-08-30,KALAWAO,1,0
2021-08-30,HONOLULU,44334,455
2021-08-30,HAWAII,7569,59
2021-08-29,MAUI,7554,69
2021-08-29,KAUAI,1243,3
2021-08-29,KALAWAO,1,0
2021-08-29,HONOLULU,43866,455
2021-08-29,HAWAII,7430,59
2021-08-28,MAUI,7404,69
2021-08-28,KAUAI,1188,3
2021-08-28,KALAWAO,1,0
2021-08-28,HONOLULU,42627,453
2021-08-28,HAWAII,7216,59
2021-08-27,MAUI,7317,67
2021-08-27,KAUAI,1157,3
2021-08-27,KALAWAO,1,0
2021-08-27,HONOLULU,41934,450
2021-08-27,HAWAII,7100,59
2021-08-26,MAUI,7194,67
2021-08-26,KAUAI,1119,3
2021-08-26,KALAWAO,1,0
2021-08-26,HONOLULU,41262,441
2021-08-26,HAWAII,6916,59
2021-08-25,MAUI,7089,67
2021-08-25,KAUAI,1087,3
2021-08-25,KALAWAO,1,0
2021-08-25,HONOLULU,40751,441
2021-08-25,HAWAII,6740,59
2021-08-24,MAUI,7039,66
2021-08-24,KAUAI,1048,3
2021-08-24,KALAWAO,1,0
2021-08-24,HONOLULU,40421,434
2021-08-24,HAWAII,6656,59
2021-08-23,MAUI,6969,66
2021-08-23,KAUAI,1031,3
2021-08-23,KALAWAO,1,0
2021-08-23,HONOLULU,40051,433
2021-08-23,HAWAII,6556,59
2021-08-22,UNKNOWN,0,2
2021-08-22,MAUI,6888,64
2021-08-22,KAUAI,1008,3
2021-08-22,KALAWAO,1,0
2021-08-22,HONOLULU,39692,433
2021-08-22,HAWAII,6449,59
2021-08-21,UNKNOWN,0,1
2021-08-21,MAUI,6794,64
2021-08-21,KAUAI,971,3
2021-08-21,KALAWAO,1,0
2021-08-21,HONOLULU,39096,433
2021-08-21,HAWAII,6291,59
2021-08-20,UNKNOWN,0,1
2021-08-20,MAUI,6663,63
2021-08-20,KAUAI,945,3
2021-08-20,KALAWAO,1,0
2021-08-20,HONOLULU,38627,433
2021-08-20,HAWAII,6165,59
2021-08-19,MAUI,6563,62
2021-08-19,KAUAI,919,3
2021-08-19,KALAWAO,1,0
2021-08-19,HONOLULU,38079,431
2021-08-19,HAWAII,6003,59
2021-08-18,MAUI,6433,62
2021-08-18,KAUAI,894,2
2021-08-18,KALAWAO,1,0
2021-08-18,HONOLULU,37653,428
2021-08-18,HAWAII,5840,59
2021-08-17,MAUI,6336,62
2021-08-17,KAUAI,868,2
2021-08-17,KALAWAO,1,0
2021-08-17,HONOLULU,37222,426
2021-08-17,HAWAII,5753,59
2021-08-16,MAUI,6312,62
2021-08-16,KAUAI,853,2
2021-08-16,KALAWAO,1,0
2021-08-16,HONOLULU,36892,426
2021-08-16,HAWAII,5669,59
2021-08-15,MAUI,6260,62
2021-08-15,KAUAI,839,2
2021-08-15,KALAWAO,1,0
2021-08-15,HONOLULU,36516,426
2021-08-15,HAWAII,5589,59
2021-08-14,MAUI,6167,62
2021-08-14,KAUAI,793,2
2021-08-14,KALAWAO,1,0
2021-08-14,HONOLULU,35973,422
2021-08-14,HAWAII,5442,59
2021-08-13,MAUI,6096,62
2021-08-13,KAUAI,778,2
2021-08-13,KALAWAO,1,0
2021-08-13,HONOLULU,35429,421
2021-08-13,HAWAII,5308,59
2021-08-12,MAUI,5981,62
2021-08-12,KAUAI,732,2
2021-08-12,KALAWAO,1,0
2021-08-12,HONOLULU,34592,420
2021-08-12,HAWAII,5157,59
2021-08-11,MAUI,5911,62
2021-08-11,KAUAI,682,2
2021-08-11,KALAWAO,1,0
2021-08-11,HONOLULU,34291,419
2021-08-11,HAWAII,5035,59
2021-08-10,MAUI,5845,62
2021-08-10,KAUAI,665,2
2021-08-10,KALAWAO,1,0
2021-08-10,HONOLULU,33993,417
2021-08-10,HAWAII,4956,59
2021-08-09,MAUI,5809,62
2021-08-09,KAUAI,650,2
2021-08-09,KALAWAO,1,0
2021-08-09,HONOLULU,33701,417
2021-08-09,HAWAII,4880,59
2021-08-08,UNKNOWN,0,1
2021-08-08,MAUI,5753,61
2021-08-08,KAUAI,634,2
2021-08-08,KALAWAO,1,0
2021-08-08,HONOLULU,33408,416
2021-08-08,HAWAII,4813,59
2021-08-07,UNKNOWN,0,1
2021-08-07,MAUI,5692,61
2021-08-07,KAUAI,612,2
2021-08-07,KALAWAO,1,0
2021-08-07,HONOLULU,32977,416
2021-08-07,HAWAII,4695,59
2021-08-06,UNKNOWN,0,1
2021-08-06,MAUI,5625,61
2021-08-06,KAUAI,595,2
2021-08-06,KALAWAO,1,0
2021-08-06,HONOLULU,32562,414
2021-08-06,HAWAII,4594,59
2021-08-05,UNKNOWN,0,1
2021-08-05,MAUI,5561,61
2021-08-05,KAUAI,586,2
2021-08-05,KALAWAO,1,0
2021-08-05,HONOLULU,32138,413
2021-08-05,HAWAII,4484,58
2021-08-04,UNKNOWN,0,1
2021-08-04,MAUI,5492,61
2021-08-04,KAUAI,579,2
2021-08-04,KALAWAO,1,0
2021-08-04,HONOLULU,31710,413
2021-08-04,HAWAII,4353,58
2021-08-03,UNKNOWN,0,1
2021-08-03,MAUI,5463,61
2021-08-03,KAUAI,574,2
2021-08-03,KALAWAO,1,0
2021-08-03,HONOLULU,31487,413
2021-08-03,HAWAII,4290,58
2021-08-02,MAUI,5432,61
2021-08-02,KAUAI,568,2
2021-08-02,KALAWAO,1,0
2021-08-02,HONOLULU,31219,413
2021-08-02,HAWAII,4226,58
2021-08-01,MAUI,5388,61
2021-08-01,KAUAI,554,2
2021-08-01,KALAWAO,1,0
2021-08-01,HONOLULU,30997,413
2021-08-01,HAWAII,4150,58
2021-07-31,MAUI,5322,61
2021-07-31,KAUAI,548,2
2021-07-31,KALAWAO,1,0
2021-07-31,HONOLULU,30721,413
2021-07-31,HAWAII,4051,58
2021-07-30,MAUI,5280,61
2021-07-30,KAUAI,539,2
2021-07-30,KALAWAO,1,0
2021-07-30,HONOLULU,30406,413
2021-07-30,HAWAII,3950,58
2021-07-29,MAUI,5206,60
2021-07-29,KAUAI,531,2
2021-07-29,KALAWAO,1,0
2021-07-29,HONOLULU,30047,411
2021-07-29,HAWAII,3839,58
2021-07-28,MAUI,5175,60
2021-07-28,KAUAI,522,2
2021-07-28,KALAWAO,1,0
2021-07-28,HONOLULU,29909,410
2021-07-28,HAWAII,3785,57
2021-07-27,MAUI,5158,58
2021-07-27,KAUAI,519,2
2021-07-27,KALAWAO,1,0
2021-07-27,HONOLULU,29859,410
2021-07-27,HAWAII,3767,56
2021-07-26,MAUI,5147,58
2021-07-26,KAUAI,515,2
2021-07-26,KALAWAO,1,0
2021-07-26,HONOLULU,29753,410
2021-07-26,HAWAII,3740,56
2021-07-25,MAUI,5131,58
2021-07-25,KAUAI,514,2
2021-07-25,KALAWAO,1,0
2021-07-25,HONOLULU,29648,410
2021-07-25,HAWAII,3706,56
2021-07-24,MAUI,5109,58
2021-07-24,KAUAI,508,2
2021-07-24,KALAWAO,1,0
2021-07-24,HONOLULU,29482,408
2021-07-24,HAWAII,3641,56
2021-07-23,MAUI,5068,58
2021-07-23,KAUAI,500,2
2021-07-23,KALAWAO,1,0
2021-07-23,HONOLULU,29333,408
2021-07-23,HAWAII,3597,56
2021-07-22,MAUI,5055,58
2021-07-22,KAUAI,488,2
2021-07-22,KALAWAO,1,0
2021-07-22,HONOLULU,29182,408
2021-07-22,HAWAII,3558,56
2021-07-21,MAUI,5041,57
2021-07-21,KAUAI,480,2
2021-07-21,KALAWAO,1,0
2021-07-21,HONOLULU,29036,406
2021-07-21,HAWAII,3508,56
2021-07-20,MAUI,5023,57
2021-07-20,KAUAI,476,2
2021-07-20,KALAWAO,1,0
2021-07-20,HONOLULU,28937,405
2021-07-20,HAWAII,3499,56
2021-07-19,MAUI,5017,57
2021-07-19,KAUAI,475,2
2021-07-19,KALAWAO,1,0
2021-07-19,HONOLULU,28862,405
2021-07-19,HAWAII,3484,56
2021-07-18,MAUI,5008,57
2021-07-18,KAUAI,471,2
2021-07-18,KALAWAO,1,0
2021-07-18,HONOLULU,28774,405
2021-07-18,HAWAII,3463,56
2021-07-17,MAUI,4996,57
2021-07-17,KAUAI,465,2
2021-07-17,KALAWAO,1,0
2021-07-17,HONOLULU,28670,405
2021-07-17,HAWAII,3445,56
2021-07-16,MAUI,4987,57
2021-07-16,KAUAI,453,2
2021-07-16,KALAWAO,1,0
2021-07-16,HONOLULU,28589,405
2021-07-16,HAWAII,3425,56
2021-07-15,MAUI,4979,57
2021-07-15,KAUAI,444,2
2021-07-15,KALAWAO,1,0
2021-07-15,HONOLULU,28496,404
2021-07-15,HAWAII,3398,56
2021-07-14,MAUI,4958,57
2021-07-14,KAUAI,430,2
2021-07-14,KALAWAO,1,0
2021-07-14,HONOLULU,28405,404
2021-07-14,HAWAII,3381,55
2021-07-13,MAUI,4951,57
2021-07-13,KAUAI,428,2
2021-07-13,KALAWAO,1,0
2021-07-13,HONOLULU,28380,404
2021-07-13,HAWAII,3375,55
2021-07-12,MAUI,4943,57
2021-07-12,KAUAI,417,2
2021-07-12,KALAWAO,1,0
2021-07-12,HONOLULU,28311,404
2021-07-12,HAWAII,3353,55
2021-07-11,MAUI,4943,57
2021-07-11,KAUAI,417,2
2021-07-11,KALAWAO,1,0
2021-07-11,HONOLULU,28311,404
2021-07-11,HAWAII,3353,55
2021-07-10,MAUI,4930,57
2021-07-10,KAUAI,409,2
2021-07-10,KALAWAO,1,0
2021-07-10,HONOLULU,28253,404
2021-07-10,HAWAII,3341,55
2021-07-09,MAUI,4923,57
2021-07-09,KAUAI,407,2
2021-07-09,KALAWAO,1,0
2021-07-09,HONOLULU,28182,402
2021-07-09,HAWAII,3321,55
2021-07-08,MAUI,4919,57
2021-07-08,KAUAI,400,2
2021-07-08,KALAWAO,1,0
2021-07-08,HONOLULU,28145,402
2021-07-08,HAWAII,3312,55
2021-07-07,MAUI,4912,57
2021-07-07,KAUAI,394,2
2021-07-07,KALAWAO,1,0
2021-07-07,HONOLULU,28103,401
2021-07-07,HAWAII,3304,55
2021-07-06,MAUI,4911,57
2021-07-06,KAUAI,394,2
2021-07-06,KALAWAO,1,0
2021-07-06,HONOLULU,28079,401
2021-07-06,HAWAII,3295,55
2021-07-05,MAUI,4908,57
2021-07-05,KAUAI,393,2
2021-07-05,KALAWAO,1,0
2021-07-05,HONOLULU,28051,401
2021-07-05,HAWAII,3293,55
2021-07-04,MAUI,4907,57
2021-07-04,KAUAI,392,2
2021-07-04,KALAWAO,1,0
2021-07-04,HONOLULU,28017,401
2021-07-04,HAWAII,3287,55
2021-07-03,MAUI,4902,57
2021-07-03,KAUAI,388,2
2021-07-03,KALAWAO,1,0
2021-07-03,HONOLULU,27982,401
2021-07-03,HAWAII,3279,55
2021-07-02,MAUI,4895,57
2021-07-02,KAUAI,377,2
2021-07-02,KALAWAO,1,0
2021-07-02,HONOLULU,27961,401
2021-07-02,HAWAII,3274,55
2021-07-01,MAUI,4890,57
2021-07-01,KAUAI,368,2
2021-07-01,KALAWAO,1,0
2021-07-01,HONOLULU,27909,401
2021-07-01,HAWAII,3267,55
2021-06-30,MAUI,4890,57
2021-06-30,KAUAI,361,2
2021-06-30,KALAWAO,1,0
2021-06-30,HONOLULU,27874,400
2021-06-30,HAWAII,3265,55
2021-06-29,MAUI,4886,57
2021-06-29,KAUAI,361,2
2021-06-29,KALAWAO,1,0
2021-06-29,HONOLULU,27840,399
2021-06-29,HAWAII,3256,55
2021-06-28,MAUI,4878,57
2021-06-28,KAUAI,361,2
2021-06-28,KALAWAO,1,0
2021-06-28,HONOLULU,27821,399
2021-06-28,HAWAII,3253,55
2021-06-27,MAUI,4876,57
2021-06-27,KAUAI,361,2
2021-06-27,KALAWAO,1,0
2021-06-27,HONOLULU,27808,399
2021-06-27,HAWAII,3251,55
2021-06-26,MAUI,4869,57
2021-06-26,KAUAI,358,2
2021-06-26,KALAWAO,1,0
2021-06-26,HONOLULU,27785,399
2021-06-26,HAWAII,3238,55
2021-06-25,MAUI,4866,57
2021-06-25,KAUAI,358,2
2021-06-25,KALAWAO,1,0
2021-06-25,HONOLULU,27743,397
2021-06-25,HAWAII,3230,55
2021-06-24,MAUI,4857,57
2021-06-24,KAUAI,356,2
2021-06-24,KALAWAO,1,0
2021-06-24,HONOLULU,27715,397
2021-06-24,HAWAII,3228,54
2021-06-23,MAUI,4846,57
2021-06-23,KAUAI,349,2
2021-06-23,KALAWAO,1,0
2021-06-23,HONOLULU,27686,397
2021-06-23,HAWAII,3222,54
2021-06-22,MAUI,4844,57
2021-06-22,KAUAI,348,2
2021-06-22,KALAWAO,1,0
2021-06-22,HONOLULU,27662,397
2021-06-22,HAWAII,3211,54
2021-06-21,MAUI,4841,57
2021-06-21,KAUAI,347,2
2021-06-21,KALAWAO,1,0
2021-06-21,HONOLULU,27653,397
2021-06-21,HAWAII,3206,54
2021-06-20,MAUI,4841,57
2021-06-20,KAUAI,348,2
2021-06-20,KALAWAO,1,0
2021-06-20,HONOLULU,27641,397
2021-06-20,HAWAII,3205,54
2021-06-19,MAUI,4831,56
2021-06-19,KAUAI,346,2
2021-06-19,KALAWAO,1,0
2021-06-19,HONOLULU,27597,396
2021-06-19,HAWAII,3192,54
2021-06-18,MAUI,4824,56
2021-06-18,KAUAI,344,2
2021-06-18,KALAWAO,1,0
2021-06-18,HONOLULU,27572,395
2021-06-18,HAWAII,3162,54
2021-06-17,MAUI,4809,55
2021-06-17,KAUAI,343,2
2021-06-17,KALAWAO,1,0
2021-06-17,HONOLULU,27556,393
2021-06-17,HAWAII,3153,54
2021-06-16,MAUI,4806,55
2021-06-16,KAUAI,339,2
2021-06-16,KALAWAO,1,0
2021-06-16,HONOLULU,27534,393
2021-06-16,HAWAII,3151,54
2021-06-15,MAUI,4803,55
2021-06-15,KAUAI,338,2
2021-06-15,KALAWAO,1,0
2021-06-15,HONOLULU,27510,392
2021-06-15,HAWAII,3150,54
2021-06-14,MAUI,4801,55
2021-06-14,KAUAI,335,2
2021-06-14,KALAWAO,1,0
2021-06-14,HONOLULU,27490,392
2021-06-14,HAWAII,3142,54
2021-06-13,MAUI,4787,55
2021-06-13,KAUAI,328,2
2021-06-13,KALAWAO,1,0
2021-06-13,HONOLULU,27469,392
2021-06-13,HAWAII,3138,54
2021-06-12,MAUI,4775,55
2021-06-12,KAUAI,328,2
2021-06-12,KALAWAO,1,0
2021-06-12,HONOLULU,27453,392
2021-06-12,HAWAII,3136,54
2021-06-11,MAUI,4757,55
2021-06-11,KAUAI,327,2
2021-06-11,KALAWAO,1,0
2021-06-11,HONOLULU,27420,392
2021-06-11,HAWAII,3090,54
2021-06-10,MAUI,4747,55
2021-06-10,KAUAI,327,2
2021-06-10,KALAWAO,1,0
2021-06-10,HONOLULU,27387,392
2021-06-10,HAWAII,3060,53
2021-06-09,MAUI,4730,55
2021-06-09,KAUAI,325,2
2021-06-09,KALAWAO,1,0
2021-06-09,HONOLULU,27355,392
2021-06-09,HAWAII,3050,53
2021-06-08,MAUI,4713,55
2021-06-08,KAUAI,325,2
2021-06-08,KALAWAO,1,0
2021-06-08,HONOLULU,27338,392
2021-06-08,HAWAII,3045,53
2021-06-07,MAUI,4700,55
2021-06-07,KAUAI,324,2
2021-06-07,KALAWAO,1,0
2021-06-07,HONOLULU,27323,392
2021-06-07,HAWAII,3043,53
2021-06-06,MAUI,4688,55
2021-06-06,KAUAI,325,2
2021-06-06,KALAWAO,1,0
2021-06-06,HONOLULU,27306,392
2021-06-06,HAWAII,3040,53
2021-06-05,MAUI,4676,55
2021-06-05,KAUAI,325,2
2021-06-05,KALAWAO,1,0
2021-06-05,HONOLULU,27274,389
2021-06-05,HAWAII,3005,53
2021-06-04,MAUI,4663,55
2021-06-04,KAUAI,324,2
2021-06-04,KALAWAO,1,0
2021-06-04,HONOLULU,27233,388
2021-06-04,HAWAII,2996,53
2021-06-03,MAUI,4650,55
2021-06-03,KAUAI,324,2
2021-06-03,KALAWAO,1,0
2021-06-03,HONOLULU,27206,388
2021-06-03,HAWAII,2971,53
2021-06-02,MAUI,4649,54
2021-06-02,KAUAI,323,2
2021-06-02,KALAWAO,1,0
2021-06-02,HONOLULU,27170,388
2021-06-02,HAWAII,2968,53
2021-06-01,MAUI,4640,54
2021-06-01,KAUAI,324,2
2021-06-01,KALAWAO,1,0
2021-06-01,HONOLULU,27157,388
2021-06-01,HAWAII,2968,53
2021-05-31,MAUI,4637,54
2021-05-31,KAUAI,321,2
2021-05-31,KALAWAO,1,0
2021-05-31,HONOLULU,27127,388
2021-05-31,HAWAII,2949,53
2021-05-30,MAUI,4631,54
2021-05-30,KAUAI,320,2
2021-05-30,KALAWAO,1,0
2021-05-30,HONOLULU,27107,388
2021-05-30,HAWAII,2949,53
2021-05-29,MAUI,4625,54
2021-05-29,KAUAI,318,2
2021-05-29,KALAWAO,1,0
2021-05-29,HONOLULU,27059,387
2021-05-29,HAWAII,2886,53
2021-05-28,MAUI,4619,54
2021-05-28,KAUAI,318,2
2021-05-28,KALAWAO,1,0
2021-05-28,HONOLULU,27031,386
2021-05-28,HAWAII,2875,53
2021-05-27,MAUI,4611,54
2021-05-27,KAUAI,318,2
2021-05-27,KALAWAO,1,0
2021-05-27,HONOLULU,27007,386
2021-05-27,HAWAII,2870,53
2021-05-26,MAUI,4602,54
2021-05-26,KAUAI,318,2
2021-05-26,KALAWAO,1,0
2021-05-26,HONOLULU,26969,384
2021-05-26,HAWAII,2864,53
2021-05-25,MAUI,4595,54
2021-05-25,KAUAI,318,2
2021-05-25,KALAWAO,1,0
2021-05-25,HONOLULU,26939,384
2021-05-25,HAWAII,2855,53
2021-05-24,MAUI,4594,54
2021-05-24,KAUAI,317,2
2021-05-24,KALAWAO,1,0
2021-05-24,HONOLULU,26923,384
2021-05-24,HAWAII,2853,53
2021-05-23,MAUI,4588,54
2021-05-23,KAUAI,317,2
2021-05-23,KALAWAO,1,0
2021-05-23,HONOLULU,26900,384
2021-05-23,HAWAII,2848,53
2021-05-22,MAUI,4588,54
2021-05-22,KAUAI,316,2
2021-05-22,KALAWAO,1,0
2021-05-22,HONOLULU,26865,382
2021-05-22,HAWAII,2840,53
2021-05-21,MAUI,4571,54
2021-05-21,KAUAI,316,2
2021-05-21,KALAWAO,1,0
2021-05-21,HONOLULU,26794,382
2021-05-21,HAWAII,2839,53
2021-05-20,MAUI,4569,54
2021-05-20,KAUAI,313,2
2021-05-20,KALAWAO,1,0
2021-05-20,HONOLULU,26755,380
2021-05-20,HAWAII,2836,53
2021-05-19,MAUI,4554,54
2021-05-19,KAUAI,313,2
2021-05-19,KALAWAO,1,0
2021-05-19,HONOLULU,26694,380
2021-05-19,HAWAII,2834,53
2021-05-18,MAUI,4532,54
2021-05-18,KAUAI,312,2
2021-05-18,KALAWAO,1,0
2021-05-18,HONOLULU,26632,380
2021-05-18,HAWAII,2823,53
2021-05-17,MAUI,4530,54
2021-05-17,KAUAI,309,2
2021-05-17,KALAWAO,1,0
2021-05-17,HONOLULU,26583,380
2021-05-17,HAWAII,2824,53
2021-05-16,MAUI,4524,54
2021-05-16,KAUAI,309,2
2021-05-16,KALAWAO,1,0
2021-05-16,HONOLULU,26529,380
2021-05-16,HAWAII,2817,53
2021-05-15,MAUI,4512,54
2021-05-15,KAUAI,309,2
2021-05-15,KALAWAO,1,0
2021-05-15,HONOLULU,26428,379
2021-05-15,HAWAII,2814,53
2021-05-14,MAUI,4497,54
2021-05-14,KAUAI,308,2
2021-05-14,KALAWAO,1,0
2021-05-14,HONOLULU,26349,378
2021-05-14,HAWAII,2811,53
2021-05-13,MAUI,4479,53
2021-05-13,KAUAI,306,2
2021-05-13,KALAWAO,1,0
2021-05-13,HONOLULU,26243,378
2021-05-13,HAWAII,2806,53
2021-05-12,MAUI,4461,53
2021-05-12,KAUAI,306,2
2021-05-12,KALAWAO,1,0
2021-05-12,HONOLULU,26195,378
2021-05-12,HAWAII,2799,53
2021-05-11,MAUI,4453,53
2021-05-11,KAUAI,306,2
2021-05-11,KALAWAO,1,0
2021-05-11,HONOLULU,26165,377
2021-05-11,HAWAII,2798,53
2021-05-10,MAUI,4449,53
2021-05-10,KAUAI,305,2
2021-05-10,KALAWAO,1,0
2021-05-10,HONOLULU,26115,377
2021-05-10,HAWAII,2795,53
2021-05-09,MAUI,4439,53
2021-05-09,KAUAI,299,2
2021-05-09,KALAWAO,1,0
2021-05-09,HONOLULU,26079,377
2021-05-09,HAWAII,2795,53
2021-05-08,MAUI,4423,52
2021-05-08,KAUAI,299,2
2021-05-08,KALAWAO,1,0
2021-05-08,HONOLULU,26030,377
2021-05-08,HAWAII,2787,53
2021-05-07,MAUI,4416,52
2021-05-07,KAUAI,297,2
2021-05-07,KALAWAO,1,0
2021-05-07,HONOLULU,25957,376
2021-05-07,HAWAII,2781,53
2021-05-06,MAUI,4386,52
2021-05-06,KAUAI,289,2
2021-05-06,KALAWAO,1,0
2021-05-06,HONOLULU,25856,376
2021-05-06,HAWAII,2777,53
2021-05-05,MAUI,4376,52
2021-05-05,KAUAI,285,2
2021-05-05,KALAWAO,1,0
2021-05-05,HONOLULU,25757,375
2021-05-05,HAWAII,2767,53
2021-05-04,MAUI,4368,52
2021-05-04,KAUAI,279,2
2021-05-04,KALAWAO,1,0
2021-05-04,HONOLULU,25719,374
2021-05-04,HAWAII,2765,53
2021-05-03,MAUI,4358,52
2021-05-03,KAUAI,278,2
2021-05-03,KALAWAO,1,0
2021-05-03,HONOLULU,25660,374
2021-05-03,HAWAII,2763,53
2021-05-02,MAUI,4347,51
2021-05-02,KAUAI,271,2
2021-05-02,KALAWAO,1,0
2021-05-02,HONOLULU,25611,374
2021-05-02,HAWAII,2759,53
2021-05-01,MAUI,4331,51
2021-05-01,KAUAI,262,2
2021-05-01,KALAWAO,1,0
2021-05-01,HONOLULU,25532,374
2021-05-01,HAWAII,2756,53
2021-04-30,MAUI,4310,51
2021-04-30,KAUAI,245,2
2021-04-30,KALAWAO,1,0
2021-04-30,HONOLULU,25463,374
2021-04-30,HAWAII,2748,53
2021-04-29,MAUI,4276,51
2021-04-29,KAUAI,233,2
2021-04-29,KALAWAO,1,0
2021-04-29,HONOLULU,25332,374
2021-04-29,HAWAII,2738,53
2021-04-28,MAUI,4250,51
2021-04-28,KAUAI,227,1
2021-04-28,KALAWAO,1,0
2021-04-28,HONOLULU,25253,374
2021-04-28,HAWAII,2734,53
2021-04-27,MAUI,4240,49
2021-04-27,KAUAI,225,1
2021-04-27,KALAWAO,1,0
2021-04-27,HONOLULU,25198,373
2021-04-27,HAWAII,2733,53
2021-04-26,MAUI,4233,49
2021-04-26,KAUAI,226,1
2021-04-26,KALAWAO,1,0
2021-04-26,HONOLULU,25161,372
2021-04-26,HAWAII,2728,53
2021-04-25,MAUI,4227,49
2021-04-25,KAUAI,212,1
2021-04-25,KALAWAO,1,0
2021-04-25,HONOLULU,25119,372
2021-04-25,HAWAII,2725,53
2021-04-24,MAUI,4215,49
2021-04-24,KAUAI,209,1
2021-04-24,KALAWAO,1,0
2021-04-24,HONOLULU,25021,372
2021-04-24,HAWAII,2719,53
2021-04-23,MAUI,4210,49
2021-04-23,KAUAI,207,1
2021-04-23,KALAWAO,1,0
2021-04-23,HONOLULU,24981,371
2021-04-23,HAWAII,2715,53
2021-04-22,MAUI,4189,48
2021-04-22,KAUAI,208,1
2021-04-22,KALAWAO,1,0
2021-04-22,HONOLULU,24869,371
2021-04-22,HAWAII,2710,53
2021-04-21,MAUI,4180,47
2021-04-21,KAUAI,206,1
2021-04-21,KALAWAO,1,0
2021-04-21,HONOLULU,24797,370
2021-04-21,HAWAII,2701,53
2021-04-20,MAUI,4164,47
2021-04-20,KAUAI,203,1
2021-04-20,KALAWAO,1,0
2021-04-20,HONOLULU,24754,370
2021-04-20,HAWAII,2695,53
2021-04-19,MAUI,4151,47
2021-04-19,KAUAI,203,1
2021-04-19,KALAWAO,1,0
2021-04-19,HONOLULU,24730,370
2021-04-19,HAWAII,2694,53
2021-04-18,MAUI,4141,47
2021-04-18,KAUAI,203,1
2021-04-18,KALAWAO,1,0
2021-04-18,HONOLULU,24678,370
2021-04-18,HAWAII,2692,53
2021-04-17,MAUI,4135,47
2021-04-17,KAUAI,203,1
2021-04-17,KALAWAO,1,0
2021-04-17,HONOLULU,24585,370
2021-04-17,HAWAII,2682,53
2021-04-16,MAUI,4099,47
2021-04-16,KAUAI,202,1
2021-04-16,KALAWAO,1,0
2021-04-16,HONOLULU,24537,370
2021-04-16,HAWAII,2671,53
2021-04-15,MAUI,4044,46
2021-04-15,KAUAI,202,1
2021-04-15,KALAWAO,1,0
2021-04-15,HONOLULU,24422,370
2021-04-15,HAWAII,2668,53
2021-04-14,MAUI,4020,46
2021-04-14,KAUAI,202,1
2021-04-14,KALAWAO,1,0
2021-04-14,HONOLULU,24365,370
2021-04-14,HAWAII,2654,53
2021-04-13,MAUI,4003,44
2021-04-13,KAUAI,202,1
2021-04-13,KALAWAO,1,0
2021-04-13,HONOLULU,24330,370
2021-04-13,HAWAII,2639,53
2021-04-12,MAUI,3985,44
2021-04-12,KAUAI,202,1
2021-04-12,KALAWAO,1,0
2021-04-12,HONOLULU,24291,370
2021-04-12,HAWAII,2634,53
2021-04-11,MAUI,3970,44
2021-04-11,KAUAI,202,1
2021-04-11,KALAWAO,1,0
2021-04-11,HONOLULU,24243,370
2021-04-11,HAWAII,2629,53
2021-04-10,MAUI,3959,44
2021-04-10,KAUAI,202,1
2021-04-10,KALAWAO,1,0
2021-04-10,HONOLULU,24171,370
2021-04-10,HAWAII,2623,53
2021-04-09,MAUI,3933,43
2021-04-09,KAUAI,202,1
2021-04-09,KALAWAO,1,0
2021-04-09,HONOLULU,24097,370
2021-04-09,HAWAII,2611,53
2021-04-08,MAUI,3879,43
2021-04-08,KAUAI,202,1
2021-04-08,KALAWAO,1,0
2021-04-08,HONOLULU,23991,370
2021-04-08,HAWAII,2600,53
2021-04-07,MAUI,3839,41
2021-04-07,KAUAI,201,1
2021-04-07,KALAWAO,1,0
2021-04-07,HONOLULU,23922,369
2021-04-07,HAWAII,2589,53
2021-04-06,MAUI,3824,41
2021-04-06,KAUAI,199,1
2021-04-06,KALAWAO,1,0
2021-04-06,HONOLULU,23871,369
2021-04-06,HAWAII,2584,53
2021-04-05,MAUI,3803,41
2021-04-05,KAUAI,199,1
2021-04-05,KALAWAO,1,0
2021-04-05,HONOLULU,23842,369
2021-04-05,HAWAII,2582,53
2021-04-04,MAUI,3780,41
2021-04-04,KAUAI,199,1
2021-04-04,KALAWAO,1,0
2021-04-04,HONOLULU,23790,369
2021-04-04,HAWAII,2568,53
2021-04-03,MAUI,3754,41
2021-04-03,KAUAI,199,1
2021-04-03,KALAWAO,1,0
2021-04-03,HONOLULU,23739,369
2021-04-03,HAWAII,2553,53
2021-04-02,MAUI,3730,40
2021-04-02,KAUAI,198,1
2021-04-02,KALAWAO,1,0
2021-04-02,HONOLULU,23667,366
2021-04-02,HAWAII,2544,53
2021-04-01,MAUI,3634,40
2021-04-01,KAUAI,194,1
2021-04-01,KALAWAO,1,0
2021-04-01,HONOLULU,23534,366
2021-04-01,HAWAII,2525,53
2021-03-31,MAUI,3604,40
2021-03-31,KAUAI,194,1
2021-03-31,KALAWAO,1,0
2021-03-31,HONOLULU,23463,366
2021-03-31,HAWAII,2517,53
2021-03-30,MAUI,3573,40
2021-03-30,KAUAI,193,1
2021-03-30,KALAWAO,1,0
2021-03-30,HONOLULU,23421,365
2021-03-30,HAWAII,2501,53
2021-03-29,MAUI,3562,40
2021-03-29,KAUAI,192,1
2021-03-29,KALAWAO,1,0
2021-03-29,HONOLULU,23376,365
2021-03-29,HAWAII,2495,53
2021-03-28,MAUI,3526,40
2021-03-28,KAUAI,192,1
2021-03-28,KALAWAO,1,0
2021-03-28,HONOLULU,23324,365
2021-03-28,HAWAII,2485,53
2021-03-27,MAUI,3500,40
2021-03-27,KAUAI,192,1
2021-03-27,KALAWAO,1,0
2021-03-27,HONOLULU,23263,365
2021-03-27,HAWAII,2470,53
2021-03-26,MAUI,3470,38
2021-03-26,KAUAI,191,1
2021-03-26,KALAWAO,1,0
2021-03-26,HONOLULU,23204,364
2021-03-26,HAWAII,2456,53
2021-03-25,MAUI,3380,37
2021-03-25,KAUAI,190,1
2021-03-25,KALAWAO,1,0
2021-03-25,HONOLULU,23106,364
2021-03-25,HAWAII,2443,53
2021-03-24,MAUI,3360,37
2021-03-24,KAUAI,190,1
2021-03-24,KALAWAO,1,0
2021-03-24,HONOLULU,23023,363
2021-03-24,HAWAII,2431,53
2021-03-23,MAUI,3337,36
2021-03-23,KAUAI,189,1
2021-03-23,KALAWAO,1,0
2021-03-23,HONOLULU,22999,361
2021-03-23,HAWAII,2424,53
2021-03-22,MAUI,3328,36
2021-03-22,KAUAI,189,1
2021-03-22,KALAWAO,1,0
2021-03-22,HONOLULU,22971,361
2021-03-22,HAWAII,2423,53
2021-03-21,MAUI,3307,36
2021-03-21,KAUAI,188,1
2021-03-21,KALAWAO,1,0
2021-03-21,HONOLULU,22924,361
2021-03-21,HAWAII,2414,53
2021-03-20,MAUI,3282,36
2021-03-20,KAUAI,188,1
2021-03-20,KALAWAO,1,0
2021-03-20,HONOLULU,22883,360
2021-03-20,HAWAII,2409,53
2021-03-19,MAUI,3260,36
2021-03-19,KAUAI,188,1
2021-03-19,KALAWAO,1,0
2021-03-19,HONOLULU,22829,359
2021-03-19,HAWAII,2400,53
2021-03-18,MAUI,3187,35
2021-03-18,KAUAI,188,1
2021-03-18,KALAWAO,1,0
2021-03-18,HONOLULU,22742,359
2021-03-18,HAWAII,2391,53
2021-03-17,MAUI,3146,35
2021-03-17,KAUAI,189,1
2021-03-17,KALAWAO,1,0
2021-03-17,HONOLULU,22703,359
2021-03-17,HAWAII,2384,53
2021-03-16,MAUI,3122,35
2021-03-16,KAUAI,189,1
2021-03-16,KALAWAO,1,0
2021-03-16,HONOLULU,22665,359
2021-03-16,HAWAII,2380,53
2021-03-15,MAUI,3115,35
2021-03-15,KAUAI,188,1
2021-03-15,KALAWAO,1,0
2021-03-15,HONOLULU,22636,359
2021-03-15,HAWAII,2372,53
2021-03-14,MAUI,3100,35
2021-03-14,KAUAI,188,1
2021-03-14,KALAWAO,1,0
2021-03-14,HONOLULU,22614,359
2021-03-14,HAWAII,2365,53
2021-03-13,MAUI,3082,35
2021-03-13,KAUAI,188,1
2021-03-13,KALAWAO,1,0
2021-03-13,HONOLULU,22586,358
2021-03-13,HAWAII,2361,53
2021-03-12,MAUI,3060,35
2021-03-12,KAUAI,188,1
2021-03-12,KALAWAO,1,0
2021-03-12,HONOLULU,22553,357
2021-03-12,HAWAII,2354,53
2021-03-11,MAUI,3016,35
2021-03-11,KAUAI,188,1
2021-03-11,KALAWAO,1,0
2021-03-11,HONOLULU,22458,356
2021-03-11,HAWAII,2335,53
2021-03-10,MAUI,2998,35
2021-03-10,KAUAI,188,1
2021-03-10,KALAWAO,1,0
2021-03-10,HONOLULU,22430,356
2021-03-10,HAWAII,2327,53
2021-03-09,MAUI,2989,35
2021-03-09,KAUAI,188,1
2021-03-09,KALAWAO,1,0
2021-03-09,HONOLULU,22403,353
2021-03-09,HAWAII,2322,53
2021-03-08,MAUI,2971,35
2021-03-08,KAUAI,188,1
2021-03-08,KALAWAO,1,0
2021-03-08,HONOLULU,22387,353
2021-03-08,HAWAII,2315,53
2021-03-07,MAUI,2960,35
2021-03-07,KAUAI,188,1
2021-03-07,KALAWAO,1,0
2021-03-07,HONOLULU,22367,353
2021-03-07,HAWAII,2305,53
2021-03-06,MAUI,2948,34
2021-03-06,KAUAI,186,1
2021-03-06,KALAWAO,1,0
2021-03-06,HONOLULU,22342,353
2021-03-06,HAWAII,2297,53
2021-03-05,MAUI,2906,33
2021-03-05,KAUAI,186,1
2021-03-05,KALAWAO,1,0
2021-03-05,HONOLULU,22311,353
2021-03-05,HAWAII,2289,53
2021-03-04,MAUI,2874,33
2021-03-04,KAUAI,186,1
2021-03-04,KALAWAO,1,0
2021-03-04,HONOLULU,22260,351
2021-03-04,HAWAII,2283,53
2021-03-03,MAUI,2859,33
2021-03-03,KAUAI,185,1
2021-03-03,KALAWAO,1,0
2021-03-03,HONOLULU,22225,351
2021-03-03,HAWAII,2279,53
2021-03-02,MAUI,2850,33
2021-03-02,KAUAI,184,1
2021-03-02,KALAWAO,1,0
2021-03-02,HONOLULU,22218,349
2021-03-02,HAWAII,2279,53
2021-03-01,MAUI,2837,33
2021-03-01,KAUAI,185,1
2021-03-01,KALAWAO,1,0
2021-03-01,HONOLULU,22200,349
2021-03-01,HAWAII,2276,53
2021-02-28,MAUI,2829,33
2021-02-28,KAUAI,185,1
2021-02-28,KALAWAO,1,0
2021-02-28,HONOLULU,22183,349
2021-02-28,HAWAII,2275,53
2021-02-27,MAUI,2815,33
2021-02-27,KAUAI,185,1
2021-02-27,KALAWAO,1,0
2021-02-27,HONOLULU,22147,349
2021-02-27,HAWAII,2271,53
2021-02-26,MAUI,2740,33
2021-02-26,KAUAI,185,1
2021-02-26,KALAWAO,1,0
2021-02-26,HONOLULU,22126,347
2021-02-26,HAWAII,2268,53
2021-02-25,MAUI,2714,32
2021-02-25,KAUAI,184,1
2021-02-25,KALAWAO,1,0
2021-02-25,HONOLULU,22081,346
2021-02-25,HAWAII,2267,53
2021-02-24,MAUI,2703,32
2021-02-24,KAUAI,184,1
2021-02-24,KALAWAO,1,0
2021-02-24,HONOLULU,22057,346
2021-02-24,HAWAII,2266,53
2021-02-23,MAUI,2679,30
2021-02-23,KAUAI,183,1
2021-02-23,KALAWAO,1,0
2021-02-23,HONOLULU,22041,344
2021-02-23,HAWAII,2264,53
2021-02-22,MAUI,2662,30
2021-02-22,KAUAI,183,1
2021-02-22,KALAWAO,1,0
2021-02-22,HONOLULU,22014,344
2021-02-22,HAWAII,2264,53
2021-02-21,MAUI,2635,30
2021-02-21,KAUAI,182,1
2021-02-21,KALAWAO,1,0
2021-02-21,HONOLULU,21995,344
2021-02-21,HAWAII,2262,53
2021-02-20,MAUI,2607,30
2021-02-20,KAUAI,182,1
2021-02-20,KALAWAO,1,0
2021-02-20,HONOLULU,21963,343
2021-02-20,HAWAII,2258,53
2021-02-19,MAUI,2595,30
2021-02-19,KAUAI,182,1
2021-02-19,KALAWAO,1,0
2021-02-19,HONOLULU,21928,343
2021-02-19,HAWAII,2256,53
2021-02-18,MAUI,2579,29
2021-02-18,KAUAI,182,1
2021-02-18,KALAWAO,1,0
2021-02-18,HONOLULU,21892,342
2021-02-18,HAWAII,2252,53
2021-02-17,MAUI,2572,29
2021-02-17,KAUAI,181,1
2021-02-17,KALAWAO,1,0
2021-02-17,HONOLULU,21847,341
2021-02-17,HAWAII,2245,53
2021-02-16,MAUI,2563,29
2021-02-16,KAUAI,181,1
2021-02-16,KALAWAO,1,0
2021-02-16,HONOLULU,21830,340
2021-02-16,HAWAII,2244,53
2021-02-15,MAUI,2560,29
2021-02-15,KAUAI,181,1
2021-02-15,KALAWAO,1,0
2021-02-15,HONOLULU,21817,340
2021-02-15,HAWAII,2244,53
2021-02-14,MAUI,2552,29
2021-02-14,KAUAI,181,1
2021-02-14,KALAWAO,1,0
2021-02-14,HONOLULU,21794,340
2021-02-14,HAWAII,2244,53
2021-02-13,MAUI,2548,29
2021-02-13,KAUAI,181,1
2021-02-13,KALAWAO,1,0
2021-02-13,HONOLULU,21758,339
2021-02-13,HAWAII,2241,53
2021-02-12,MAUI,2539,29
2021-02-12,KAUAI,181,1
2021-02-12,KALAWAO,1,0
2021-02-12,HONOLULU,21712,339
2021-02-12,HAWAII,2239,53
2021-02-11,MAUI,2505,29
2021-02-11,KAUAI,181,1
2021-02-11,KALAWAO,1,0
2021-02-11,HONOLULU,21670,338
2021-02-11,HAWAII,2234,53
2021-02-10,MAUI,2485,29
2021-02-10,KAUAI,181,1
2021-02-10,KALAWAO,1,0
2021-02-10,HONOLULU,21609,337
2021-02-10,HAWAII,2231,53
2021-02-09,MAUI,2476,26
2021-02-09,KAUAI,181,1
2021-02-09,KALAWAO,1,0
2021-02-09,HONOLULU,21569,335
2021-02-09,HAWAII,2229,53
2021-02-08,MAUI,2473,26
2021-02-08,KAUAI,181,1
2021-02-08,KALAWAO,1,0
2021-02-08,HONOLULU,21547,335
2021-02-08,HAWAII,2226,53
2021-02-07,MAUI,2466,26
2021-02-07,KAUAI,181,1
2021-02-07,KALAWAO,1,0
2021-02-07,HONOLULU,21527,335
2021-02-07,HAWAII,2223,53
2021-02-06,MAUI,2452,26
2021-02-06,KAUAI,181,1
2021-02-06,KALAWAO,1,0
2021-02-06,HONOLULU,21475,333
2021-02-06,HAWAII,2216,53
2021-02-05,MAUI,2435,26
2021-02-05,KAUAI,180,1
2021-02-05,KALAWAO,1,0
2021-02-05,HONOLULU,21390,333
2021-02-05,HAWAII,2215,53
2021-02-04,MAUI,2391,26
2021-02-04,KAUAI,180,1
2021-02-04,KALAWAO,1,0
2021-02-04,HONOLULU,21316,333
2021-02-04,HAWAII,2213,53
2021-02-03,MAUI,2375,26
2021-02-03,KAUAI,181,1
2021-02-03,KALAWAO,1,0
2021-02-03,HONOLULU,21237,331
2021-02-03,HAWAII,2206,53
2021-02-02,MAUI,2352,26
2021-02-02,KAUAI,181,1
2021-02-02,KALAWAO,1,0
2021-02-02,HONOLULU,21196,327
2021-02-02,HAWAII,2202,53
2021-02-01,MAUI,2335,26
2021-02-01,KAUAI,181,1
2021-02-01,KALAWAO,1,0
2021-02-01,HONOLULU,21155,327
2021-02-01,HAWAII,2198,53
2021-01-31,MAUI,2316,26
2021-01-31,KAUAI,180,1
2021-01-31,KALAWAO,1,0
2021-01-31,HONOLULU,21098,327
2021-01-31,HAWAII,2191,53
2021-01-30,MAUI,2308,25
2021-01-30,KAUAI,180,1
2021-01-30,KALAWAO,1,0
2021-01-30,HONOLULU,21039,325
2021-01-30,HAWAII,2180,53
2021-01-29,MAUI,2288,25
2021-01-29,KAUAI,180,1
2021-01-29,KALAWAO,1,0
2021-01-29,HONOLULU,20957,325
2021-01-29,HAWAII,2173,53
2021-01-28,MAUI,2236,25
2021-01-28,KAUAI,179,1
2021-01-28,KALAWAO,1,0
2021-01-28,HONOLULU,20878,324
2021-01-28,HAWAII,2166,53
2021-01-27,MAUI,2214,25
2021-01-27,KAUAI,179,1
2021-01-27,KALAWAO,1,0
2021-01-27,HONOLULU,20813,322
2021-01-27,HAWAII,2159,53
2021-01-26,MAUI,2187,24
2021-01-26,KAUAI,179,1
2021-01-26,KALAWAO,1,0
2021-01-26,HONOLULU,20749,320
2021-01-26,HAWAII,2156,53
2021-01-25,MAUI,2179,21
2021-01-25,KAUAI,179,1
2021-01-25,KALAWAO,1,0
2021-01-25,HONOLULU,20695,271
2021-01-25,HAWAII,2155,46
2021-01-24,MAUI,2158,21
2021-01-24,KAUAI,178,1
2021-01-24,KALAWAO,1,0
2021-01-24,HONOLULU,20607,271
2021-01-24,HAWAII,2149,46
2021-01-23,MAUI,2124,21
2021-01-23,KAUAI,178,1
2021-01-23,KALAWAO,1,0
2021-01-23,HONOLULU,20505,266
2021-01-23,HAWAII,2142,45
2021-01-22,MAUI,2103,21
2021-01-22,KAUAI,178,1
2021-01-22,KALAWAO,1,0
2021-01-22,HONOLULU,20401,262
2021-01-22,HAWAII,2140,45
2021-01-21,MAUI,2055,21
2021-01-21,KAUAI,177,1
2021-01-21,KALAWAO,1,0
2021-01-21,HONOLULU,20297,258
2021-01-21,HAWAII,2133,45
2021-01-20,MAUI,2025,21
2021-01-20,KAUAI,177,1
2021-01-20,KALAWAO,1,0
2021-01-20,HONOLULU,20231,255
2021-01-20,HAWAII,2117,45
2021-01-19,MAUI,2011,20
2021-01-19,KAUAI,176,1
2021-01-19,KALAWAO,1,0
2021-01-19,HONOLULU,20182,255
2021-01-19,HAWAII,2113,45
2021-01-18,MAUI,2002,20
2021-01-18,KAUAI,176,1
2021-01-18,KALAWAO,1,0
2021-01-18,HONOLULU,20138,253
2021-01-18,HAWAII,2107,45
2021-01-17,MAUI,1981,20
2021-01-17,KAUAI,174,1
2021-01-17,KALAWAO,1,0
2021-01-17,HONOLULU,20055,253
2021-01-17,HAWAII,2098,45
2021-01-16,MAUI,1954,20
2021-01-16,KAUAI,173,1
2021-01-16,KALAWAO,1,0
2021-01-16,HONOLULU,19969,251
2021-01-16,HAWAII,2091,45
2021-01-15,MAUI,1924,20
2021-01-15,KAUAI,172,1
2021-01-15,KALAWAO,1,0
2021-01-15,HONOLULU,19855,249
2021-01-15,HAWAII,2080,45
2021-01-14,MAUI,1855,20
2021-01-14,KAUAI,171,1
2021-01-14,KALAWAO,1,0
2021-01-14,HONOLULU,19727,249
2021-01-14,HAWAII,2073,45
2021-01-13,MAUI,1823,19
2021-01-13,KAUAI,170,1
2021-01-13,KALAWAO,1,0
2021-01-13,HONOLULU,19609,244
2021-01-13,HAWAII,2060,45
2021-01-12,MAUI,1812,18
2021-01-12,KAUAI,168,1
2021-01-12,KALAWAO,1,0
2021-01-12,HONOLULU,19536,242
2021-01-12,HAWAII,2053,45
2021-01-11,MAUI,1791,18
2021-01-11,KAUAI,168,1
2021-01-11,KALAWAO,1,0
2021-01-11,HONOLULU,19453,242
2021-01-11,HAWAII,2049,45
2021-01-10,MAUI,1758,18
2021-01-10,KAUAI,167,1
2021-01-10,KALAWAO,1,0
2021-01-10,HONOLULU,19345,242
2021-01-10,HAWAII,2029,45
2021-01-09,MAUI,1728,18
2021-01-09,KAUAI,158,1
2021-01-09,KALAWAO,1,0
2021-01-09,HONOLULU,19218,241
2021-01-09,HAWAII,2017,45
2021-01-08,MAUI,1678,18
2021-01-08,KAUAI,158,1
2021-01-08,KALAWAO,1,0
2021-01-08,HONOLULU,19060,237
2021-01-08,HAWAII,1997,45
2021-01-07,MAUI,1621,18
2021-01-07,KAUAI,155,1
2021-01-07,KALAWAO,1,0
2021-01-07,HONOLULU,18848,233
2021-01-07,HAWAII,1986,45
2021-01-06,MAUI,1566,18
2021-01-06,KAUAI,154,1
2021-01-06,KALAWAO,1,0
2021-01-06,HONOLULU,18636,233
2021-01-06,HAWAII,1968,45
2021-01-05,MAUI,1536,17
2021-01-05,KAUAI,151,1
2021-01-05,KALAWAO,1,0
2021-01-05,HONOLULU,18551,224
2021-01-05,HAWAII,1960,45
2021-01-04,MAUI,1515,17
2021-01-04,KAUAI,151,1
2021-01-04,KALAWAO,1,0
2021-01-04,HONOLULU,18477,224
2021-01-04,HAWAII,1948,45
2021-01-03,MAUI,1506,17
2021-01-03,KAUAI,151,1
2021-01-03,KALAWAO,1,0
2021-01-03,HONOLULU,18415,224
2021-01-03,HAWAII,1944,45
2021-01-02,MAUI,1476,17
2021-01-02,KAUAI,149,1
2021-01-02,KALAWAO,1,0
2021-01-02,HONOLULU,18327,224
2021-01-02,HAWAII,1942,45
2021-01-01,MAUI,1431,17
2021-01-01,KAUAI,147,1
2021-01-01,KALAWAO,1,0
2021-01-01,HONOLULU,18235,224
2021-01-01,HAWAII,1922,45
2020-12-31,MAUI,1370,17
2020-12-31,KAUAI,146,1
2020-12-31,KALAWAO,1,0
2020-12-31,HONOLULU,18034,223
2020-12-31,HAWAII,1908,45
2020-12-30,MAUI,1344,17
2020-12-30,KAUAI,146,1
2020-12-30,KALAWAO,1,0
2020-12-30,HONOLULU,17899,221
2020-12-30,HAWAII,1894,44
2020-12-29,MAUI,1327,17
2020-12-29,KAUAI,145,1
2020-12-29,KALAWAO,1,0
2020-12-29,HONOLULU,17815,221
2020-12-29,HAWAII,1892,44
2020-12-28,MAUI,1318,17
2020-12-28,KAUAI,145,1
2020-12-28,KALAWAO,1,0
2020-12-28,HONOLULU,17760,221
2020-12-28,HAWAII,1885,44
2020-12-27,MAUI,1305,17
2020-12-27,KAUAI,144,1
2020-12-27,KALAWAO,1,0
2020-12-27,HONOLULU,17731,221
2020-12-27,HAWAII,1883,44
2020-12-26,MAUI,1287,17
2020-12-26,KAUAI,143,1
2020-12-26,KALAWAO,1,0
2020-12-26,HONOLULU,17659,221
2020-12-26,HAWAII,1880,44
2020-12-25,MAUI,1267,17
2020-12-25,KAUAI,140,1
2020-12-25,KALAWAO,1,0
2020-12-25,HONOLULU,17576,221
2020-12-25,HAWAII,1877,44
2020-12-24,MAUI,1218,17
2020-12-24,KAUAI,140,1
2020-12-24,KALAWAO,1,0
2020-12-24,HONOLULU,17480,221
2020-12-24,HAWAII,1868,44
2020-12-23,MAUI,1186,17
2020-12-23,KAUAI,139,1
2020-12-23,KALAWAO,1,0
2020-12-23,HONOLULU,17401,221
2020-12-23,HAWAII,1855,44
2020-12-22,MAUI,1172,17
2020-12-22,KAUAI,139,1
2020-12-22,KALAWAO,1,0
2020-12-22,HONOLULU,17333,218
2020-12-22,HAWAII,1842,44
2020-12-21,MAUI,1165,17
2020-12-21,KAUAI,139,1
2020-12-21,KALAWAO,1,0
2020-12-21,HONOLULU,17282,218
2020-12-21,HAWAII,1836,44
2020-12-20,MAUI,1151,17
2020-12-20,KAUAI,138,1
2020-12-20,KALAWAO,1,0
2020-12-20,HONOLULU,17178,218
2020-12-20,HAWAII,1823,44
2020-12-19,MAUI,1140,17
2020-12-19,KAUAI,138,1
2020-12-19,KALAWAO,1,0
2020-12-19,HONOLULU,17000,217
2020-12-19,HAWAII,1810,44
2020-12-18,MAUI,1126,17
2020-12-18,KAUAI,137,1
2020-12-18,KALAWAO,1,0
2020-12-18,HONOLULU,16884,217
2020-12-18,HAWAII,1789,44
2020-12-17,MAUI,1084,17
2020-12-17,KAUAI,136,1
2020-12-17,KALAWAO,1,0
2020-12-17,HONOLULU,16780,216
2020-12-17,HAWAII,1780,44
2020-12-16,MAUI,1077,17
2020-12-16,KAUAI,135,1
2020-12-16,KALAWAO,1,0
2020-12-16,HONOLULU,16667,215
2020-12-16,HAWAII,1765,43
2020-12-15,MAUI,1063,17
2020-12-15,KAUAI,135,1
2020-12-15,KALAWAO,1,0
2020-12-15,HONOLULU,16582,211
2020-12-15,HAWAII,1760,43
2020-12-14,MAUI,1056,17
2020-12-14,KAUAI,135,1
2020-12-14,KALAWAO,1,0
2020-12-14,HONOLULU,16547,211
2020-12-14,HAWAII,1750,43
2020-12-13,MAUI,1041,17
2020-12-13,KAUAI,135,1
2020-12-13,KALAWAO,1,0
2020-12-13,HONOLULU,16390,211
2020-12-13,HAWAII,1735,43
2020-12-12,MAUI,1033,17
2020-12-12,KAUAI,131,1
2020-12-12,KALAWAO,1,0
2020-12-12,HONOLULU,16335,208
2020-12-12,HAWAII,1725,43
2020-12-11,MAUI,1011,17
2020-12-11,KAUAI,126,1
2020-12-11,KALAWAO,1,0
2020-12-11,HONOLULU,16183,206
2020-12-11,HAWAII,1708,43
2020-12-10,MAUI,956,17
2020-12-10,KAUAI,124,1
2020-12-10,KALAWAO,1,0
2020-12-10,HONOLULU,16114,205
2020-12-10,HAWAII,1706,43
2020-12-09,MAUI,946,17
2020-12-09,KAUAI,122,1
2020-12-09,HONOLULU,16035,203
2020-12-09,HAWAII,1682,43
2020-12-08,MAUI,931,17
2020-12-08,KAUAI,121,1
2020-12-08,HONOLULU,15990,199
2020-12-08,HAWAII,1670,43
2020-12-07,MAUI,922,17
2020-12-07,KAUAI,121,1
2020-12-07,HONOLULU,15951,199
2020-12-07,HAWAII,1665,43
2020-12-06,MAUI,910,17
2020-12-06,KAUAI,120,1
2020-12-06,HONOLULU,15893,199
2020-12-06,HAWAII,1658,43
2020-12-05,MAUI,904,17
2020-12-05,KAUAI,120,1
2020-12-05,HONOLULU,15806,198
2020-12-05,HAWAII,1654,43
2020-12-04,MAUI,888,17
2020-12-04,KAUAI,120,1
2020-12-04,HONOLULU,15724,195
2020-12-04,HAWAII,1641,41
2020-12-03,MAUI,863,17
2020-12-03,KAUAI,117,1
2020-12-03,HONOLULU,15650,192
2020-12-03,HAWAII,1626,34
2020-12-02,MAUI,849,17
2020-12-02,KAUAI,115,1
2020-12-02,HONOLULU,15534,190
2020-12-02,HAWAII,1619,34
2020-12-01,MAUI,845,17
2020-12-01,KAUAI,114,1
2020-12-01,HONOLULU,15472,190
2020-12-01,HAWAII,1618,34
2020-11-30,MAUI,840,17
2020-11-30,KAUAI,114,1
2020-11-30,HONOLULU,15440,190
2020-11-30,HAWAII,1612,34
2020-11-29,MAUI,830,17
2020-11-29,KAUAI,113,1
2020-11-29,HONOLULU,15374,190
2020-11-29,HAWAII,1608,34
2020-11-28,MAUI,827,17
2020-11-28,KAUAI,112,1
2020-11-28,HONOLULU,15328,188
2020-11-28,HAWAII,1604,32
2020-11-27,MAUI,818,17
2020-11-27,KAUAI,111,1
2020-11-27,HONOLULU,15280,188
2020-11-27,HAWAII,1587,32
2020-11-26,MAUI,791,17
2020-11-26,KAUAI,106,1
2020-11-26,HONOLULU,15201,185
2020-11-26,HAWAII,1580,32
2020-11-25,MAUI,778,17
2020-11-25,KAUAI,103,1
2020-11-25,HONOLULU,15111,183
2020-11-25,HAWAII,1569,32
2020-11-24,MAUI,773,17
2020-11-24,KAUAI,102,0
2020-11-24,HONOLULU,15018,182
2020-11-24,HAWAII,1568,32
2020-11-23,MAUI,769,17
2020-11-23,KAUAI,101,0
2020-11-23,HONOLULU,14973,182
2020-11-23,HAWAII,1562,32
2020-11-22,MAUI,758,17
2020-11-22,KAUAI,98,0
2020-11-22,HONOLULU,14894,182
2020-11-22,HAWAII,1552,32
2020-11-21,MAUI,754,17
2020-11-21,KAUAI,92,0
2020-11-21,HONOLULU,14798,180
2020-11-21,HAWAII,1538,32
2020-11-20,MAUI,742,17
2020-11-20,KAUAI,88,0
2020-11-20,HONOLULU,14676,173
2020-11-20,HAWAII,1523,32
2020-11-19,MAUI,723,17
2020-11-19,KAUAI,87,0
2020-11-19,HONOLULU,14598,173
2020-11-19,HAWAII,1509,32
2020-11-18,MAUI,714,17
2020-11-18,KAUAI,83,0
2020-11-18,HONOLULU,14523,173
2020-11-18,HAWAII,1497,32
2020-11-17,MAUI,712,17
2020-11-17,KAUAI,83,0
2020-11-17,HONOLULU,14465,173
2020-11-17,HAWAII,1495,31
2020-11-16,MAUI,710,17
2020-11-16,KAUAI,83,0
2020-11-16,HONOLULU,14429,173
2020-11-16,HAWAII,1489,31
2020-11-15,MAUI,704,17
2020-11-15,KAUAI,81,0
2020-11-15,HONOLULU,14353,173
2020-11-15,HAWAII,1481,31
2020-11-14,MAUI,704,17
2020-11-14,KAUAI,81,0
2020-11-14,HONOLULU,14353,173
2020-11-14,HAWAII,1481,31
2020-11-13,MAUI,703,17
2020-11-13,KAUAI,78,0
2020-11-13,HONOLULU,14264,173
2020-11-13,HAWAII,1469,31
2020-11-12,MAUI,699,17
2020-11-12,KAUAI,76,0
2020-11-12,HONOLULU,14166,173
2020-11-12,HAWAII,1462,31
2020-11-11,MAUI,693,17
2020-11-11,KAUAI,75,0
2020-11-11,HONOLULU,14094,173
2020-11-11,HAWAII,1447,31
2020-11-10,MAUI,687,17
2020-11-10,KAUAI,72,0
2020-11-10,HONOLULU,14010,173
2020-11-10,HAWAII,1424,31
2020-11-09,MAUI,682,17
2020-11-09,KAUAI,74,0
2020-11-09,HONOLULU,13948,172
2020-11-09,HAWAII,1420,31
2020-11-08,MAUI,682,17
2020-11-08,KAUAI,72,0
2020-11-08,HONOLULU,13896,172
2020-11-08,HAWAII,1416,31
2020-11-07,MAUI,680,17
2020-11-07,KAUAI,72,0
2020-11-07,HONOLULU,13790,171
2020-11-07,HAWAII,1397,31
2020-11-06,MAUI,678,17
2020-11-06,KAUAI,70,0
2020-11-06,HONOLULU,13682,170
2020-11-06,HAWAII,1386,31
2020-11-05,MAUI,658,17
2020-11-05,KAUAI,68,0
2020-11-05,HONOLULU,13590,170
2020-11-05,HAWAII,1367,31
2020-11-04,MAUI,656,17
2020-11-04,KAUAI,67,0
2020-11-04,HONOLULU,13525,170
2020-11-04,HAWAII,1343,31
2020-11-03,MAUI,651,17
2020-11-03,KAUAI,67,0
2020-11-03,HONOLULU,13401,170
2020-11-03,HAWAII,1322,31
2020-11-02,MAUI,648,17
2020-11-02,KAUAI,66,0
2020-11-02,HONOLULU,13330,170
2020-11-02,HAWAII,1315,31
2020-11-01,MAUI,645,17
2020-11-01,KAUAI,65,0
2020-11-01,HONOLULU,13266,170
2020-11-01,HAWAII,1311,31
2020-10-31,MAUI,645,17
2020-10-31,KAUAI,64,0
2020-10-31,HONOLULU,13213,170
2020-10-31,HAWAII,1285,31
2020-10-30,MAUI,644,16
2020-10-30,KAUAI,64,0
2020-10-30,HONOLULU,13167,168
2020-10-30,HAWAII,1270,31
2020-10-29,MAUI,636,16
2020-10-29,KAUAI,64,0
2020-10-29,HONOLULU,13088,168
2020-10-29,HAWAII,1258,30
2020-10-28,MAUI,634,16
2020-10-28,KAUAI,63,0
2020-10-28,HONOLULU,13028,166
2020-10-28,HAWAII,1250,30
2020-10-27,MAUI,625,18
2020-10-27,KAUAI,62,0
2020-10-27,HONOLULU,12988,166
2020-10-27,HAWAII,1245,30
2020-10-26,MAUI,615,18
2020-10-26,KAUAI,62,0
2020-10-26,HONOLULU,12939,165
2020-10-26,HAWAII,1242,28
2020-10-25,MAUI,615,18
2020-10-25,KAUAI,61,0
2020-10-25,HONOLULU,12914,165
2020-10-25,HAWAII,1233,28
2020-10-24,MAUI,598,18
2020-10-24,KAUAI,60,0
2020-10-24,HONOLULU,12866,165
2020-10-24,HAWAII,1182,28
2020-10-23,MAUI,582,18
2020-10-23,KAUAI,60,0
2020-10-23,HONOLULU,12809,162
2020-10-23,HAWAII,1166,28
2020-10-22,MAUI,543,18
2020-10-22,KAUAI,60,0
2020-10-22,HONOLULU,12744,159
2020-10-22,HAWAII,1131,28
2020-10-21,MAUI,525,18
2020-10-21,KAUAI,60,0
2020-10-21,HONOLULU,12692,156
2020-10-21,HAWAII,1102,28
2020-10-20,MAUI,521,18
2020-10-20,KAUAI,60,0
2020-10-20,HONOLULU,12627,152
2020-10-20,HAWAII,1094,18
2020-10-19,MAUI,519,18
2020-10-19,KAUAI,60,0
2020-10-19,HONOLULU,12569,150
2020-10-19,HAWAII,1070,18
2020-10-18,MAUI,519,18
2020-10-18,KAUAI,61,0
2020-10-18,HONOLULU,12540,150
2020-10-18,HAWAII,1063,18
2020-10-17,MAUI,519,18
2020-10-17,KAUAI,60,0
2020-10-17,HONOLULU,12473,149
2020-10-17,HAWAII,1049,18
2020-10-16,MAUI,519,18
2020-10-16,KAUAI,59,0
2020-10-16,HONOLULU,12392,148
2020-10-16,HAWAII,1037,18
2020-10-15,MAUI,526,18
2020-10-15,KAUAI,59,0
2020-10-15,HONOLULU,12321,147
2020-10-15,HAWAII,1016,18
2020-10-14,MAUI,524,18
2020-10-14,KAUAI,59,0
2020-10-14,HONOLULU,12248,146
2020-10-14,HAWAII,1003,18
2020-10-13,MAUI,523,13
2020-10-13,KAUAI,59,0
2020-10-13,HONOLULU,12169,144
2020-10-13,HAWAII,985,15
2020-10-12,MAUI,512,12
2020-10-12,KAUAI,59,0
2020-10-12,HONOLULU,12140,141
2020-10-12,HAWAII,964,15
2020-10-11,MAUI,512,12
2020-10-11,KAUAI,59,0
2020-10-11,HONOLULU,12103,141
2020-10-11,HAWAII,959,15
2020-10-10,MAUI,512,12
2020-10-10,KAUAI,59,0
2020-10-10,HONOLULU,12026,140
2020-10-10,HAWAII,935,15
2020-10-09,MAUI,512,12
2020-10-09,KAUAI,59,0
2020-10-09,HONOLULU,11968,138
2020-10-09,HAWAII,922,15
2020-10-08,MAUI,503,12
2020-10-08,KAUAI,59,0
2020-10-08,HONOLULU,11858,136
2020-10-08,HAWAII,877,15
2020-10-07,MAUI,502,12
2020-10-07,KAUAI,59,0
2020-10-07,HONOLULU,11772,135
2020-10-07,HAWAII,863,15
2020-10-06,MAUI,503,12
2020-10-06,KAUAI,59,0
2020-10-06,HONOLULU,11683,132
2020-10-06,HAWAII,845,15
2020-10-05,MAUI,501,12
2020-10-05,KAUAI,59,0
2020-10-05,HONOLULU,11616,129
2020-10-05,HAWAII,831,15
2020-10-04,MAUI,502,12
2020-10-04,KAUAI,59,0
2020-10-04,HONOLULU,11575,128
2020-10-04,HAWAII,821,15
2020-10-03,MAUI,500,9
2020-10-03,KAUAI,59,0
2020-10-03,HONOLULU,11522,128
2020-10-03,HAWAII,806,15
2020-10-02,MAUI,497,9
2020-10-02,KAUAI,59,0
2020-10-02,HONOLULU,11435,117
2020-10-02,HAWAII,763,15
2020-10-01,MAUI,493,9
2020-10-01,KAUAI,59,0
2020-10-01,HONOLULU,11363,114
2020-10-01,HAWAII,745,15
2020-09-30,MAUI,493,9
2020-09-30,KAUAI,59,0
2020-09-30,HONOLULU,11264,111
2020-09-30,HAWAII,739,15
2020-09-29,MAUI,492,9
2020-09-29,KAUAI,59,0
2020-09-29,HONOLULU,11173,109
2020-09-29,HAWAII,712,15
2020-09-28,MAUI,490,9
2020-09-28,KAUAI,59,0
2020-09-28,HONOLULU,11093,107
2020-09-28,HAWAII,709,15
2020-09-27,MAUI,490,9
2020-09-27,KAUAI,59,0
2020-09-27,HONOLULU,11006,107
2020-09-27,HAWAII,709,15
2020-09-26,MAUI,490,9
2020-09-26,KAUAI,59,0
2020-09-26,HONOLULU,10915,106
2020-09-26,HAWAII,702,15
2020-09-25,MAUI,490,9
2020-09-25,KAUAI,58,0
2020-09-25,HONOLULU,10791,102
2020-09-25,HAWAII,700,15
2020-09-24,MAUI,481,9
2020-09-24,KAUAI,57,0
2020-09-24,HONOLULU,10685,99
2020-09-24,HAWAII,685,15
2020-09-23,MAUI,479,9
2020-09-23,KAUAI,57,0
2020-09-23,HONOLULU,10604,97
2020-09-23,HAWAII,680,15
2020-09-22,MAUI,478,9
2020-09-22,KAUAI,57,0
2020-09-22,HONOLULU,10451,95
2020-09-22,HAWAII,667,15
2020-09-21,MAUI,478,9
2020-09-21,KAUAI,57,0
2020-09-21,HONOLULU,10396,95
2020-09-21,HAWAII,659,15
2020-09-20,MAUI,478,9
2020-09-20,KAUAI,57,0
2020-09-20,HONOLULU,10347,95
2020-09-20,HAWAII,652,15
2020-09-19,MAUI,477,9
2020-09-19,KAUAI,57,0
2020-09-19,HONOLULU,10276,95
2020-09-19,HAWAII,647,15
2020-09-18,MAUI,474,9
2020-09-18,KAUAI,57,0
2020-09-18,HONOLULU,10177,95
2020-09-18,HAWAII,640,15
2020-09-17,MAUI,451,9
2020-09-17,KAUAI,58,0
2020-09-17,HONOLULU,10072,94
2020-09-17,HAWAII,630,3
2020-09-16,MAUI,448,9
2020-09-16,KAUAI,58,0
2020-09-16,HONOLULU,9936,90
2020-09-16,HAWAII,610,3
2020-09-15,MAUI,448,9
2020-09-15,KAUAI,58,0
2020-09-15,HONOLULU,9839,87
2020-09-15,HAWAII,606,3
2020-09-14,MAUI,448,9
2020-09-14,KAUAI,58,0
2020-09-14,HONOLULU,9780,86
2020-09-14,HAWAII,601,3
2020-09-13,MAUI,445,9
2020-09-13,KAUAI,58,0
2020-09-13,HONOLULU,9711,86
2020-09-13,HAWAII,594,3
2020-09-12,MAUI,443,9
2020-09-12,KAUAI,58,0
2020-09-12,HONOLULU,9616,84
2020-09-12,HAWAII,579,3
2020-09-11,MAUI,437,9
2020-09-11,KAUAI,58,0
2020-09-11,HONOLULU,9503,83
2020-09-11,HAWAII,569,3
2020-09-10,MAUI,431,9
2020-09-10,KAUAI,58,0
2020-09-10,HONOLULU,9360,81
2020-09-10,HAWAII,548,3
2020-09-09,MAUI,428,9
2020-09-09,KAUAI,58,0
2020-09-09,HONOLULU,9202,78
2020-09-09,HAWAII,540,3
2020-09-08,MAUI,428,9
2020-09-08,KAUAI,58,0
2020-09-08,HONOLULU,9114,75
2020-09-08,HAWAII,530,3
2020-09-07,MAUI,358,8
2020-09-07,KAUAI,58,0
2020-09-07,HONOLULU,9000,74
2020-09-07,HAWAII,517,3
2020-09-06,MAUI,354,8
2020-09-06,KAUAI,58,0
2020-09-06,HONOLULU,8911,73
2020-09-06,HAWAII,506,3
2020-09-05,MAUI,352,8
2020-09-05,KAUAI,57,0
2020-09-05,HONOLULU,8765,72
2020-09-05,HAWAII,493,3
2020-09-04,MAUI,347,8
2020-09-04,KAUAI,57,0
2020-09-04,HONOLULU,8575,69
2020-09-04,HAWAII,469,3
2020-09-03,MAUI,346,8
2020-09-03,KAUAI,57,0
2020-09-03,HONOLULU,8339,67
2020-09-03,HAWAII,435,3
2020-09-02,MAUI,342,8
2020-09-02,KAUAI,57,0
2020-09-02,HONOLULU,8149,63
2020-09-02,HAWAII,418,3
2020-09-01,MAUI,340,8
2020-09-01,KAUAI,57,0
2020-09-01,HONOLULU,7848,62
2020-09-01,HAWAII,383,3
2020-08-31,MAUI,335,8
2020-08-31,KAUAI,57,0
2020-08-31,HONOLULU,7691,59
2020-08-31,HAWAII,364,2
2020-08-30,MAUI,334,8
2020-08-30,KAUAI,57,0
2020-08-30,HONOLULU,7584,54
2020-08-30,HAWAII,340,0
2020-08-29,MAUI,330,8
2020-08-29,KAUAI,57,0
2020-08-29,HONOLULU,7410,53
2020-08-29,HAWAII,318,0
2020-08-28,MAUI,324,8
2020-08-28,KAUAI,56,0
2020-08-28,HONOLULU,7147,50
2020-08-28,HAWAII,279,0
2020-08-27,MAUI,318,7
2020-08-27,KAUAI,56,0
2020-08-27,HONOLULU,6915,47
2020-08-27,HAWAII,253,0
2020-08-26,MAUI,311,7
2020-08-26,KAUAI,56,0
2020-08-26,HONOLULU,6626,43
2020-08-26,HAWAII,243,0
2020-08-25,MAUI,303,7
2020-08-25,KAUAI,56,0
2020-08-25,HONOLULU,6382,41
2020-08-25,HAWAII,220,0
2020-08-24,MAUI,300,7
2020-08-24,KAUAI,56,0
2020-08-24,HONOLULU,6181,41
2020-08-24,HAWAII,209,0
2020-08-23,MAUI,290,7
2020-08-23,KAUAI,56,0
2020-08-23,HONOLULU,6031,39
2020-08-23,HAWAII,200,0
2020-08-22,MAUI,279,7
2020-08-22,KAUAI,56,0
2020-08-22,HONOLULU,5806,39
2020-08-22,HAWAII,192,0
2020-08-21,MAUI,269,7
2020-08-21,KAUAI,56,0
2020-08-21,HONOLULU,5547,38
2020-08-21,HAWAII,177,0
2020-08-20,MAUI,263,7
2020-08-20,KAUAI,54,0
2020-08-20,HONOLULU,5340,37
2020-08-20,HAWAII,164,0
2020-08-19,MAUI,262,6
2020-08-19,KAUAI,54,0
2020-08-19,HONOLULU,5111,35
2020-08-19,HAWAII,159,0
2020-08-18,MAUI,242,6
2020-08-18,KAUAI,54,0
2020-08-18,HONOLULU,4878,34
2020-08-18,HAWAII,152,0
2020-08-17,MAUI,235,6
2020-08-17,KAUAI,54,0
2020-08-17,HONOLULU,4754,33
2020-08-17,HAWAII,149,0
2020-08-16,MAUI,226,6
2020-08-16,KAUAI,54,0
2020-08-16,HONOLULU,4591,33
2020-08-16,HAWAII,148,0
2020-08-15,MAUI,213,6
2020-08-15,KAUAI,54,0
2020-08-15,HONOLULU,4390,33
2020-08-15,HAWAII,145,0
2020-08-14,MAUI,206,6
2020-08-14,KAUAI,53,0
2020-08-14,HONOLULU,4117,33
2020-08-14,HAWAII,144,0
2020-08-13,MAUI,198,6
2020-08-13,KAUAI,52,0
2020-08-13,HONOLULU,3900,33
2020-08-13,HAWAII,139,0
2020-08-12,MAUI,191,6
2020-08-12,KAUAI,51,0
2020-08-12,HONOLULU,3558,31
2020-08-12,HAWAII,135,0
2020-08-11,UNKNOWN,0,2
2020-08-11,MAUI,190,6
2020-08-11,KAUAI,49,0
2020-08-11,HONOLULU,3361,27
2020-08-11,HAWAII,133,0
2020-08-10,MAUI,186,6
2020-08-10,KAUAI,49,0
2020-08-10,HONOLULU,3249,27
2020-08-10,HAWAII,131,0
2020-08-09,MAUI,185,6
2020-08-09,KAUAI,48,0
2020-08-09,HONOLULU,3111,24
2020-08-09,HAWAII,131,0
2020-08-08,MAUI,184,6
2020-08-08,KAUAI,47,0
2020-08-08,HONOLULU,2964,24
2020-08-08,HAWAII,128,0
2020-08-07,MAUI,181,6
2020-08-07,KAUAI,47,0
2020-08-07,HONOLULU,2741,24
2020-08-07,HAWAII,123,0
2020-08-06,MAUI,180,6
2020-08-06,KAUAI,47,0
2020-08-06,HONOLULU,2541,22
2020-08-06,HAWAII,123,0
2020-08-05,MAUI,177,6
2020-08-05,KAUAI,47,0
2020-08-05,HONOLULU,2394,20
2020-08-05,HAWAII,122,0
2020-08-04,MAUI,178,6
2020-08-04,KAUAI,47,0
2020-08-04,HONOLULU,2221,20
2020-08-04,HAWAII,122,0
2020-08-03,MAUI,178,6
2020-08-03,KAUAI,47,0
2020-08-03,HONOLULU,2083,19
2020-08-03,HAWAII,117,0
2020-08-02,MAUI,171,6
2020-08-02,KAUAI,47,0
2020-08-02,HONOLULU,1886,19
2020-08-02,HAWAII,115,0
2020-08-01,MAUI,170,6
2020-08-01,KAUAI,47,0
2020-08-01,HONOLULU,1842,19
2020-08-01,HAWAII,115,0
2020-07-31,MAUI,171,6
2020-07-31,KAUAI,47,0
2020-07-31,HONOLULU,1755,19
2020-07-31,HAWAII,115,0
2020-07-30,MAUI,167,6
2020-07-30,KAUAI,47,0
2020-07-30,HONOLULU,1637,19
2020-07-30,HAWAII,115,0
2020-07-29,MAUI,163,6
2020-07-29,KAUAI,47,0
2020-07-29,HONOLULU,1516,19
2020-07-29,HAWAII,116,0
2020-07-28,MAUI,154,6
2020-07-28,KAUAI,45,0
2020-07-28,HONOLULU,1419,19
2020-07-28,HAWAII,116,0
2020-07-27,MAUI,153,6
2020-07-27,KAUAI,45,0
2020-07-27,HONOLULU,1373,19
2020-07-27,HAWAII,117,0
2020-07-26,MAUI,153,6
2020-07-26,KAUAI,45,0
2020-07-26,HONOLULU,1345,19
2020-07-26,HAWAII,117,0
2020-07-25,MAUI,146,6
2020-07-25,KAUAI,43,0
2020-07-25,HONOLULU,1291,19
2020-07-25,HAWAII,117,0
2020-07-24,MAUI,141,6
2020-07-24,KAUAI,43,0
2020-07-24,HONOLULU,1225,19
2020-07-24,HAWAII,117,0
2020-07-23,MAUI,141,6
2020-07-23,KAUAI,43,0
2020-07-23,HONOLULU,1167,19
2020-07-23,HAWAII,117,0
2020-07-22,MAUI,139,6
2020-07-22,KAUAI,43,0
2020-07-22,HONOLULU,1117,18
2020-07-22,HAWAII,114,0
2020-07-21,MAUI,139,6
2020-07-21,KAUAI,43,0
2020-07-21,HONOLULU,1100,17
2020-07-21,HAWAII,114,0
2020-07-20,MAUI,135,6
2020-07-20,KAUAI,43,0
2020-07-20,HONOLULU,1079,17
2020-07-20,HAWAII,114,0
2020-07-19,UNKNOWN,3,0
2020-07-19,MAUI,135,6
2020-07-19,KAUAI,43,0
2020-07-19,HONOLULU,1065,17
2020-07-19,HAWAII,113,0
2020-07-18,UNKNOWN,3,0
2020-07-18,MAUI,135,6
2020-07-18,KAUAI,43,0
2020-07-18,HONOLULU,1040,17
2020-07-18,HAWAII,111,0
2020-07-17,MAUI,135,6
2020-07-17,KAUAI,43,0
2020-07-17,HONOLULU,1025,16
2020-07-17,HAWAII,109,0
2020-07-16,UNKNOWN,3,0
2020-07-16,MAUI,135,6
2020-07-16,KAUAI,43,0
2020-07-16,HONOLULU,1002,15
2020-07-16,HAWAII,107,0
2020-07-15,MAUI,135,6
2020-07-15,KAUAI,43,0
2020-07-15,HONOLULU,986,15
2020-07-15,HAWAII,107,0
2020-07-14,MAUI,135,6
2020-07-14,KAUAI,43,0
2020-07-14,HONOLULU,960,15
2020-07-14,HAWAII,105,0
2020-07-13,MAUI,135,6
2020-07-13,KAUAI,43,0
2020-07-13,HONOLULU,942,15
2020-07-13,HAWAII,102,0
2020-07-12,MAUI,134,6
2020-07-12,KAUAI,43,0
2020-07-12,HONOLULU,923,13
2020-07-12,HAWAII,101,0
2020-07-11,MAUI,133,6
2020-07-11,KAUAI,43,0
2020-07-11,HONOLULU,905,13
2020-07-11,HAWAII,100,0
2020-07-10,MAUI,131,6
2020-07-10,KAUAI,43,0
2020-07-10,HONOLULU,867,13
2020-07-10,HAWAII,98,0
2020-07-09,MAUI,130,6
2020-07-09,KAUAI,43,0
2020-07-09,HONOLULU,842,13
2020-07-09,HAWAII,97,0
2020-07-08,MAUI,130,6
2020-07-08,KAUAI,42,0
2020-07-08,HONOLULU,808,13
2020-07-08,HAWAII,96,0
2020-07-07,MAUI,128,6
2020-07-07,KAUAI,42,0
2020-07-07,HONOLULU,788,13
2020-07-07,HAWAII,95,0
2020-07-06,MAUI,128,6
2020-07-06,KAUAI,40,0
2020-07-06,HONOLULU,750,13
2020-07-06,HAWAII,94,0
2020-07-05,MAUI,128,6
2020-07-05,KAUAI,40,0
2020-07-05,HONOLULU,744,13
2020-07-05,HAWAII,93,0
2020-07-04,MAUI,128,6
2020-07-04,KAUAI,40,0
2020-07-04,HONOLULU,720,13
2020-07-04,HAWAII,93,0
2020-07-03,MAUI,127,6
2020-07-03,KAUAI,38,0
2020-07-03,HONOLULU,701,13
2020-07-03,HAWAII,91,0
2020-07-02,MAUI,125,6
2020-07-02,KAUAI,38,0
2020-07-02,HONOLULU,676,12
2020-07-02,HAWAII,90,0
2020-07-01,MAUI,125,6
2020-07-01,KAUAI,38,0
2020-07-01,HONOLULU,659,12
2020-07-01,HAWAII,87,0
2020-06-30,UNKNOWN,1,0
2020-06-30,MAUI,123,6
2020-06-30,KAUAI,38,0
2020-06-30,HONOLULU,652,12
2020-06-30,HAWAII,87,0
2020-06-29,MAUI,122,6
2020-06-29,KAUAI,37,0
2020-06-29,HONOLULU,638,12
2020-06-29,HAWAII,87,0
2020-06-28,MAUI,123,6
2020-06-28,KAUAI,37,0
2020-06-28,HONOLULU,636,12
2020-06-28,HAWAII,87,0
2020-06-27,MAUI,122,6
2020-06-27,KAUAI,35,0
2020-06-27,HONOLULU,613,12
2020-06-27,HAWAII,86,0
2020-06-26,MAUI,122,6
2020-06-26,KAUAI,34,0
2020-06-26,HONOLULU,608,11
2020-06-26,HAWAII,86,0
2020-06-25,MAUI,122,6
2020-06-25,KAUAI,33,0
2020-06-25,HONOLULU,595,11
2020-06-25,HAWAII,86,0
2020-06-24,MAUI,122,6
2020-06-24,KAUAI,29,0
2020-06-24,HONOLULU,584,11
2020-06-24,HAWAII,86,0
2020-06-23,MAUI,122,6
2020-06-23,KAUAI,29,0
2020-06-23,HONOLULU,571,11
2020-06-23,HAWAII,85,0
2020-06-22,MAUI,122,6
2020-06-22,KAUAI,29,0
2020-06-22,HONOLULU,568,11
2020-06-22,HAWAII,85,0
2020-06-21,MAUI,122,6
2020-06-21,KAUAI,29,0
2020-06-21,HONOLULU,566,11
2020-06-21,HAWAII,85,0
2020-06-20,MAUI,122,6
2020-06-20,KAUAI,29,0
2020-06-20,HONOLULU,557,11
2020-06-20,HAWAII,83,0
2020-06-19,MAUI,121,6
2020-06-19,KAUAI,22,0
2020-06-19,HONOLULU,551,11
2020-06-19,HAWAII,83,0
2020-06-18,MAUI,120,6
2020-06-18,KAUAI,21,0
2020-06-18,HONOLULU,526,11
2020-06-18,HAWAII,83,0
2020-06-17,MAUI,120,6
2020-06-17,KAUAI,21,0
2020-06-17,HONOLULU,508,11
2020-06-17,HAWAII,83,0
2020-06-16,MAUI,120,6
2020-06-16,KAUAI,21,0
2020-06-16,HONOLULU,505,11
2020-06-16,HAWAII,82,0
2020-06-15,MAUI,120,6
2020-06-15,KAUAI,21,0
2020-06-15,HONOLULU,501,11
2020-06-15,HAWAII,82,0
2020-06-14,MAUI,120,6
2020-06-14,KAUAI,21,0
2020-06-14,HONOLULU,493,11
2020-06-14,HAWAII,82,0
2020-06-13,MAUI,120,6
2020-06-13,KAUAI,21,0
2020-06-13,HONOLULU,489,11
2020-06-13,HAWAII,81,0
2020-06-12,MAUI,120,6
2020-06-12,KAUAI,21,0
2020-06-12,HONOLULU,472,11
2020-06-12,HAWAII,81,0
2020-06-11,MAUI,120,6
2020-06-11,KAUAI,21,0
2020-06-11,HONOLULU,458,11
2020-06-11,HAWAII,81,0
2020-06-10,MAUI,120,6
2020-06-10,KAUAI,21,0
2020-06-10,HONOLULU,451,11
2020-06-10,HAWAII,81,0
2020-06-09,MAUI,120,6
2020-06-09,KAUAI,21,0
2020-06-09,HONOLULU,448,11
2020-06-09,HAWAII,81,0
2020-06-08,MAUI,120,6
2020-06-08,KAUAI,21,0
2020-06-08,HONOLULU,442,11
2020-06-08,HAWAII,81,0
2020-06-07,MAUI,120,6
2020-06-07,KAUAI,21,0
2020-06-07,HONOLULU,441,11
2020-06-07,HAWAII,81,0
2020-06-06,MAUI,120,6
2020-06-06,KAUAI,21,0
2020-06-06,HONOLULU,439,11
2020-06-06,HAWAII,81,0
2020-06-05,MAUI,120,6
2020-06-05,KAUAI,21,0
2020-06-05,HONOLULU,431,11
2020-06-05,HAWAII,81,0
2020-06-04,MAUI,119,6
2020-06-04,KAUAI,20,0
2020-06-04,HONOLULU,424,11
2020-06-04,HAWAII,81,0
2020-06-03,MAUI,119,6
2020-06-03,KAUAI,20,0
2020-06-03,HONOLULU,423,11
2020-06-03,HAWAII,81,0
2020-06-02,MAUI,120,6
2020-06-02,KAUAI,20,0
2020-06-02,HONOLULU,422,11
2020-06-02,HAWAII,81,0
2020-06-01,MAUI,120,6
2020-06-01,KAUAI,20,0
2020-06-01,HONOLULU,421,11
2020-06-01,HAWAII,81,0
2020-05-31,MAUI,120,6
2020-05-31,KAUAI,20,0
2020-05-31,HONOLULU,421,11
2020-05-31,HAWAII,81,0
2020-05-30,MAUI,119,6
2020-05-30,KAUAI,20,0
2020-05-30,HONOLULU,421,11
2020-05-30,HAWAII,81,0
2020-05-29,MAUI,118,6
2020-05-29,KAUAI,20,0
2020-05-29,HONOLULU,419,11
2020-05-29,HAWAII,82,0
2020-05-28,MAUI,118,6
2020-05-28,KAUAI,20,0
2020-05-28,HONOLULU,417,11
2020-05-28,HAWAII,82,0
2020-05-27,MAUI,118,6
2020-05-27,KAUAI,20,0
2020-05-27,HONOLULU,414,11
2020-05-27,HAWAII,82,0
2020-05-26,MAUI,118,6
2020-05-26,KAUAI,20,0
2020-05-26,HONOLULU,414,11
2020-05-26,HAWAII,81,0
2020-05-25,MAUI,118,6
2020-05-25,KAUAI,20,0
2020-05-25,HONOLULU,414,11
2020-05-25,HAWAII,81,0
2020-05-24,MAUI,118,6
2020-05-24,KAUAI,20,0
2020-05-24,HONOLULU,414,11
2020-05-24,HAWAII,81,0
2020-05-23,MAUI,118,6
2020-05-23,KAUAI,20,0
2020-05-23,HONOLULU,414,11
2020-05-23,HAWAII,81,0
2020-05-22,MAUI,117,6
2020-05-22,KAUAI,20,0
2020-05-22,HONOLULU,414,11
2020-05-22,HAWAII,81,0
2020-05-21,MAUI,118,6
2020-05-21,KAUAI,21,0
2020-05-21,HONOLULU,416,11
2020-05-21,HAWAII,82,0
2020-05-20,MAUI,117,6
2020-05-20,KAUAI,21,0
2020-05-20,HONOLULU,416,11
2020-05-20,HAWAII,79,0
2020-05-19,MAUI,117,6
2020-05-19,KAUAI,21,0
2020-05-19,HONOLULU,415,11
2020-05-19,HAWAII,78,0
2020-05-18,MAUI,117,6
2020-05-18,KAUAI,21,0
2020-05-18,HONOLULU,415,11
2020-05-18,HAWAII,77,0
2020-05-17,MAUI,117,6
2020-05-17,KAUAI,21,0
2020-05-17,HONOLULU,415,11
2020-05-17,HAWAII,77,0
2020-05-16,MAUI,117,6
2020-05-16,KAUAI,21,0
2020-05-16,HONOLULU,415,11
2020-05-16,HAWAII,76,0
2020-05-15,MAUI,117,6
2020-05-15,KAUAI,21,0
2020-05-15,HONOLULU,414,11
2020-05-15,HAWAII,76,0
2020-05-14,MAUI,117,6
2020-05-14,KAUAI,21,0
2020-05-14,HONOLULU,414,11
2020-05-14,HAWAII,75,0
2020-05-13,MAUI,117,6
2020-05-13,KAUAI,21,0
2020-05-13,HONOLULU,414,11
2020-05-13,HAWAII,75,0
2020-05-12,MAUI,117,6
2020-05-12,KAUAI,21,0
2020-05-12,HONOLULU,411,11
2020-05-12,HAWAII,75,0
2020-05-11,MAUI,117,6
2020-05-11,KAUAI,21,0
2020-05-11,HONOLULU,410,11
2020-05-11,HAWAII,75,0
2020-05-10,MAUI,117,6
2020-05-10,KAUAI,21,0
2020-05-10,HONOLULU,408,11
2020-05-10,HAWAII,75,0
2020-05-09,MAUI,117,6
2020-05-09,KAUAI,21,0
2020-05-09,HONOLULU,407,11
2020-05-09,HAWAII,75,0
2020-05-08,MAUI,116,6
2020-05-08,KAUAI,21,0
2020-05-08,HONOLULU,408,11
2020-05-08,HAWAII,74,0
2020-05-07,MAUI,116,6
2020-05-07,KAUAI,21,0
2020-05-07,HONOLULU,408,11
2020-05-07,HAWAII,74,0
2020-05-06,MAUI,116,6
2020-05-06,KAUAI,21,0
2020-05-06,HONOLULU,405,11
2020-05-06,HAWAII,74,0
2020-05-05,MAUI,116,6
2020-05-05,KAUAI,21,0
2020-05-05,HONOLULU,404,11
2020-05-05,HAWAII,74,0
2020-05-04,MAUI,116,6
2020-05-04,KAUAI,21,0
2020-05-04,HONOLULU,400,11
2020-05-04,HAWAII,75,0
2020-05-03,MAUI,116,6
2020-05-03,KAUAI,21,0
2020-05-03,HONOLULU,400,11
2020-05-03,HAWAII,74,0
2020-05-02,MAUI,117,5
2020-05-02,KAUAI,21,0
2020-05-02,HONOLULU,400,11
2020-05-02,HAWAII,73,0
2020-05-01,MAUI,116,5
2020-05-01,KAUAI,21,0
2020-05-01,HONOLULU,400,11
2020-05-01,HAWAII,73,0
2020-04-30,MAUI,116,5
2020-04-30,KAUAI,21,0
2020-04-30,HONOLULU,399,11
2020-04-30,HAWAII,73,0
2020-04-29,MAUI,115,5
2020-04-29,KAUAI,21,0
2020-04-29,HONOLULU,399,11
2020-04-29,HAWAII,70,0
2020-04-28,MAUI,115,5
2020-04-28,KAUAI,21,0
2020-04-28,HONOLULU,396,11
2020-04-28,HAWAII,70,0
2020-04-27,MAUI,113,5
2020-04-27,KAUAI,21,0
2020-04-27,HONOLULU,396,11
2020-04-27,HAWAII,70,0
2020-04-26,MAUI,112,5
2020-04-26,KAUAI,21,0
2020-04-26,HONOLULU,396,9
2020-04-26,HAWAII,70,0
2020-04-25,MAUI,112,5
2020-04-25,KAUAI,21,0
2020-04-25,HONOLULU,395,9
2020-04-25,HAWAII,69,0
2020-04-24,MAUI,113,5
2020-04-24,KAUAI,21,0
2020-04-24,HONOLULU,392,8
2020-04-24,HAWAII,69,0
2020-04-23,MAUI,112,5
2020-04-23,KAUAI,21,0
2020-04-23,HONOLULU,389,7
2020-04-23,HAWAII,68,0
2020-04-22,MAUI,110,5
2020-04-22,KAUAI,21,0
2020-04-22,HONOLULU,388,7
2020-04-22,HAWAII,67,0
2020-04-21,MAUI,110,5
2020-04-21,KAUAI,21,0
2020-04-21,HONOLULU,385,7
2020-04-21,HAWAII,64,0
2020-04-20,MAUI,108,4
2020-04-20,KAUAI,21,0
2020-04-20,HONOLULU,385,6
2020-04-20,HAWAII,64,0
2020-04-19,MAUI,106,4
2020-04-19,KAUAI,21,0
2020-04-19,HONOLULU,385,6
2020-04-19,HAWAII,62,0
2020-04-18,MAUI,104,3
2020-04-18,KAUAI,21,0
2020-04-18,HONOLULU,382,6
2020-04-18,HAWAII,61,0
2020-04-17,MAUI,102,3
2020-04-17,KAUAI,21,0
2020-04-17,HONOLULU,380,6
2020-04-17,HAWAII,44,0
2020-04-16,UNKNOWN,5,0
2020-04-16,MAUI,95,3
2020-04-16,KAUAI,21,0
2020-04-16,HONOLULU,373,6
2020-04-16,HAWAII,41,0
2020-04-15,UNKNOWN,1,0
2020-04-15,MAUI,92,3
2020-04-15,KAUAI,21,0
2020-04-15,HONOLULU,369,6
2020-04-15,HAWAII,41,0
2020-04-14,UNKNOWN,3,0
2020-04-14,MAUI,88,3
2020-04-14,KAUAI,21,0
2020-04-14,HONOLULU,358,6
2020-04-14,HAWAII,41,0
2020-04-13,UNKNOWN,3,0
2020-04-13,MAUI,86,3
2020-04-13,KAUAI,21,0
2020-04-13,HONOLULU,352,6
2020-04-13,HAWAII,40,0
2020-04-12,UNKNOWN,3,0
2020-04-12,MAUI,84,3
2020-04-12,KAUAI,21,0
2020-04-12,HONOLULU,350,6
2020-04-12,HAWAII,39,0
2020-04-11,UNKNOWN,3,0
2020-04-11,MAUI,80,3
2020-04-11,KAUAI,19,0
2020-04-11,HONOLULU,348,5
2020-04-11,HAWAII,34,0
2020-04-10,UNKNOWN,4,0
2020-04-10,MAUI,66,3
2020-04-10,KAUAI,19,0
2020-04-10,HONOLULU,343,5
2020-04-10,HAWAII,31,0
2020-04-09,UNKNOWN,3,0
2020-04-09,MAUI,57,2
2020-04-09,KAUAI,18,0
2020-04-09,HONOLULU,334,4
2020-04-09,HAWAII,28,0
2020-04-08,UNKNOWN,7,0
2020-04-08,MAUI,54,1
2020-04-08,KAUAI,18,0
2020-04-08,HONOLULU,328,4
2020-04-08,HAWAII,26,0
2020-04-07,UNKNOWN,7,0
2020-04-07,MAUI,48,1
2020-04-07,KAUAI,18,0
2020-04-07,HONOLULU,312,4
2020-04-07,HAWAII,23,0
2020-04-06,UNKNOWN,9,0
2020-04-06,MAUI,44,1
2020-04-06,KAUAI,17,0
2020-04-06,HONOLULU,292,4
2020-04-06,HAWAII,23,0
2020-04-05,UNKNOWN,7,2
2020-04-05,MAUI,43,0
2020-04-05,KAUAI,16,0
2020-04-05,HONOLULU,281,2
2020-04-05,HAWAII,22,0
2020-04-04,UNKNOWN,8,1
2020-04-04,MAUI,38,0
2020-04-04,KAUAI,15,0
2020-04-04,HONOLULU,266,2
2020-04-04,HAWAII,22,0
2020-04-03,UNKNOWN,11,1
2020-04-03,MAUI,36,0
2020-04-03,KAUAI,13,0
2020-04-03,HONOLULU,237,2
2020-04-03,HAWAII,20,0
2020-04-02,UNKNOWN,20,0
2020-04-02,MAUI,27,0
2020-04-02,KAUAI,12,0
2020-04-02,HONOLULU,206,2
2020-04-02,HAWAII,18,0
2020-04-01,UNKNOWN,20,0
2020-04-01,MAUI,26,0
2020-04-01,KAUAI,12,0
2020-04-01,HONOLULU,182,1
2020-04-01,HAWAII,18,0
2020-03-31,UNKNOWN,15,0
2020-03-31,MAUI,25,0
2020-03-31,KAUAI,12,0
2020-03-31,HONOLULU,157,1
2020-03-31,HAWAII,15,0
2020-03-30,UNKNOWN,13,0
2020-03-30,MAUI,25,0
2020-03-30,KAUAI,12,0
2020-03-30,HONOLULU,139,0
2020-03-30,HAWAII,15,0
2020-03-29,UNKNOWN,12,0
2020-03-29,MAUI,20,0
2020-03-29,KAUAI,12,0
2020-03-29,HONOLULU,119,0
2020-03-29,HAWAII,12,0
2020-03-28,UNKNOWN,6,0
2020-03-28,MAUI,16,0
2020-03-28,KAUAI,11,0
2020-03-28,HONOLULU,108,0
2020-03-28,HAWAII,10,0
2020-03-27,UNKNOWN,5,0
2020-03-27,MAUI,16,0
2020-03-27,KAUAI,5,0
2020-03-27,HONOLULU,87,0
2020-03-27,HAWAII,7,0
2020-03-26,UNKNOWN,5,0
2020-03-26,MAUI,14,0
2020-03-26,KAUAI,5,0
2020-03-26,HONOLULU,77,0
2020-03-26,HAWAII,5,0
2020-03-25,UNKNOWN,4,0
2020-03-25,MAUI,13,0
2020-03-25,KAUAI,5,0
2020-03-25,HONOLULU,68,0
2020-03-25,HAWAII,5,0
2020-03-24,UNKNOWN,13,0
2020-03-24,MAUI,11,0
2020-03-24,KAUAI,3,0
2020-03-24,HONOLULU,58,0
2020-03-24,HAWAII,5,0
2020-03-23,UNKNOWN,5,0
2020-03-23,MAUI,11,0
2020-03-23,KAUAI,3,0
2020-03-23,HONOLULU,53,0
2020-03-23,HAWAII,5,0
2020-03-22,MAUI,9,0
2020-03-22,KAUAI,3,0
2020-03-22,HONOLULU,41,0
2020-03-22,HAWAII,3,0
2020-03-21,MAUI,7,0
2020-03-21,KAUAI,3,0
2020-03-21,HONOLULU,35,0
2020-03-21,HAWAII,3,0
2020-03-20,MAUI,5,0
2020-03-20,KAUAI,3,0
2020-03-20,HONOLULU,28,0
2020-03-20,HAWAII,1,0
2020-03-19,MAUI,5,0
2020-03-19,KAUAI,2,0
2020-03-19,HONOLULU,18,0
2020-03-19,HAWAII,1,0
2020-03-18,MAUI,3,0
2020-03-18,KAUAI,2,0
2020-03-18,HONOLULU,10,0
2020-03-18,HAWAII,1,0
2020-03-17,MAUI,3,0
2020-03-17,KAUAI,2,0
2020-03-17,HONOLULU,8,0
2020-03-17,HAWAII,1,0
2020-03-16,MAUI,2,0
2020-03-16,KAUAI,2,0
2020-03-16,HONOLULU,6,0
2020-03-15,MAUI,1,0
2020-03-15,KAUAI,2,0
2020-03-15,HONOLULU,4,0
2020-03-14,KAUAI,2,0
2020-03-14,HONOLULU,2,0
2020-03-13,HONOLULU,2,0
2020-03-12,HONOLULU,2,0
2020-03-11,HONOLULU,2,0
2020-03-10,HONOLULU,2,0
2020-03-09,HONOLULU,2,0
2020-03-08,HONOLULU,2,0
2020-03-07,HONOLULU,1,0
2020-03-06,HONOLULU,1,0
