2021-10-10,WASHINGTON,13601,176
2021-10-10,UNKNOWN,13161,19
2021-10-10,PROVIDENCE,111666,2075
2021-10-10,NEWPORT,8404,51
2021-10-10,KENT,21881,384
2021-10-10,BRISTOL,5857,149
2021-10-09,WASHINGTON,13601,176
2021-10-09,UNKNOWN,13161,19
2021-10-09,PROVIDENCE,111666,2075
2021-10-09,NEWPORT,8404,51
2021-10-09,KENT,21881,384
2021-10-09,BRISTOL,5857,149
2021-10-08,WASHINGTON,13601,176
2021-10-08,UNKNOWN,13161,19
2021-10-08,PROVIDENCE,111666,2075
2021-10-08,NEWPORT,8404,51
2021-10-08,KENT,21881,384
2021-10-08,BRISTOL,5857,149
2021-10-07,WASHINGTON,13601,176
2021-10-07,UNKNOWN,12762,17
2021-10-07,PROVIDENCE,111666,2075
2021-10-07,NEWPORT,8404,51
2021-10-07,KENT,21881,384
2021-10-07,BRISTOL,5857,149
2021-10-06,WASHINGTON,13601,176
2021-10-06,UNKNOWN,12528,13
2021-10-06,PROVIDENCE,111666,2075
2021-10-06,NEWPORT,8404,51
2021-10-06,KENT,21881,384
2021-10-06,BRISTOL,5857,149
2021-10-05,WASHINGTON,13385,176
2021-10-05,UNKNOWN,14065,22
2021-10-05,PROVIDENCE,110567,2065
2021-10-05,NEWPORT,8255,50
2021-10-05,KENT,21591,383
2021-10-05,BRISTOL,5740,149
2021-10-04,WASHINGTON,13385,176
2021-10-04,UNKNOWN,13819,20
2021-10-04,PROVIDENCE,110567,2065
2021-10-04,NEWPORT,8255,50
2021-10-04,KENT,21591,383
2021-10-04,BRISTOL,5740,149
2021-10-03,WASHINGTON,13385,176
2021-10-03,UNKNOWN,13181,15
2021-10-03,PROVIDENCE,110567,2065
2021-10-03,NEWPORT,8255,50
2021-10-03,KENT,21591,383
2021-10-03,BRISTOL,5740,149
2021-10-02,WASHINGTON,13385,176
2021-10-02,UNKNOWN,13181,15
2021-10-02,PROVIDENCE,110567,2065
2021-10-02,NEWPORT,8255,50
2021-10-02,KENT,21591,383
2021-10-02,BRISTOL,5740,149
2021-10-01,WASHINGTON,13385,176
2021-10-01,UNKNOWN,13181,15
2021-10-01,PROVIDENCE,110567,2065
2021-10-01,NEWPORT,8255,50
2021-10-01,KENT,21591,383
2021-10-01,BRISTOL,5740,149
2021-09-30,WASHINGTON,13385,176
2021-09-30,UNKNOWN,12823,15
2021-09-30,PROVIDENCE,110567,2065
2021-09-30,NEWPORT,8255,50
2021-09-30,KENT,21591,383
2021-09-30,BRISTOL,5740,149
2021-09-29,WASHINGTON,13385,176
2021-09-29,UNKNOWN,12526,13
2021-09-29,PROVIDENCE,110567,2065
2021-09-29,NEWPORT,8255,50
2021-09-29,KENT,21591,383
2021-09-29,BRISTOL,5740,149
2021-09-28,WASHINGTON,13133,174
2021-09-28,UNKNOWN,14155,26
2021-09-28,PROVIDENCE,109360,2055
2021-09-28,NEWPORT,8152,50
2021-09-28,KENT,21259,380
2021-09-28,BRISTOL,5692,149
2021-09-27,WASHINGTON,13133,174
2021-09-27,UNKNOWN,13855,24
2021-09-27,PROVIDENCE,109360,2055
2021-09-27,NEWPORT,8152,50
2021-09-27,KENT,21259,380
2021-09-27,BRISTOL,5692,149
2021-09-26,WASHINGTON,13133,174
2021-09-26,UNKNOWN,13104,15
2021-09-26,PROVIDENCE,109360,2055
2021-09-26,NEWPORT,8152,50
2021-09-26,KENT,21259,380
2021-09-26,BRISTOL,5692,149
2021-09-25,WASHINGTON,13133,174
2021-09-25,UNKNOWN,13104,15
2021-09-25,PROVIDENCE,109360,2055
2021-09-25,NEWPORT,8152,50
2021-09-25,KENT,21259,380
2021-09-25,BRISTOL,5692,149
2021-09-24,WASHINGTON,13133,174
2021-09-24,UNKNOWN,13104,15
2021-09-24,PROVIDENCE,109360,2055
2021-09-24,NEWPORT,8152,50
2021-09-24,KENT,21259,380
2021-09-24,BRISTOL,5692,149
2021-09-23,WASHINGTON,13133,174
2021-09-23,UNKNOWN,12697,12
2021-09-23,PROVIDENCE,109360,2055
2021-09-23,NEWPORT,8152,50
2021-09-23,KENT,21259,380
2021-09-23,BRISTOL,5692,149
2021-09-22,WASHINGTON,13133,174
2021-09-22,UNKNOWN,12413,10
2021-09-22,PROVIDENCE,109360,2055
2021-09-22,NEWPORT,8152,50
2021-09-22,KENT,21259,380
2021-09-22,BRISTOL,5692,149
2021-09-21,WASHINGTON,11550,173
2021-09-21,UNKNOWN,15949,25
2021-09-21,PROVIDENCE,107728,2046
2021-09-21,NEWPORT,8001,48
2021-09-21,KENT,20849,375
2021-09-21,BRISTOL,5609,149
2021-09-20,WASHINGTON,11550,173
2021-09-20,UNKNOWN,15613,24
2021-09-20,PROVIDENCE,107728,2046
2021-09-20,NEWPORT,8001,48
2021-09-20,KENT,20849,375
2021-09-20,BRISTOL,5609,149
2021-09-19,WASHINGTON,11550,173
2021-09-19,UNKNOWN,14712,21
2021-09-19,PROVIDENCE,107728,2046
2021-09-19,NEWPORT,8001,48
2021-09-19,KENT,20849,375
2021-09-19,BRISTOL,5609,149
2021-09-18,WASHINGTON,11550,173
2021-09-18,UNKNOWN,14712,21
2021-09-18,PROVIDENCE,107728,2046
2021-09-18,NEWPORT,8001,48
2021-09-18,KENT,20849,375
2021-09-18,BRISTOL,5609,149
2021-09-17,WASHINGTON,11550,173
2021-09-17,UNKNOWN,14712,21
2021-09-17,PROVIDENCE,107728,2046
2021-09-17,NEWPORT,8001,48
2021-09-17,KENT,20849,375
2021-09-17,BRISTOL,5609,149
2021-09-16,WASHINGTON,11550,173
2021-09-16,UNKNOWN,14238,19
2021-09-16,PROVIDENCE,107728,2046
2021-09-16,NEWPORT,8001,48
2021-09-16,KENT,20849,375
2021-09-16,BRISTOL,5609,149
2021-09-15,WASHINGTON,11550,173
2021-09-15,UNKNOWN,13916,18
2021-09-15,PROVIDENCE,107728,2046
2021-09-15,NEWPORT,8001,48
2021-09-15,KENT,20849,375
2021-09-15,BRISTOL,5609,149
2021-09-14,WASHINGTON,11323,172
2021-09-14,UNKNOWN,15587,37
2021-09-14,PROVIDENCE,106398,2034
2021-09-14,NEWPORT,7876,45
2021-09-14,KENT,20528,372
2021-09-14,BRISTOL,5533,148
2021-09-13,WASHINGTON,11323,172
2021-09-13,UNKNOWN,15153,31
2021-09-13,PROVIDENCE,106398,2034
2021-09-13,NEWPORT,7876,45
2021-09-13,KENT,20528,372
2021-09-13,BRISTOL,5533,148
2021-09-12,WASHINGTON,11323,172
2021-09-12,UNKNOWN,14191,22
2021-09-12,PROVIDENCE,106398,2034
2021-09-12,NEWPORT,7876,45
2021-09-12,KENT,20528,372
2021-09-12,BRISTOL,5533,148
2021-09-11,WASHINGTON,11323,172
2021-09-11,UNKNOWN,14191,22
2021-09-11,PROVIDENCE,106398,2034
2021-09-11,NEWPORT,7876,45
2021-09-11,KENT,20528,372
2021-09-11,BRISTOL,5533,148
2021-09-10,WASHINGTON,11323,172
2021-09-10,UNKNOWN,14191,22
2021-09-10,PROVIDENCE,106398,2034
2021-09-10,NEWPORT,7876,45
2021-09-10,KENT,20528,372
2021-09-10,BRISTOL,5533,148
2021-09-09,WASHINGTON,11323,172
2021-09-09,UNKNOWN,13796,16
2021-09-09,PROVIDENCE,106398,2034
2021-09-09,NEWPORT,7876,45
2021-09-09,KENT,20528,372
2021-09-09,BRISTOL,5533,148
2021-09-08,WASHINGTON,11323,172
2021-09-08,UNKNOWN,13425,11
2021-09-08,PROVIDENCE,106398,2034
2021-09-08,NEWPORT,7876,45
2021-09-08,KENT,20528,372
2021-09-08,BRISTOL,5533,148
2021-09-07,WASHINGTON,11109,182
2021-09-07,UNKNOWN,15061,15
2021-09-07,PROVIDENCE,105102,2029
2021-09-07,NEWPORT,7732,33
2021-09-07,KENT,20174,372
2021-09-07,BRISTOL,5470,147
2021-09-06,WASHINGTON,11109,182
2021-09-06,UNKNOWN,14155,10
2021-09-06,PROVIDENCE,105102,2029
2021-09-06,NEWPORT,7732,33
2021-09-06,KENT,20174,372
2021-09-06,BRISTOL,5470,147
2021-09-05,WASHINGTON,11109,182
2021-09-05,UNKNOWN,14155,10
2021-09-05,PROVIDENCE,105102,2029
2021-09-05,NEWPORT,7732,33
2021-09-05,KENT,20174,372
2021-09-05,BRISTOL,5470,147
2021-09-04,WASHINGTON,11109,182
2021-09-04,UNKNOWN,14155,10
2021-09-04,PROVIDENCE,105102,2029
2021-09-04,NEWPORT,7732,33
2021-09-04,KENT,20174,372
2021-09-04,BRISTOL,5470,147
2021-09-03,WASHINGTON,11109,182
2021-09-03,UNKNOWN,14155,10
2021-09-03,PROVIDENCE,105102,2029
2021-09-03,NEWPORT,7732,33
2021-09-03,KENT,20174,372
2021-09-03,BRISTOL,5470,147
2021-09-02,WASHINGTON,11109,182
2021-09-02,UNKNOWN,13801,9
2021-09-02,PROVIDENCE,105102,2029
2021-09-02,NEWPORT,7732,33
2021-09-02,KENT,20174,372
2021-09-02,BRISTOL,5470,147
2021-09-01,WASHINGTON,11109,182
2021-09-01,UNKNOWN,13382,9
2021-09-01,PROVIDENCE,105102,2029
2021-09-01,NEWPORT,7732,33
2021-09-01,KENT,20174,372
2021-09-01,BRISTOL,5470,147
2021-08-31,WASHINGTON,10898,172
2021-08-31,UNKNOWN,14779,18
2021-08-31,PROVIDENCE,104099,2019
2021-08-31,NEWPORT,7579,43
2021-08-31,KENT,19841,371
2021-08-31,BRISTOL,5421,147
2021-08-30,WASHINGTON,10898,172
2021-08-30,UNKNOWN,14487,17
2021-08-30,PROVIDENCE,104099,2019
2021-08-30,NEWPORT,7579,43
2021-08-30,KENT,19841,371
2021-08-30,BRISTOL,5421,147
2021-08-29,WASHINGTON,10898,172
2021-08-29,UNKNOWN,13863,12
2021-08-29,PROVIDENCE,104099,2019
2021-08-29,NEWPORT,7579,43
2021-08-29,KENT,19841,371
2021-08-29,BRISTOL,5421,147
2021-08-28,WASHINGTON,10898,172
2021-08-28,UNKNOWN,13863,12
2021-08-28,PROVIDENCE,104099,2019
2021-08-28,NEWPORT,7579,43
2021-08-28,KENT,19841,371
2021-08-28,BRISTOL,5421,147
2021-08-27,WASHINGTON,10898,172
2021-08-27,UNKNOWN,13863,12
2021-08-27,PROVIDENCE,104099,2019
2021-08-27,NEWPORT,7579,43
2021-08-27,KENT,19841,371
2021-08-27,BRISTOL,5421,147
2021-08-26,WASHINGTON,10898,172
2021-08-26,UNKNOWN,13465,10
2021-08-26,PROVIDENCE,104099,2019
2021-08-26,NEWPORT,7579,43
2021-08-26,KENT,19841,371
2021-08-26,BRISTOL,5421,147
2021-08-25,WASHINGTON,10898,172
2021-08-25,UNKNOWN,13110,8
2021-08-25,PROVIDENCE,104099,2019
2021-08-25,NEWPORT,7579,43
2021-08-25,KENT,19841,371
2021-08-25,BRISTOL,5421,147
2021-08-24,WASHINGTON,10725,172
2021-08-24,UNKNOWN,14637,17
2021-08-24,PROVIDENCE,102857,2012
2021-08-24,NEWPORT,7434,43
2021-08-24,KENT,19560,369
2021-08-24,BRISTOL,5352,146
2021-08-23,WASHINGTON,10725,172
2021-08-23,UNKNOWN,14401,15
2021-08-23,PROVIDENCE,102857,2012
2021-08-23,NEWPORT,7434,43
2021-08-23,KENT,19560,369
2021-08-23,BRISTOL,5352,146
2021-08-22,WASHINGTON,10725,172
2021-08-22,UNKNOWN,13782,11
2021-08-22,PROVIDENCE,102857,2012
2021-08-22,NEWPORT,7434,43
2021-08-22,KENT,19560,369
2021-08-22,BRISTOL,5352,146
2021-08-21,WASHINGTON,10725,172
2021-08-21,UNKNOWN,13782,11
2021-08-21,PROVIDENCE,102857,2012
2021-08-21,NEWPORT,7434,43
2021-08-21,KENT,19560,369
2021-08-21,BRISTOL,5352,146
2021-08-20,WASHINGTON,10725,172
2021-08-20,UNKNOWN,13782,11
2021-08-20,PROVIDENCE,102857,2012
2021-08-20,NEWPORT,7434,43
2021-08-20,KENT,19560,369
2021-08-20,BRISTOL,5352,146
2021-08-19,WASHINGTON,10725,172
2021-08-19,UNKNOWN,13427,10
2021-08-19,PROVIDENCE,102857,2012
2021-08-19,NEWPORT,7434,43
2021-08-19,KENT,19560,369
2021-08-19,BRISTOL,5352,146
2021-08-18,WASHINGTON,10725,172
2021-08-18,UNKNOWN,13091,6
2021-08-18,PROVIDENCE,102857,2012
2021-08-18,NEWPORT,7434,43
2021-08-18,KENT,19560,369
2021-08-18,BRISTOL,5352,146
2021-08-17,WASHINGTON,10554,172
2021-08-17,UNKNOWN,14363,8
2021-08-17,PROVIDENCE,101727,2010
2021-08-17,NEWPORT,7309,43
2021-08-17,KENT,19343,368
2021-08-17,BRISTOL,5318,146
2021-08-16,WASHINGTON,10554,172
2021-08-16,UNKNOWN,14032,8
2021-08-16,PROVIDENCE,101727,2010
2021-08-16,NEWPORT,7309,43
2021-08-16,KENT,19343,368
2021-08-16,BRISTOL,5318,146
2021-08-15,WASHINGTON,10554,172
2021-08-15,UNKNOWN,13338,5
2021-08-15,PROVIDENCE,101727,2010
2021-08-15,NEWPORT,7309,43
2021-08-15,KENT,19343,368
2021-08-15,BRISTOL,5318,146
2021-08-14,WASHINGTON,10554,172
2021-08-14,UNKNOWN,13338,5
2021-08-14,PROVIDENCE,101727,2010
2021-08-14,NEWPORT,7309,43
2021-08-14,KENT,19343,368
2021-08-14,BRISTOL,5318,146
2021-08-13,WASHINGTON,10554,172
2021-08-13,UNKNOWN,13338,5
2021-08-13,PROVIDENCE,101727,2010
2021-08-13,NEWPORT,7309,43
2021-08-13,KENT,19343,368
2021-08-13,BRISTOL,5318,146
2021-08-12,WASHINGTON,10554,172
2021-08-12,UNKNOWN,12937,5
2021-08-12,PROVIDENCE,101727,2010
2021-08-12,NEWPORT,7309,43
2021-08-12,KENT,19343,368
2021-08-12,BRISTOL,5318,146
2021-08-11,WASHINGTON,10554,172
2021-08-11,UNKNOWN,12573,5
2021-08-11,PROVIDENCE,101727,2010
2021-08-11,NEWPORT,7309,43
2021-08-11,KENT,19343,368
2021-08-11,BRISTOL,5318,146
2021-08-10,WASHINGTON,10372,172
2021-08-10,UNKNOWN,13725,9
2021-08-10,PROVIDENCE,100839,2006
2021-08-10,NEWPORT,7171,43
2021-08-10,KENT,19164,368
2021-08-10,BRISTOL,5268,146
2021-08-09,WASHINGTON,10372,172
2021-08-09,UNKNOWN,13011,8
2021-08-09,PROVIDENCE,100839,2006
2021-08-09,NEWPORT,7171,43
2021-08-09,KENT,19164,368
2021-08-09,BRISTOL,5268,146
2021-08-08,WASHINGTON,10372,172
2021-08-08,UNKNOWN,13011,8
2021-08-08,PROVIDENCE,100839,2006
2021-08-08,NEWPORT,7171,43
2021-08-08,KENT,19164,368
2021-08-08,BRISTOL,5268,146
2021-08-07,WASHINGTON,10372,172
2021-08-07,UNKNOWN,13011,8
2021-08-07,PROVIDENCE,100839,2006
2021-08-07,NEWPORT,7171,43
2021-08-07,KENT,19164,368
2021-08-07,BRISTOL,5268,146
2021-08-06,WASHINGTON,10372,172
2021-08-06,UNKNOWN,13011,8
2021-08-06,PROVIDENCE,100839,2006
2021-08-06,NEWPORT,7171,43
2021-08-06,KENT,19164,368
2021-08-06,BRISTOL,5268,146
2021-08-05,WASHINGTON,10372,172
2021-08-05,UNKNOWN,12713,8
2021-08-05,PROVIDENCE,100839,2006
2021-08-05,NEWPORT,7171,43
2021-08-05,KENT,19164,368
2021-08-05,BRISTOL,5268,146
2021-08-04,WASHINGTON,10372,172
2021-08-04,UNKNOWN,12473,8
2021-08-04,PROVIDENCE,100839,2006
2021-08-04,NEWPORT,7171,43
2021-08-04,KENT,19164,368
2021-08-04,BRISTOL,5268,146
2021-08-03,WASHINGTON,10273,172
2021-08-03,UNKNOWN,13147,6
2021-08-03,PROVIDENCE,100231,2005
2021-08-03,NEWPORT,7058,43
2021-08-03,KENT,19040,368
2021-08-03,BRISTOL,5236,146
2021-08-02,WASHINGTON,10273,172
2021-08-02,UNKNOWN,12952,6
2021-08-02,PROVIDENCE,100231,2005
2021-08-02,NEWPORT,7058,43
2021-08-02,KENT,19040,368
2021-08-02,BRISTOL,5236,146
2021-08-01,WASHINGTON,10273,172
2021-08-01,UNKNOWN,12501,6
2021-08-01,PROVIDENCE,100231,2005
2021-08-01,NEWPORT,7058,43
2021-08-01,KENT,19040,368
2021-08-01,BRISTOL,5236,146
2021-07-31,WASHINGTON,10273,172
2021-07-31,UNKNOWN,12501,6
2021-07-31,PROVIDENCE,100231,2005
2021-07-31,NEWPORT,7058,43
2021-07-31,KENT,19040,368
2021-07-31,BRISTOL,5236,146
2021-07-30,WASHINGTON,10273,172
2021-07-30,UNKNOWN,12501,6
2021-07-30,PROVIDENCE,100231,2005
2021-07-30,NEWPORT,7058,43
2021-07-30,KENT,19040,368
2021-07-30,BRISTOL,5236,146
2021-07-29,WASHINGTON,10273,172
2021-07-29,UNKNOWN,12315,5
2021-07-29,PROVIDENCE,100231,2005
2021-07-29,NEWPORT,7058,43
2021-07-29,KENT,19040,368
2021-07-29,BRISTOL,5236,146
2021-07-28,WASHINGTON,10273,172
2021-07-28,UNKNOWN,12116,5
2021-07-28,PROVIDENCE,100231,2005
2021-07-28,NEWPORT,7058,43
2021-07-28,KENT,19040,368
2021-07-28,BRISTOL,5236,146
2021-07-27,WASHINGTON,10203,172
2021-07-27,UNKNOWN,12546,7
2021-07-27,PROVIDENCE,99884,2004
2021-07-27,NEWPORT,7020,43
2021-07-27,KENT,18944,367
2021-07-27,BRISTOL,5205,146
2021-07-26,WASHINGTON,10203,172
2021-07-26,UNKNOWN,12441,7
2021-07-26,PROVIDENCE,99884,2004
2021-07-26,NEWPORT,7020,43
2021-07-26,KENT,18944,367
2021-07-26,BRISTOL,5205,146
2021-07-25,WASHINGTON,10203,172
2021-07-25,UNKNOWN,12191,7
2021-07-25,PROVIDENCE,99884,2004
2021-07-25,NEWPORT,7020,43
2021-07-25,KENT,18944,367
2021-07-25,BRISTOL,5205,146
2021-07-24,WASHINGTON,10203,172
2021-07-24,UNKNOWN,12191,7
2021-07-24,PROVIDENCE,99884,2004
2021-07-24,NEWPORT,7020,43
2021-07-24,KENT,18944,367
2021-07-24,BRISTOL,5205,146
2021-07-23,WASHINGTON,10203,172
2021-07-23,UNKNOWN,12191,7
2021-07-23,PROVIDENCE,99884,2004
2021-07-23,NEWPORT,7020,43
2021-07-23,KENT,18944,367
2021-07-23,BRISTOL,5205,146
2021-07-22,WASHINGTON,10203,172
2021-07-22,UNKNOWN,12099,7
2021-07-22,PROVIDENCE,99884,2004
2021-07-22,NEWPORT,7020,43
2021-07-22,KENT,18944,367
2021-07-22,BRISTOL,5205,146
2021-07-21,WASHINGTON,10203,172
2021-07-21,UNKNOWN,12013,6
2021-07-21,PROVIDENCE,99884,2004
2021-07-21,NEWPORT,7020,43
2021-07-21,KENT,18944,367
2021-07-21,BRISTOL,5205,146
2021-07-20,WASHINGTON,10168,172
2021-07-20,UNKNOWN,12220,12
2021-07-20,PROVIDENCE,99713,1999
2021-07-20,NEWPORT,6983,43
2021-07-20,KENT,18892,366
2021-07-20,BRISTOL,5192,146
2021-07-19,WASHINGTON,10168,172
2021-07-19,UNKNOWN,12155,11
2021-07-19,PROVIDENCE,99713,1999
2021-07-19,NEWPORT,6983,43
2021-07-19,KENT,18892,366
2021-07-19,BRISTOL,5192,146
2021-07-18,WASHINGTON,10168,172
2021-07-18,UNKNOWN,12023,10
2021-07-18,PROVIDENCE,99713,1999
2021-07-18,NEWPORT,6983,43
2021-07-18,KENT,18892,366
2021-07-18,BRISTOL,5192,146
2021-07-17,WASHINGTON,10168,172
2021-07-17,UNKNOWN,12023,10
2021-07-17,PROVIDENCE,99713,1999
2021-07-17,NEWPORT,6983,43
2021-07-17,KENT,18892,366
2021-07-17,BRISTOL,5192,146
2021-07-16,WASHINGTON,10168,172
2021-07-16,UNKNOWN,12023,10
2021-07-16,PROVIDENCE,99713,1999
2021-07-16,NEWPORT,6983,43
2021-07-16,KENT,18892,366
2021-07-16,BRISTOL,5192,146
2021-07-15,WASHINGTON,10168,172
2021-07-15,UNKNOWN,11979,10
2021-07-15,PROVIDENCE,99713,1999
2021-07-15,NEWPORT,6983,43
2021-07-15,KENT,18892,366
2021-07-15,BRISTOL,5192,146
2021-07-14,WASHINGTON,10168,172
2021-07-14,UNKNOWN,11925,6
2021-07-14,PROVIDENCE,99713,1999
2021-07-14,NEWPORT,6983,43
2021-07-14,KENT,18892,366
2021-07-14,BRISTOL,5192,146
2021-07-13,WASHINGTON,10145,172
2021-07-13,UNKNOWN,12057,6
2021-07-13,PROVIDENCE,99632,1998
2021-07-13,NEWPORT,6972,43
2021-07-13,KENT,18846,366
2021-07-13,BRISTOL,5190,146
2021-07-12,WASHINGTON,10145,172
2021-07-12,UNKNOWN,12034,6
2021-07-12,PROVIDENCE,99632,1998
2021-07-12,NEWPORT,6972,43
2021-07-12,KENT,18846,366
2021-07-12,BRISTOL,5190,146
2021-07-11,WASHINGTON,10145,172
2021-07-11,UNKNOWN,11944,5
2021-07-11,PROVIDENCE,99632,1998
2021-07-11,NEWPORT,6972,43
2021-07-11,KENT,18846,366
2021-07-11,BRISTOL,5190,146
2021-07-10,WASHINGTON,10145,172
2021-07-10,UNKNOWN,11944,5
2021-07-10,PROVIDENCE,99632,1998
2021-07-10,NEWPORT,6972,43
2021-07-10,KENT,18846,366
2021-07-10,BRISTOL,5190,146
2021-07-09,WASHINGTON,10145,172
2021-07-09,UNKNOWN,11944,5
2021-07-09,PROVIDENCE,99632,1998
2021-07-09,NEWPORT,6972,43
2021-07-09,KENT,18846,366
2021-07-09,BRISTOL,5190,146
2021-07-08,WASHINGTON,10145,172
2021-07-08,UNKNOWN,11963,5
2021-07-08,PROVIDENCE,99632,1998
2021-07-08,NEWPORT,6972,43
2021-07-08,KENT,18846,366
2021-07-08,BRISTOL,5190,146
2021-07-07,WASHINGTON,10145,172
2021-07-07,UNKNOWN,11953,5
2021-07-07,PROVIDENCE,99632,1998
2021-07-07,NEWPORT,6972,43
2021-07-07,KENT,18846,366
2021-07-07,BRISTOL,5190,146
2021-07-06,WASHINGTON,10126,172
2021-07-06,UNKNOWN,12063,7
2021-07-06,PROVIDENCE,99519,1997
2021-07-06,NEWPORT,6975,43
2021-07-06,KENT,18828,366
2021-07-06,BRISTOL,5187,145
2021-07-05,WASHINGTON,10126,172
2021-07-05,UNKNOWN,12008,7
2021-07-05,PROVIDENCE,99519,1997
2021-07-05,NEWPORT,6975,43
2021-07-05,KENT,18828,366
2021-07-05,BRISTOL,5187,145
2021-07-04,WASHINGTON,10126,172
2021-07-04,UNKNOWN,12008,7
2021-07-04,PROVIDENCE,99519,1997
2021-07-04,NEWPORT,6975,43
2021-07-04,KENT,18828,366
2021-07-04,BRISTOL,5187,145
2021-07-03,WASHINGTON,10126,172
2021-07-03,UNKNOWN,12008,7
2021-07-03,PROVIDENCE,99519,1997
2021-07-03,NEWPORT,6975,43
2021-07-03,KENT,18828,366
2021-07-03,BRISTOL,5187,145
2021-07-02,WASHINGTON,10126,172
2021-07-02,UNKNOWN,12008,7
2021-07-02,PROVIDENCE,99519,1997
2021-07-02,NEWPORT,6975,43
2021-07-02,KENT,18828,366
2021-07-02,BRISTOL,5187,145
2021-07-01,WASHINGTON,10126,172
2021-07-01,UNKNOWN,11983,7
2021-07-01,PROVIDENCE,99519,1997
2021-07-01,NEWPORT,6975,43
2021-07-01,KENT,18828,366
2021-07-01,BRISTOL,5187,145
2021-06-30,WASHINGTON,10126,172
2021-06-30,UNKNOWN,11978,7
2021-06-30,PROVIDENCE,99519,1997
2021-06-30,NEWPORT,6975,43
2021-06-30,KENT,18828,366
2021-06-30,BRISTOL,5187,145
2021-06-29,WASHINGTON,10105,172
2021-06-29,UNKNOWN,12102,9
2021-06-29,PROVIDENCE,99424,1994
2021-06-29,NEWPORT,6961,42
2021-06-29,KENT,18813,366
2021-06-29,BRISTOL,5184,145
2021-06-28,WASHINGTON,10105,172
2021-06-28,UNKNOWN,12080,9
2021-06-28,PROVIDENCE,99424,1994
2021-06-28,NEWPORT,6961,42
2021-06-28,KENT,18813,366
2021-06-28,BRISTOL,5184,145
2021-06-27,WASHINGTON,10105,172
2021-06-27,UNKNOWN,12027,9
2021-06-27,PROVIDENCE,99424,1994
2021-06-27,NEWPORT,6961,42
2021-06-27,KENT,18813,366
2021-06-27,BRISTOL,5184,145
2021-06-26,WASHINGTON,10105,172
2021-06-26,UNKNOWN,12027,9
2021-06-26,PROVIDENCE,99424,1994
2021-06-26,NEWPORT,6961,42
2021-06-26,KENT,18813,366
2021-06-26,BRISTOL,5184,145
2021-06-25,WASHINGTON,10105,172
2021-06-25,UNKNOWN,12027,9
2021-06-25,PROVIDENCE,99424,1994
2021-06-25,NEWPORT,6961,42
2021-06-25,KENT,18813,366
2021-06-25,BRISTOL,5184,145
2021-06-24,WASHINGTON,10105,172
2021-06-24,UNKNOWN,12014,8
2021-06-24,PROVIDENCE,99424,1994
2021-06-24,NEWPORT,6961,42
2021-06-24,KENT,18813,366
2021-06-24,BRISTOL,5184,145
2021-06-23,WASHINGTON,10105,172
2021-06-23,UNKNOWN,11994,7
2021-06-23,PROVIDENCE,99424,1994
2021-06-23,NEWPORT,6961,42
2021-06-23,KENT,18813,366
2021-06-23,BRISTOL,5184,145
2021-06-22,WASHINGTON,10097,172
2021-06-22,UNKNOWN,12104,9
2021-06-22,PROVIDENCE,99307,1992
2021-06-22,NEWPORT,6957,42
2021-06-22,KENT,18797,366
2021-06-22,BRISTOL,5181,145
2021-06-21,WASHINGTON,10097,172
2021-06-21,UNKNOWN,12090,7
2021-06-21,PROVIDENCE,99307,1992
2021-06-21,NEWPORT,6957,42
2021-06-21,KENT,18797,366
2021-06-21,BRISTOL,5181,145
2021-06-20,WASHINGTON,10097,172
2021-06-20,UNKNOWN,12044,7
2021-06-20,PROVIDENCE,99307,1992
2021-06-20,NEWPORT,6957,42
2021-06-20,KENT,18797,366
2021-06-20,BRISTOL,5181,145
2021-06-19,WASHINGTON,10097,172
2021-06-19,UNKNOWN,12044,7
2021-06-19,PROVIDENCE,99307,1992
2021-06-19,NEWPORT,6957,42
2021-06-19,KENT,18797,366
2021-06-19,BRISTOL,5181,145
2021-06-18,WASHINGTON,10097,172
2021-06-18,UNKNOWN,12044,7
2021-06-18,PROVIDENCE,99307,1992
2021-06-18,NEWPORT,6957,42
2021-06-18,KENT,18797,366
2021-06-18,BRISTOL,5181,145
2021-06-17,WASHINGTON,10097,172
2021-06-17,UNKNOWN,12020,7
2021-06-17,PROVIDENCE,99307,1992
2021-06-17,NEWPORT,6957,42
2021-06-17,KENT,18797,366
2021-06-17,BRISTOL,5181,145
2021-06-16,WASHINGTON,10097,172
2021-06-16,UNKNOWN,11994,6
2021-06-16,PROVIDENCE,99307,1992
2021-06-16,NEWPORT,6957,42
2021-06-16,KENT,18797,366
2021-06-16,BRISTOL,5181,145
2021-06-15,WASHINGTON,10080,172
2021-06-15,UNKNOWN,12153,11
2021-06-15,PROVIDENCE,99179,1987
2021-06-15,NEWPORT,6941,42
2021-06-15,KENT,18778,366
2021-06-15,BRISTOL,5175,145
2021-06-14,WASHINGTON,10080,172
2021-06-14,UNKNOWN,12120,10
2021-06-14,PROVIDENCE,99179,1987
2021-06-14,NEWPORT,6941,42
2021-06-14,KENT,18778,366
2021-06-14,BRISTOL,5175,145
2021-06-13,WASHINGTON,10080,172
2021-06-13,UNKNOWN,12060,10
2021-06-13,PROVIDENCE,99179,1987
2021-06-13,NEWPORT,6941,42
2021-06-13,KENT,18778,366
2021-06-13,BRISTOL,5175,145
2021-06-12,WASHINGTON,10080,172
2021-06-12,UNKNOWN,12060,10
2021-06-12,PROVIDENCE,99179,1987
2021-06-12,NEWPORT,6941,42
2021-06-12,KENT,18778,366
2021-06-12,BRISTOL,5175,145
2021-06-11,WASHINGTON,10080,172
2021-06-11,UNKNOWN,12060,10
2021-06-11,PROVIDENCE,99179,1987
2021-06-11,NEWPORT,6941,42
2021-06-11,KENT,18778,366
2021-06-11,BRISTOL,5175,145
2021-06-10,WASHINGTON,10080,172
2021-06-10,UNKNOWN,12034,10
2021-06-10,PROVIDENCE,99179,1987
2021-06-10,NEWPORT,6941,42
2021-06-10,KENT,18778,366
2021-06-10,BRISTOL,5175,145
2021-06-09,WASHINGTON,10080,172
2021-06-09,UNKNOWN,12000,10
2021-06-09,PROVIDENCE,99179,1987
2021-06-09,NEWPORT,6941,42
2021-06-09,KENT,18778,366
2021-06-09,BRISTOL,5175,145
2021-06-08,WASHINGTON,10059,172
2021-06-08,UNKNOWN,12183,13
2021-06-08,PROVIDENCE,99011,1983
2021-06-08,NEWPORT,6924,42
2021-06-08,KENT,18759,365
2021-06-08,BRISTOL,5170,144
2021-06-07,WASHINGTON,10059,172
2021-06-07,UNKNOWN,12151,11
2021-06-07,PROVIDENCE,99011,1983
2021-06-07,NEWPORT,6924,42
2021-06-07,KENT,18759,365
2021-06-07,BRISTOL,5170,144
2021-06-06,WASHINGTON,10059,172
2021-06-06,UNKNOWN,12069,11
2021-06-06,PROVIDENCE,99011,1983
2021-06-06,NEWPORT,6924,42
2021-06-06,KENT,18759,365
2021-06-06,BRISTOL,5170,144
2021-06-05,WASHINGTON,10059,172
2021-06-05,UNKNOWN,12069,11
2021-06-05,PROVIDENCE,99011,1983
2021-06-05,NEWPORT,6924,42
2021-06-05,KENT,18759,365
2021-06-05,BRISTOL,5170,144
2021-06-04,WASHINGTON,10059,172
2021-06-04,UNKNOWN,12069,11
2021-06-04,PROVIDENCE,99011,1983
2021-06-04,NEWPORT,6924,42
2021-06-04,KENT,18759,365
2021-06-04,BRISTOL,5170,144
2021-06-03,WASHINGTON,10059,172
2021-06-03,UNKNOWN,12013,9
2021-06-03,PROVIDENCE,99011,1983
2021-06-03,NEWPORT,6924,42
2021-06-03,KENT,18759,365
2021-06-03,BRISTOL,5170,144
2021-06-02,WASHINGTON,10032,171
2021-06-02,UNKNOWN,12380,12
2021-06-02,PROVIDENCE,98724,1978
2021-06-02,NEWPORT,6891,42
2021-06-02,KENT,18715,365
2021-06-02,BRISTOL,5153,144
2021-06-01,WASHINGTON,10032,171
2021-06-01,UNKNOWN,12329,12
2021-06-01,PROVIDENCE,98724,1978
2021-06-01,NEWPORT,6891,42
2021-06-01,KENT,18715,365
2021-06-01,BRISTOL,5153,144
2021-05-31,WASHINGTON,10032,171
2021-05-31,UNKNOWN,12228,8
2021-05-31,PROVIDENCE,98724,1978
2021-05-31,NEWPORT,6891,42
2021-05-31,KENT,18715,365
2021-05-31,BRISTOL,5153,144
2021-05-30,WASHINGTON,10032,171
2021-05-30,UNKNOWN,12228,8
2021-05-30,PROVIDENCE,98724,1978
2021-05-30,NEWPORT,6891,42
2021-05-30,KENT,18715,365
2021-05-30,BRISTOL,5153,144
2021-05-29,WASHINGTON,10032,171
2021-05-29,UNKNOWN,12228,8
2021-05-29,PROVIDENCE,98724,1978
2021-05-29,NEWPORT,6891,42
2021-05-29,KENT,18715,365
2021-05-29,BRISTOL,5153,144
2021-05-28,WASHINGTON,10032,171
2021-05-28,UNKNOWN,12228,8
2021-05-28,PROVIDENCE,98724,1978
2021-05-28,NEWPORT,6891,42
2021-05-28,KENT,18715,365
2021-05-28,BRISTOL,5153,144
2021-05-27,WASHINGTON,10032,171
2021-05-27,UNKNOWN,12176,8
2021-05-27,PROVIDENCE,98724,1978
2021-05-27,NEWPORT,6891,42
2021-05-27,KENT,18715,365
2021-05-27,BRISTOL,5153,144
2021-05-26,WASHINGTON,10032,171
2021-05-26,UNKNOWN,12065,8
2021-05-26,PROVIDENCE,98724,1978
2021-05-26,NEWPORT,6891,42
2021-05-26,KENT,18715,365
2021-05-26,BRISTOL,5153,144
2021-05-25,WASHINGTON,10032,171
2021-05-25,UNKNOWN,11987,7
2021-05-25,PROVIDENCE,98724,1978
2021-05-25,NEWPORT,6891,42
2021-05-25,KENT,18715,365
2021-05-25,BRISTOL,5153,144
2021-05-24,WASHINGTON,10032,171
2021-05-24,UNKNOWN,11925,5
2021-05-24,PROVIDENCE,98724,1978
2021-05-24,NEWPORT,6891,42
2021-05-24,KENT,18715,365
2021-05-24,BRISTOL,5153,144
2021-05-23,WASHINGTON,9935,169
2021-05-23,UNKNOWN,13256,18
2021-05-23,PROVIDENCE,97640,1971
2021-05-23,NEWPORT,6806,42
2021-05-23,KENT,18525,361
2021-05-23,BRISTOL,5096,143
2021-05-22,WASHINGTON,9935,169
2021-05-22,UNKNOWN,13256,18
2021-05-22,PROVIDENCE,97640,1971
2021-05-22,NEWPORT,6806,42
2021-05-22,KENT,18525,361
2021-05-22,BRISTOL,5096,143
2021-05-21,WASHINGTON,9935,169
2021-05-21,UNKNOWN,13256,18
2021-05-21,PROVIDENCE,97640,1971
2021-05-21,NEWPORT,6806,42
2021-05-21,KENT,18525,361
2021-05-21,BRISTOL,5096,143
2021-05-20,WASHINGTON,9935,169
2021-05-20,UNKNOWN,12946,17
2021-05-20,PROVIDENCE,97640,1971
2021-05-20,NEWPORT,6806,42
2021-05-20,KENT,18525,361
2021-05-20,BRISTOL,5096,143
2021-05-19,WASHINGTON,9935,169
2021-05-19,UNKNOWN,12735,17
2021-05-19,PROVIDENCE,97640,1971
2021-05-19,NEWPORT,6806,42
2021-05-19,KENT,18525,361
2021-05-19,BRISTOL,5096,143
2021-05-18,WASHINGTON,9935,169
2021-05-18,UNKNOWN,12735,17
2021-05-18,PROVIDENCE,97640,1971
2021-05-18,NEWPORT,6806,42
2021-05-18,KENT,18525,361
2021-05-18,BRISTOL,5096,143
2021-05-17,WASHINGTON,9935,169
2021-05-17,UNKNOWN,12646,15
2021-05-17,PROVIDENCE,97640,1971
2021-05-17,NEWPORT,6806,42
2021-05-17,KENT,18525,361
2021-05-17,BRISTOL,5096,143
2021-05-16,WASHINGTON,9935,169
2021-05-16,UNKNOWN,12383,14
2021-05-16,PROVIDENCE,97640,1971
2021-05-16,NEWPORT,6806,42
2021-05-16,KENT,18525,361
2021-05-16,BRISTOL,5096,143
2021-05-15,WASHINGTON,9935,169
2021-05-15,UNKNOWN,12383,14
2021-05-15,PROVIDENCE,97640,1971
2021-05-15,NEWPORT,6806,42
2021-05-15,KENT,18525,361
2021-05-15,BRISTOL,5096,143
2021-05-14,WASHINGTON,9935,169
2021-05-14,UNKNOWN,12383,14
2021-05-14,PROVIDENCE,97640,1971
2021-05-14,NEWPORT,6806,42
2021-05-14,KENT,18525,361
2021-05-14,BRISTOL,5096,143
2021-05-13,WASHINGTON,9935,169
2021-05-13,UNKNOWN,12229,12
2021-05-13,PROVIDENCE,97640,1971
2021-05-13,NEWPORT,6806,42
2021-05-13,KENT,18525,361
2021-05-13,BRISTOL,5096,143
2021-05-12,WASHINGTON,9935,169
2021-05-12,UNKNOWN,12250,10
2021-05-12,PROVIDENCE,97640,1971
2021-05-12,NEWPORT,6806,42
2021-05-12,KENT,18525,361
2021-05-12,BRISTOL,5096,143
2021-05-11,WASHINGTON,9877,169
2021-05-11,UNKNOWN,13315,23
2021-05-11,PROVIDENCE,96768,1957
2021-05-11,NEWPORT,6737,42
2021-05-11,KENT,18337,361
2021-05-11,BRISTOL,5063,142
2021-05-10,WASHINGTON,9877,169
2021-05-10,UNKNOWN,13166,19
2021-05-10,PROVIDENCE,96768,1957
2021-05-10,NEWPORT,6737,42
2021-05-10,KENT,18337,361
2021-05-10,BRISTOL,5063,142
2021-05-09,WASHINGTON,9877,169
2021-05-09,UNKNOWN,12795,16
2021-05-09,PROVIDENCE,96768,1957
2021-05-09,NEWPORT,6737,42
2021-05-09,KENT,18337,361
2021-05-09,BRISTOL,5063,142
2021-05-08,WASHINGTON,9877,169
2021-05-08,UNKNOWN,12795,16
2021-05-08,PROVIDENCE,96768,1957
2021-05-08,NEWPORT,6737,42
2021-05-08,KENT,18337,361
2021-05-08,BRISTOL,5063,142
2021-05-07,WASHINGTON,9877,169
2021-05-07,UNKNOWN,12795,16
2021-05-07,PROVIDENCE,96768,1957
2021-05-07,NEWPORT,6737,42
2021-05-07,KENT,18337,361
2021-05-07,BRISTOL,5063,142
2021-05-06,WASHINGTON,9877,169
2021-05-06,UNKNOWN,12602,14
2021-05-06,PROVIDENCE,96768,1957
2021-05-06,NEWPORT,6737,42
2021-05-06,KENT,18337,361
2021-05-06,BRISTOL,5063,142
2021-05-05,WASHINGTON,9877,169
2021-05-05,UNKNOWN,12415,11
2021-05-05,PROVIDENCE,96768,1957
2021-05-05,NEWPORT,6737,42
2021-05-05,KENT,18337,361
2021-05-05,BRISTOL,5063,142
2021-05-04,WASHINGTON,9768,168
2021-05-04,UNKNOWN,13829,25
2021-05-04,PROVIDENCE,95637,1946
2021-05-04,NEWPORT,6603,41
2021-05-04,KENT,18092,360
2021-05-04,BRISTOL,5000,141
2021-05-03,WASHINGTON,9768,168
2021-05-03,UNKNOWN,13569,22
2021-05-03,PROVIDENCE,95637,1946
2021-05-03,NEWPORT,6603,41
2021-05-03,KENT,18092,360
2021-05-03,BRISTOL,5000,141
2021-05-02,WASHINGTON,9768,168
2021-05-02,UNKNOWN,13086,15
2021-05-02,PROVIDENCE,95637,1946
2021-05-02,NEWPORT,6603,41
2021-05-02,KENT,18092,360
2021-05-02,BRISTOL,5000,141
2021-05-01,WASHINGTON,9768,168
2021-05-01,UNKNOWN,13086,15
2021-05-01,PROVIDENCE,95637,1946
2021-05-01,NEWPORT,6603,41
2021-05-01,KENT,18092,360
2021-05-01,BRISTOL,5000,141
2021-04-30,WASHINGTON,9768,168
2021-04-30,UNKNOWN,13086,15
2021-04-30,PROVIDENCE,95637,1946
2021-04-30,NEWPORT,6603,41
2021-04-30,KENT,18092,360
2021-04-30,BRISTOL,5000,141
2021-04-29,WASHINGTON,9768,168
2021-04-29,UNKNOWN,12797,13
2021-04-29,PROVIDENCE,95637,1946
2021-04-29,NEWPORT,6603,41
2021-04-29,KENT,18092,360
2021-04-29,BRISTOL,5000,141
2021-04-28,WASHINGTON,9768,168
2021-04-28,UNKNOWN,12501,12
2021-04-28,PROVIDENCE,95637,1946
2021-04-28,NEWPORT,6603,41
2021-04-28,KENT,18092,360
2021-04-28,BRISTOL,5000,141
2021-04-27,WASHINGTON,9621,168
2021-04-27,UNKNOWN,14200,24
2021-04-27,PROVIDENCE,94224,1934
2021-04-27,NEWPORT,6406,41
2021-04-27,KENT,17851,356
2021-04-27,BRISTOL,4918,141
2021-04-26,WASHINGTON,9621,168
2021-04-26,UNKNOWN,13940,23
2021-04-26,PROVIDENCE,94224,1934
2021-04-26,NEWPORT,6406,41
2021-04-26,KENT,17851,356
2021-04-26,BRISTOL,4918,141
2021-04-25,WASHINGTON,9621,168
2021-04-25,UNKNOWN,13304,20
2021-04-25,PROVIDENCE,94224,1934
2021-04-25,NEWPORT,6406,41
2021-04-25,KENT,17851,356
2021-04-25,BRISTOL,4918,141
2021-04-24,WASHINGTON,9621,168
2021-04-24,UNKNOWN,13304,20
2021-04-24,PROVIDENCE,94224,1934
2021-04-24,NEWPORT,6406,41
2021-04-24,KENT,17851,356
2021-04-24,BRISTOL,4918,141
2021-04-23,WASHINGTON,9621,168
2021-04-23,UNKNOWN,13304,20
2021-04-23,PROVIDENCE,94224,1934
2021-04-23,NEWPORT,6406,41
2021-04-23,KENT,17851,356
2021-04-23,BRISTOL,4918,141
2021-04-22,WASHINGTON,9621,168
2021-04-22,UNKNOWN,13008,20
2021-04-22,PROVIDENCE,94224,1934
2021-04-22,NEWPORT,6406,41
2021-04-22,KENT,17851,356
2021-04-22,BRISTOL,4918,141
2021-04-21,WASHINGTON,9621,168
2021-04-21,UNKNOWN,12627,18
2021-04-21,PROVIDENCE,94224,1934
2021-04-21,NEWPORT,6406,41
2021-04-21,KENT,17851,356
2021-04-21,BRISTOL,4918,141
2021-04-20,WASHINGTON,9482,165
2021-04-20,UNKNOWN,14901,28
2021-04-20,PROVIDENCE,92488,1924
2021-04-20,NEWPORT,6185,41
2021-04-20,KENT,17485,355
2021-04-20,BRISTOL,4817,141
2021-04-19,WASHINGTON,9482,165
2021-04-19,UNKNOWN,14509,25
2021-04-19,PROVIDENCE,92488,1924
2021-04-19,NEWPORT,6185,41
2021-04-19,KENT,17485,355
2021-04-19,BRISTOL,4817,141
2021-04-18,WASHINGTON,9482,165
2021-04-18,UNKNOWN,13692,21
2021-04-18,PROVIDENCE,92488,1924
2021-04-18,NEWPORT,6185,41
2021-04-18,KENT,17485,355
2021-04-18,BRISTOL,4817,141
2021-04-17,WASHINGTON,9482,165
2021-04-17,UNKNOWN,13692,21
2021-04-17,PROVIDENCE,92488,1924
2021-04-17,NEWPORT,6185,41
2021-04-17,KENT,17485,355
2021-04-17,BRISTOL,4817,141
2021-04-16,WASHINGTON,9482,165
2021-04-16,UNKNOWN,13692,21
2021-04-16,PROVIDENCE,92488,1924
2021-04-16,NEWPORT,6185,41
2021-04-16,KENT,17485,355
2021-04-16,BRISTOL,4817,141
2021-04-15,WASHINGTON,9482,165
2021-04-15,UNKNOWN,13283,20
2021-04-15,PROVIDENCE,92488,1924
2021-04-15,NEWPORT,6185,41
2021-04-15,KENT,17485,355
2021-04-15,BRISTOL,4817,141
2021-04-14,WASHINGTON,9274,166
2021-04-14,UNKNOWN,15580,27
2021-04-14,PROVIDENCE,90620,1920
2021-04-14,NEWPORT,5983,41
2021-04-14,KENT,17072,348
2021-04-14,BRISTOL,4722,140
2021-04-13,WASHINGTON,9274,166
2021-04-13,UNKNOWN,15103,25
2021-04-13,PROVIDENCE,90620,1920
2021-04-13,NEWPORT,5983,41
2021-04-13,KENT,17072,348
2021-04-13,BRISTOL,4722,140
2021-04-12,WASHINGTON,9274,166
2021-04-12,UNKNOWN,13426,23
2021-04-12,PROVIDENCE,90620,1920
2021-04-12,NEWPORT,5983,41
2021-04-12,KENT,17072,348
2021-04-12,BRISTOL,4722,140
2021-04-11,WASHINGTON,9274,166
2021-04-11,UNKNOWN,13426,23
2021-04-11,PROVIDENCE,90620,1920
2021-04-11,NEWPORT,5983,41
2021-04-11,KENT,17072,348
2021-04-11,BRISTOL,4722,140
2021-04-10,WASHINGTON,9274,166
2021-04-10,UNKNOWN,13426,23
2021-04-10,PROVIDENCE,90620,1920
2021-04-10,NEWPORT,5983,41
2021-04-10,KENT,17072,348
2021-04-10,BRISTOL,4722,140
2021-04-09,WASHINGTON,9274,166
2021-04-09,UNKNOWN,13426,23
2021-04-09,PROVIDENCE,90620,1920
2021-04-09,NEWPORT,5983,41
2021-04-09,KENT,17072,348
2021-04-09,BRISTOL,4722,140
2021-04-08,WASHINGTON,9274,166
2021-04-08,UNKNOWN,12863,21
2021-04-08,PROVIDENCE,90620,1920
2021-04-08,NEWPORT,5983,41
2021-04-08,KENT,17072,348
2021-04-08,BRISTOL,4722,140
2021-04-07,WASHINGTON,9274,166
2021-04-07,UNKNOWN,12354,20
2021-04-07,PROVIDENCE,90620,1920
2021-04-07,NEWPORT,5983,41
2021-04-07,KENT,17072,348
2021-04-07,BRISTOL,4722,140
2021-04-06,WASHINGTON,9102,166
2021-04-06,UNKNOWN,14620,33
2021-04-06,PROVIDENCE,88787,1909
2021-04-06,NEWPORT,5785,40
2021-04-06,KENT,16664,344
2021-04-06,BRISTOL,4591,140
2021-04-05,WASHINGTON,9102,166
2021-04-05,UNKNOWN,14244,30
2021-04-05,PROVIDENCE,88787,1909
2021-04-05,NEWPORT,5785,40
2021-04-05,KENT,16664,344
2021-04-05,BRISTOL,4591,140
2021-04-04,WASHINGTON,9102,166
2021-04-04,UNKNOWN,13326,31
2021-04-04,PROVIDENCE,88787,1909
2021-04-04,NEWPORT,5785,40
2021-04-04,KENT,16664,344
2021-04-04,BRISTOL,4591,140
2021-04-03,WASHINGTON,9102,166
2021-04-03,UNKNOWN,13326,31
2021-04-03,PROVIDENCE,88787,1909
2021-04-03,NEWPORT,5785,40
2021-04-03,KENT,16664,344
2021-04-03,BRISTOL,4591,140
2021-04-02,WASHINGTON,9102,166
2021-04-02,UNKNOWN,13326,31
2021-04-02,PROVIDENCE,88787,1909
2021-04-02,NEWPORT,5785,40
2021-04-02,KENT,16664,344
2021-04-02,BRISTOL,4591,140
2021-04-01,WASHINGTON,9102,166
2021-04-01,UNKNOWN,12919,25
2021-04-01,PROVIDENCE,88787,1909
2021-04-01,NEWPORT,5785,40
2021-04-01,KENT,16664,344
2021-04-01,BRISTOL,4591,140
2021-03-31,WASHINGTON,9102,166
2021-03-31,UNKNOWN,12400,20
2021-03-31,PROVIDENCE,88787,1909
2021-03-31,NEWPORT,5785,40
2021-03-31,KENT,16664,344
2021-03-31,BRISTOL,4591,140
2021-03-30,WASHINGTON,8899,164
2021-03-30,UNKNOWN,13899,28
2021-03-30,PROVIDENCE,87520,1902
2021-03-30,NEWPORT,5625,40
2021-03-30,KENT,16330,344
2021-03-30,BRISTOL,4492,140
2021-03-29,WASHINGTON,8899,164
2021-03-29,UNKNOWN,13553,23
2021-03-29,PROVIDENCE,87520,1902
2021-03-29,NEWPORT,5625,40
2021-03-29,KENT,16330,344
2021-03-29,BRISTOL,4492,140
2021-03-28,WASHINGTON,8899,164
2021-03-28,UNKNOWN,12909,18
2021-03-28,PROVIDENCE,87520,1902
2021-03-28,NEWPORT,5625,40
2021-03-28,KENT,16330,344
2021-03-28,BRISTOL,4492,140
2021-03-27,WASHINGTON,8899,164
2021-03-27,UNKNOWN,12909,18
2021-03-27,PROVIDENCE,87520,1902
2021-03-27,NEWPORT,5625,40
2021-03-27,KENT,16330,344
2021-03-27,BRISTOL,4492,140
2021-03-26,WASHINGTON,8899,164
2021-03-26,UNKNOWN,12909,18
2021-03-26,PROVIDENCE,87520,1902
2021-03-26,NEWPORT,5625,40
2021-03-26,KENT,16330,344
2021-03-26,BRISTOL,4492,140
2021-03-25,WASHINGTON,8899,164
2021-03-25,UNKNOWN,12424,17
2021-03-25,PROVIDENCE,87520,1902
2021-03-25,NEWPORT,5625,40
2021-03-25,KENT,16330,344
2021-03-25,BRISTOL,4492,140
2021-03-24,WASHINGTON,8899,164
2021-03-24,UNKNOWN,11941,16
2021-03-24,PROVIDENCE,87520,1902
2021-03-24,NEWPORT,5625,40
2021-03-24,KENT,16330,344
2021-03-24,BRISTOL,4492,140
2021-03-23,WASHINGTON,8574,163
2021-03-23,UNKNOWN,13752,46
2021-03-23,PROVIDENCE,86088,1882
2021-03-23,NEWPORT,5471,39
2021-03-23,KENT,16047,337
2021-03-23,BRISTOL,4404,139
2021-03-22,WASHINGTON,8574,163
2021-03-22,UNKNOWN,13455,44
2021-03-22,PROVIDENCE,86088,1882
2021-03-22,NEWPORT,5471,39
2021-03-22,KENT,16047,337
2021-03-22,BRISTOL,4404,139
2021-03-21,WASHINGTON,8574,163
2021-03-21,UNKNOWN,12455,35
2021-03-21,PROVIDENCE,86088,1882
2021-03-21,NEWPORT,5471,39
2021-03-21,KENT,16047,337
2021-03-21,BRISTOL,4404,139
2021-03-20,WASHINGTON,8574,163
2021-03-20,UNKNOWN,12455,35
2021-03-20,PROVIDENCE,86088,1882
2021-03-20,NEWPORT,5471,39
2021-03-20,KENT,16047,337
2021-03-20,BRISTOL,4404,139
2021-03-19,WASHINGTON,8574,163
2021-03-19,UNKNOWN,12455,35
2021-03-19,PROVIDENCE,86088,1882
2021-03-19,NEWPORT,5471,39
2021-03-19,KENT,16047,337
2021-03-19,BRISTOL,4404,139
2021-03-18,WASHINGTON,8574,163
2021-03-18,UNKNOWN,12032,34
2021-03-18,PROVIDENCE,86088,1882
2021-03-18,NEWPORT,5471,39
2021-03-18,KENT,16047,337
2021-03-18,BRISTOL,4404,139
2021-03-17,WASHINGTON,8574,163
2021-03-17,UNKNOWN,11600,28
2021-03-17,PROVIDENCE,86088,1882
2021-03-17,NEWPORT,5471,39
2021-03-17,KENT,16047,337
2021-03-17,BRISTOL,4404,139
2021-03-16,WASHINGTON,8141,160
2021-03-16,UNKNOWN,13653,49
2021-03-16,PROVIDENCE,84529,1862
2021-03-16,NEWPORT,5347,38
2021-03-16,KENT,15760,336
2021-03-16,BRISTOL,4320,138
2021-03-15,WASHINGTON,8141,160
2021-03-15,UNKNOWN,13390,42
2021-03-15,PROVIDENCE,84529,1862
2021-03-15,NEWPORT,5347,38
2021-03-15,KENT,15760,336
2021-03-15,BRISTOL,4320,138
2021-03-14,WASHINGTON,8141,160
2021-03-14,UNKNOWN,12405,33
2021-03-14,PROVIDENCE,84529,1862
2021-03-14,NEWPORT,5347,38
2021-03-14,KENT,15760,336
2021-03-14,BRISTOL,4320,138
2021-03-13,WASHINGTON,8141,160
2021-03-13,UNKNOWN,12405,33
2021-03-13,PROVIDENCE,84529,1862
2021-03-13,NEWPORT,5347,38
2021-03-13,KENT,15760,336
2021-03-13,BRISTOL,4320,138
2021-03-12,WASHINGTON,8141,160
2021-03-12,UNKNOWN,12405,33
2021-03-12,PROVIDENCE,84529,1862
2021-03-12,NEWPORT,5347,38
2021-03-12,KENT,15760,336
2021-03-12,BRISTOL,4320,138
2021-03-11,WASHINGTON,8141,160
2021-03-11,UNKNOWN,12023,29
2021-03-11,PROVIDENCE,84529,1862
2021-03-11,NEWPORT,5347,38
2021-03-11,KENT,15760,336
2021-03-11,BRISTOL,4320,138
2021-03-10,WASHINGTON,8141,160
2021-03-10,UNKNOWN,11498,25
2021-03-10,PROVIDENCE,84529,1862
2021-03-10,NEWPORT,5347,38
2021-03-10,KENT,15760,336
2021-03-10,BRISTOL,4320,138
2021-03-09,WASHINGTON,7867,160
2021-03-09,UNKNOWN,13332,54
2021-03-09,PROVIDENCE,83108,1846
2021-03-09,NEWPORT,5215,36
2021-03-09,KENT,15508,326
2021-03-09,BRISTOL,4247,134
2021-03-08,WASHINGTON,7867,160
2021-03-08,UNKNOWN,13036,47
2021-03-08,PROVIDENCE,83108,1846
2021-03-08,NEWPORT,5215,36
2021-03-08,KENT,15508,326
2021-03-08,BRISTOL,4247,134
2021-03-07,WASHINGTON,7867,160
2021-03-07,UNKNOWN,12176,39
2021-03-07,PROVIDENCE,83108,1846
2021-03-07,NEWPORT,5215,36
2021-03-07,KENT,15508,326
2021-03-07,BRISTOL,4247,134
2021-03-06,WASHINGTON,7867,160
2021-03-06,UNKNOWN,12176,39
2021-03-06,PROVIDENCE,83108,1846
2021-03-06,NEWPORT,5215,36
2021-03-06,KENT,15508,326
2021-03-06,BRISTOL,4247,134
2021-03-05,WASHINGTON,7867,160
2021-03-05,UNKNOWN,12176,39
2021-03-05,PROVIDENCE,83108,1846
2021-03-05,NEWPORT,5215,36
2021-03-05,KENT,15508,326
2021-03-05,BRISTOL,4247,134
2021-03-04,WASHINGTON,7867,160
2021-03-04,UNKNOWN,11782,37
2021-03-04,PROVIDENCE,83108,1846
2021-03-04,NEWPORT,5215,36
2021-03-04,KENT,15508,326
2021-03-04,BRISTOL,4247,134
2021-03-03,WASHINGTON,7867,160
2021-03-03,UNKNOWN,11340,32
2021-03-03,PROVIDENCE,83108,1846
2021-03-03,NEWPORT,5215,36
2021-03-03,KENT,15508,326
2021-03-03,BRISTOL,4247,134
2021-03-02,WASHINGTON,7625,154
2021-03-02,UNKNOWN,13155,76
2021-03-02,PROVIDENCE,81582,1815
2021-03-02,NEWPORT,5116,34
2021-03-02,KENT,15199,316
2021-03-02,BRISTOL,4172,130
2021-03-01,WASHINGTON,7625,154
2021-03-01,UNKNOWN,12894,68
2021-03-01,PROVIDENCE,81582,1815
2021-03-01,NEWPORT,5116,34
2021-03-01,KENT,15199,316
2021-03-01,BRISTOL,4172,130
2021-02-28,WASHINGTON,7625,154
2021-02-28,UNKNOWN,11928,53
2021-02-28,PROVIDENCE,81582,1815
2021-02-28,NEWPORT,5116,34
2021-02-28,KENT,15199,316
2021-02-28,BRISTOL,4172,130
2021-02-27,WASHINGTON,7625,154
2021-02-27,UNKNOWN,11928,53
2021-02-27,PROVIDENCE,81582,1815
2021-02-27,NEWPORT,5116,34
2021-02-27,KENT,15199,316
2021-02-27,BRISTOL,4172,130
2021-02-26,WASHINGTON,7625,154
2021-02-26,UNKNOWN,11928,53
2021-02-26,PROVIDENCE,81582,1815
2021-02-26,NEWPORT,5116,34
2021-02-26,KENT,15199,316
2021-02-26,BRISTOL,4172,130
2021-02-25,WASHINGTON,7625,154
2021-02-25,UNKNOWN,11491,47
2021-02-25,PROVIDENCE,81582,1815
2021-02-25,NEWPORT,5116,34
2021-02-25,KENT,15199,316
2021-02-25,BRISTOL,4172,130
2021-02-24,WASHINGTON,7625,154
2021-02-24,UNKNOWN,11024,38
2021-02-24,PROVIDENCE,81582,1815
2021-02-24,NEWPORT,5116,34
2021-02-24,KENT,15199,316
2021-02-24,BRISTOL,4172,130
2021-02-23,WASHINGTON,7345,145
2021-02-23,UNKNOWN,12627,162
2021-02-23,PROVIDENCE,80264,1730
2021-02-23,NEWPORT,5015,25
2021-02-23,KENT,14896,291
2021-02-23,BRISTOL,4115,123
2021-02-22,WASHINGTON,7345,145
2021-02-22,UNKNOWN,12345,152
2021-02-22,PROVIDENCE,80264,1730
2021-02-22,NEWPORT,5015,25
2021-02-22,KENT,14896,291
2021-02-22,BRISTOL,4115,123
2021-02-21,WASHINGTON,7345,145
2021-02-21,UNKNOWN,11510,62
2021-02-21,PROVIDENCE,80264,1730
2021-02-21,NEWPORT,5015,25
2021-02-21,KENT,14896,291
2021-02-21,BRISTOL,4115,123
2021-02-20,WASHINGTON,7345,145
2021-02-20,UNKNOWN,11510,62
2021-02-20,PROVIDENCE,80264,1730
2021-02-20,NEWPORT,5015,25
2021-02-20,KENT,14896,291
2021-02-20,BRISTOL,4115,123
2021-02-19,WASHINGTON,7345,145
2021-02-19,UNKNOWN,11510,62
2021-02-19,PROVIDENCE,80264,1730
2021-02-19,NEWPORT,5015,25
2021-02-19,KENT,14896,291
2021-02-19,BRISTOL,4115,123
2021-02-18,WASHINGTON,7345,145
2021-02-18,UNKNOWN,11224,53
2021-02-18,PROVIDENCE,80264,1730
2021-02-18,NEWPORT,5015,25
2021-02-18,KENT,14896,291
2021-02-18,BRISTOL,4115,123
2021-02-17,WASHINGTON,7345,145
2021-02-17,UNKNOWN,10805,38
2021-02-17,PROVIDENCE,80264,1730
2021-02-17,NEWPORT,5015,25
2021-02-17,KENT,14896,291
2021-02-17,BRISTOL,4115,123
2021-02-16,WASHINGTON,7042,138
2021-02-16,UNKNOWN,12952,124
2021-02-16,PROVIDENCE,78666,1673
2021-02-16,NEWPORT,4851,20
2021-02-16,KENT,14542,272
2021-02-16,BRISTOL,4019,117
2021-02-15,WASHINGTON,7042,138
2021-02-15,UNKNOWN,12667,114
2021-02-15,PROVIDENCE,78666,1673
2021-02-15,NEWPORT,4851,20
2021-02-15,KENT,14542,272
2021-02-15,BRISTOL,4019,117
2021-02-14,WASHINGTON,7042,138
2021-02-14,UNKNOWN,11701,70
2021-02-14,PROVIDENCE,78666,1673
2021-02-14,NEWPORT,4851,20
2021-02-14,KENT,14542,272
2021-02-14,BRISTOL,4019,117
2021-02-13,WASHINGTON,7042,138
2021-02-13,UNKNOWN,11701,70
2021-02-13,PROVIDENCE,78666,1673
2021-02-13,NEWPORT,4851,20
2021-02-13,KENT,14542,272
2021-02-13,BRISTOL,4019,117
2021-02-12,WASHINGTON,7042,138
2021-02-12,UNKNOWN,11701,70
2021-02-12,PROVIDENCE,78666,1673
2021-02-12,NEWPORT,4851,20
2021-02-12,KENT,14542,272
2021-02-12,BRISTOL,4019,117
2021-02-11,WASHINGTON,7042,138
2021-02-11,UNKNOWN,11261,54
2021-02-11,PROVIDENCE,78666,1673
2021-02-11,NEWPORT,4851,20
2021-02-11,KENT,14542,272
2021-02-11,BRISTOL,4019,117
2021-02-10,WASHINGTON,7042,138
2021-02-10,UNKNOWN,10773,39
2021-02-10,PROVIDENCE,78666,1673
2021-02-10,NEWPORT,4851,20
2021-02-10,KENT,14542,272
2021-02-10,BRISTOL,4019,117
2021-02-09,WASHINGTON,6765,137
2021-02-09,UNKNOWN,13292,94
2021-02-09,PROVIDENCE,76727,1631
2021-02-09,NEWPORT,4631,16
2021-02-09,KENT,14129,256
2021-02-09,BRISTOL,3890,114
2021-02-08,WASHINGTON,6765,137
2021-02-08,UNKNOWN,12962,82
2021-02-08,PROVIDENCE,76727,1631
2021-02-08,NEWPORT,4631,16
2021-02-08,KENT,14129,256
2021-02-08,BRISTOL,3890,114
2021-02-07,WASHINGTON,6765,137
2021-02-07,UNKNOWN,11749,58
2021-02-07,PROVIDENCE,76727,1631
2021-02-07,NEWPORT,4631,16
2021-02-07,KENT,14129,256
2021-02-07,BRISTOL,3890,114
2021-02-06,WASHINGTON,6765,137
2021-02-06,UNKNOWN,11749,58
2021-02-06,PROVIDENCE,76727,1631
2021-02-06,NEWPORT,4631,16
2021-02-06,KENT,14129,256
2021-02-06,BRISTOL,3890,114
2021-02-05,WASHINGTON,6765,137
2021-02-05,UNKNOWN,11749,58
2021-02-05,PROVIDENCE,76727,1631
2021-02-05,NEWPORT,4631,16
2021-02-05,KENT,14129,256
2021-02-05,BRISTOL,3890,114
2021-02-04,WASHINGTON,6765,137
2021-02-04,UNKNOWN,11149,55
2021-02-04,PROVIDENCE,76727,1631
2021-02-04,NEWPORT,4631,16
2021-02-04,KENT,14129,256
2021-02-04,BRISTOL,3890,114
2021-02-03,WASHINGTON,6765,137
2021-02-03,UNKNOWN,10562,44
2021-02-03,PROVIDENCE,76727,1631
2021-02-03,NEWPORT,4631,16
2021-02-03,KENT,14129,256
2021-02-03,BRISTOL,3890,114
2021-02-02,WASHINGTON,6298,133
2021-02-02,UNKNOWN,14145,105
2021-02-02,PROVIDENCE,74238,1581
2021-02-02,NEWPORT,4336,12
2021-02-02,KENT,13459,247
2021-02-02,BRISTOL,3715,108
2021-02-01,WASHINGTON,6298,133
2021-02-01,UNKNOWN,13910,92
2021-02-01,PROVIDENCE,74238,1581
2021-02-01,NEWPORT,4336,12
2021-02-01,KENT,13459,247
2021-02-01,BRISTOL,3715,108
2021-01-31,WASHINGTON,6298,133
2021-01-31,UNKNOWN,12392,73
2021-01-31,PROVIDENCE,74238,1581
2021-01-31,NEWPORT,4336,12
2021-01-31,KENT,13459,247
2021-01-31,BRISTOL,3715,108
2021-01-30,WASHINGTON,6298,133
2021-01-30,UNKNOWN,12392,73
2021-01-30,PROVIDENCE,74238,1581
2021-01-30,NEWPORT,4336,12
2021-01-30,KENT,13459,247
2021-01-30,BRISTOL,3715,108
2021-01-29,WASHINGTON,6298,133
2021-01-29,UNKNOWN,12392,73
2021-01-29,PROVIDENCE,74238,1581
2021-01-29,NEWPORT,4336,12
2021-01-29,KENT,13459,247
2021-01-29,BRISTOL,3715,108
2021-01-28,WASHINGTON,6298,133
2021-01-28,UNKNOWN,11708,63
2021-01-28,PROVIDENCE,74238,1581
2021-01-28,NEWPORT,4336,12
2021-01-28,KENT,13459,247
2021-01-28,BRISTOL,3715,108
2021-01-27,WASHINGTON,6298,133
2021-01-27,UNKNOWN,10963,54
2021-01-27,PROVIDENCE,74238,1581
2021-01-27,NEWPORT,4336,12
2021-01-27,KENT,13459,247
2021-01-27,BRISTOL,3715,108
2021-01-26,WASHINGTON,5887,132
2021-01-26,UNKNOWN,15194,117
2021-01-26,PROVIDENCE,71172,1532
2021-01-26,NEWPORT,3999,11
2021-01-26,KENT,12645,237
2021-01-26,BRISTOL,3499,97
2021-01-25,WASHINGTON,5887,132
2021-01-25,UNKNOWN,14552,101
2021-01-25,PROVIDENCE,71172,1532
2021-01-25,NEWPORT,3999,11
2021-01-25,KENT,12645,237
2021-01-25,BRISTOL,3499,97
2021-01-24,WASHINGTON,5887,132
2021-01-24,UNKNOWN,12533,74
2021-01-24,PROVIDENCE,71172,1532
2021-01-24,NEWPORT,3999,11
2021-01-24,KENT,12645,237
2021-01-24,BRISTOL,3499,97
2021-01-23,WASHINGTON,5887,132
2021-01-23,UNKNOWN,12533,74
2021-01-23,PROVIDENCE,71172,1532
2021-01-23,NEWPORT,3999,11
2021-01-23,KENT,12645,237
2021-01-23,BRISTOL,3499,97
2021-01-22,WASHINGTON,5887,132
2021-01-22,UNKNOWN,12533,74
2021-01-22,PROVIDENCE,71172,1532
2021-01-22,NEWPORT,3999,11
2021-01-22,KENT,12645,237
2021-01-22,BRISTOL,3499,97
2021-01-21,WASHINGTON,5887,132
2021-01-21,UNKNOWN,11584,67
2021-01-21,PROVIDENCE,71172,1532
2021-01-21,NEWPORT,3999,11
2021-01-21,KENT,12645,237
2021-01-21,BRISTOL,3499,97
2021-01-20,WASHINGTON,5887,132
2021-01-20,UNKNOWN,10674,49
2021-01-20,PROVIDENCE,71172,1532
2021-01-20,NEWPORT,3999,11
2021-01-20,KENT,12645,237
2021-01-20,BRISTOL,3499,97
2021-01-19,WASHINGTON,5521,125
2021-01-19,UNKNOWN,15388,124
2021-01-19,PROVIDENCE,67526,1479
2021-01-19,NEWPORT,3578,11
2021-01-19,KENT,11802,228
2021-01-19,BRISTOL,3251,78
2021-01-18,WASHINGTON,5521,125
2021-01-18,UNKNOWN,12765,84
2021-01-18,PROVIDENCE,67526,1479
2021-01-18,NEWPORT,3578,11
2021-01-18,KENT,11802,228
2021-01-18,BRISTOL,3251,78
2021-01-17,WASHINGTON,5521,125
2021-01-17,UNKNOWN,12765,84
2021-01-17,PROVIDENCE,67526,1479
2021-01-17,NEWPORT,3578,11
2021-01-17,KENT,11802,228
2021-01-17,BRISTOL,3251,78
2021-01-16,WASHINGTON,5521,125
2021-01-16,UNKNOWN,12765,84
2021-01-16,PROVIDENCE,67526,1479
2021-01-16,NEWPORT,3578,11
2021-01-16,KENT,11802,228
2021-01-16,BRISTOL,3251,78
2021-01-15,WASHINGTON,5521,125
2021-01-15,UNKNOWN,12765,84
2021-01-15,PROVIDENCE,67526,1479
2021-01-15,NEWPORT,3578,11
2021-01-15,KENT,11802,228
2021-01-15,BRISTOL,3251,78
2021-01-14,WASHINGTON,5521,125
2021-01-14,UNKNOWN,11708,75
2021-01-14,PROVIDENCE,67526,1479
2021-01-14,NEWPORT,3578,11
2021-01-14,KENT,11802,228
2021-01-14,BRISTOL,3251,78
2021-01-13,WASHINGTON,5521,125
2021-01-13,UNKNOWN,10807,66
2021-01-13,PROVIDENCE,67526,1479
2021-01-13,NEWPORT,3578,11
2021-01-13,KENT,11802,228
2021-01-13,BRISTOL,3251,78
2021-01-12,WASHINGTON,4994,121
2021-01-12,UNKNOWN,16867,120
2021-01-12,PROVIDENCE,62846,1435
2021-01-12,NEWPORT,3069,10
2021-01-12,KENT,10783,213
2021-01-12,BRISTOL,2834,71
2021-01-11,WASHINGTON,4994,121
2021-01-11,UNKNOWN,16081,97
2021-01-11,PROVIDENCE,62846,1435
2021-01-11,NEWPORT,3069,10
2021-01-11,KENT,10783,213
2021-01-11,BRISTOL,2834,71
2021-01-10,WASHINGTON,4994,121
2021-01-10,UNKNOWN,13088,66
2021-01-10,PROVIDENCE,62846,1435
2021-01-10,NEWPORT,3069,10
2021-01-10,KENT,10783,213
2021-01-10,BRISTOL,2834,71
2021-01-09,WASHINGTON,4994,121
2021-01-09,UNKNOWN,13088,66
2021-01-09,PROVIDENCE,62846,1435
2021-01-09,NEWPORT,3069,10
2021-01-09,KENT,10783,213
2021-01-09,BRISTOL,2834,71
2021-01-08,WASHINGTON,4994,121
2021-01-08,UNKNOWN,13088,66
2021-01-08,PROVIDENCE,62846,1435
2021-01-08,NEWPORT,3069,10
2021-01-08,KENT,10783,213
2021-01-08,BRISTOL,2834,71
2021-01-07,WASHINGTON,4994,121
2021-01-07,UNKNOWN,12065,60
2021-01-07,PROVIDENCE,62846,1435
2021-01-07,NEWPORT,3069,10
2021-01-07,KENT,10783,213
2021-01-07,BRISTOL,2834,71
2021-01-06,WASHINGTON,4994,121
2021-01-06,UNKNOWN,10937,40
2021-01-06,PROVIDENCE,62846,1435
2021-01-06,NEWPORT,3069,10
2021-01-06,KENT,10783,213
2021-01-06,BRISTOL,2834,71
2021-01-05,WASHINGTON,4482,113
2021-01-05,UNKNOWN,15525,153
2021-01-05,PROVIDENCE,58946,1347
2021-01-05,NEWPORT,2595,9
2021-01-05,KENT,9901,194
2021-01-05,BRISTOL,2403,54
2021-01-04,WASHINGTON,4482,113
2021-01-04,UNKNOWN,14381,138
2021-01-04,PROVIDENCE,58946,1347
2021-01-04,NEWPORT,2595,9
2021-01-04,KENT,9901,194
2021-01-04,BRISTOL,2403,54
2021-01-03,WASHINGTON,4482,113
2021-01-03,UNKNOWN,9622,60
2021-01-03,PROVIDENCE,58946,1347
2021-01-03,NEWPORT,2595,9
2021-01-03,KENT,9901,194
2021-01-03,BRISTOL,2403,54
2021-01-02,WASHINGTON,4482,113
2021-01-02,UNKNOWN,9622,60
2021-01-02,PROVIDENCE,58946,1347
2021-01-02,NEWPORT,2595,9
2021-01-02,KENT,9901,194
2021-01-02,BRISTOL,2403,54
2021-01-01,WASHINGTON,4482,113
2021-01-01,UNKNOWN,9622,60
2021-01-01,PROVIDENCE,58946,1347
2021-01-01,NEWPORT,2595,9
2021-01-01,KENT,9901,194
2021-01-01,BRISTOL,2403,54
2020-12-31,WASHINGTON,4482,113
2020-12-31,UNKNOWN,9622,60
2020-12-31,PROVIDENCE,58946,1347
2020-12-31,NEWPORT,2595,9
2020-12-31,KENT,9901,194
2020-12-31,BRISTOL,2403,54
2020-12-30,WASHINGTON,4482,113
2020-12-30,UNKNOWN,9622,60
2020-12-30,PROVIDENCE,58946,1347
2020-12-30,NEWPORT,2595,9
2020-12-30,KENT,9901,194
2020-12-30,BRISTOL,2403,54
2020-12-29,WASHINGTON,4135,106
2020-12-29,UNKNOWN,13091,129
2020-12-29,PROVIDENCE,55922,1276
2020-12-29,NEWPORT,2281,9
2020-12-29,KENT,9295,186
2020-12-29,BRISTOL,2065,54
2020-12-28,WASHINGTON,4135,106
2020-12-28,UNKNOWN,11904,111
2020-12-28,PROVIDENCE,55922,1276
2020-12-28,NEWPORT,2281,9
2020-12-28,KENT,9295,186
2020-12-28,BRISTOL,2065,54
2020-12-27,WASHINGTON,4135,106
2020-12-27,UNKNOWN,8368,73
2020-12-27,PROVIDENCE,55922,1276
2020-12-27,NEWPORT,2281,9
2020-12-27,KENT,9295,186
2020-12-27,BRISTOL,2065,54
2020-12-26,WASHINGTON,4135,106
2020-12-26,UNKNOWN,8368,73
2020-12-26,PROVIDENCE,55922,1276
2020-12-26,NEWPORT,2281,9
2020-12-26,KENT,9295,186
2020-12-26,BRISTOL,2065,54
2020-12-25,WASHINGTON,4135,106
2020-12-25,UNKNOWN,8368,73
2020-12-25,PROVIDENCE,55922,1276
2020-12-25,NEWPORT,2281,9
2020-12-25,KENT,9295,186
2020-12-25,BRISTOL,2065,54
2020-12-24,WASHINGTON,4135,106
2020-12-24,UNKNOWN,8368,73
2020-12-24,PROVIDENCE,55922,1276
2020-12-24,NEWPORT,2281,9
2020-12-24,KENT,9295,186
2020-12-24,BRISTOL,2065,54
2020-12-23,WASHINGTON,4135,106
2020-12-23,UNKNOWN,8368,73
2020-12-23,PROVIDENCE,55922,1276
2020-12-23,NEWPORT,2281,9
2020-12-23,KENT,9295,186
2020-12-23,BRISTOL,2065,54
2020-12-22,WASHINGTON,3713,101
2020-12-22,UNKNOWN,13386,162
2020-12-22,PROVIDENCE,51871,1189
2020-12-22,NEWPORT,1965,9
2020-12-22,KENT,8436,164
2020-12-22,BRISTOL,1816,53
2020-12-21,WASHINGTON,3713,101
2020-12-21,UNKNOWN,12430,154
2020-12-21,PROVIDENCE,51871,1189
2020-12-21,NEWPORT,1965,9
2020-12-21,KENT,8436,164
2020-12-21,BRISTOL,1816,53
2020-12-20,WASHINGTON,3713,101
2020-12-20,UNKNOWN,10011,109
2020-12-20,PROVIDENCE,51871,1189
2020-12-20,NEWPORT,1965,9
2020-12-20,KENT,8436,164
2020-12-20,BRISTOL,1816,53
2020-12-19,WASHINGTON,3713,101
2020-12-19,UNKNOWN,10011,109
2020-12-19,PROVIDENCE,51871,1189
2020-12-19,NEWPORT,1965,9
2020-12-19,KENT,8436,164
2020-12-19,BRISTOL,1816,53
2020-12-18,WASHINGTON,3713,101
2020-12-18,UNKNOWN,10011,109
2020-12-18,PROVIDENCE,51871,1189
2020-12-18,NEWPORT,1965,9
2020-12-18,KENT,8436,164
2020-12-18,BRISTOL,1816,53
2020-12-17,WASHINGTON,3713,101
2020-12-17,UNKNOWN,9489,86
2020-12-17,PROVIDENCE,51871,1189
2020-12-17,NEWPORT,1965,9
2020-12-17,KENT,8436,164
2020-12-17,BRISTOL,1816,53
2020-12-16,WASHINGTON,3713,101
2020-12-16,UNKNOWN,8408,74
2020-12-16,PROVIDENCE,51871,1189
2020-12-16,NEWPORT,1965,9
2020-12-16,KENT,8436,164
2020-12-16,BRISTOL,1816,53
2020-12-15,WASHINGTON,3144,95
2020-12-15,UNKNOWN,15306,151
2020-12-15,PROVIDENCE,46213,1113
2020-12-15,NEWPORT,1648,9
2020-12-15,KENT,7342,153
2020-12-15,BRISTOL,1584,49
2020-12-14,WASHINGTON,3144,95
2020-12-14,UNKNOWN,14140,136
2020-12-14,PROVIDENCE,46213,1113
2020-12-14,NEWPORT,1648,9
2020-12-14,KENT,7342,153
2020-12-14,BRISTOL,1584,49
2020-12-13,WASHINGTON,3144,95
2020-12-13,UNKNOWN,10887,90
2020-12-13,PROVIDENCE,46213,1113
2020-12-13,NEWPORT,1648,9
2020-12-13,KENT,7342,153
2020-12-13,BRISTOL,1584,49
2020-12-12,WASHINGTON,3144,95
2020-12-12,UNKNOWN,10887,90
2020-12-12,PROVIDENCE,46213,1113
2020-12-12,NEWPORT,1648,9
2020-12-12,KENT,7342,153
2020-12-12,BRISTOL,1584,49
2020-12-11,WASHINGTON,3144,95
2020-12-11,UNKNOWN,10887,90
2020-12-11,PROVIDENCE,46213,1113
2020-12-11,NEWPORT,1648,9
2020-12-11,KENT,7342,153
2020-12-11,BRISTOL,1584,49
2020-12-10,WASHINGTON,3144,95
2020-12-10,UNKNOWN,9316,79
2020-12-10,PROVIDENCE,46213,1113
2020-12-10,NEWPORT,1648,9
2020-12-10,KENT,7342,153
2020-12-10,BRISTOL,1584,49
2020-12-09,WASHINGTON,3144,95
2020-12-09,UNKNOWN,8368,65
2020-12-09,PROVIDENCE,46213,1113
2020-12-09,NEWPORT,1648,9
2020-12-09,KENT,7342,153
2020-12-09,BRISTOL,1584,49
2020-12-08,WASHINGTON,2641,90
2020-12-08,UNKNOWN,15362,124
2020-12-08,PROVIDENCE,40206,1059
2020-12-08,NEWPORT,1380,8
2020-12-08,KENT,6109,145
2020-12-08,BRISTOL,1369,44
2020-12-07,WASHINGTON,2641,90
2020-12-07,UNKNOWN,14113,102
2020-12-07,PROVIDENCE,40206,1059
2020-12-07,NEWPORT,1380,8
2020-12-07,KENT,6109,145
2020-12-07,BRISTOL,1369,44
2020-12-06,WASHINGTON,2641,90
2020-12-06,UNKNOWN,10432,67
2020-12-06,PROVIDENCE,40206,1059
2020-12-06,NEWPORT,1380,8
2020-12-06,KENT,6109,145
2020-12-06,BRISTOL,1369,44
2020-12-05,WASHINGTON,2641,90
2020-12-05,UNKNOWN,10432,67
2020-12-05,PROVIDENCE,40206,1059
2020-12-05,NEWPORT,1380,8
2020-12-05,KENT,6109,145
2020-12-05,BRISTOL,1369,44
2020-12-04,WASHINGTON,2641,90
2020-12-04,UNKNOWN,10432,67
2020-12-04,PROVIDENCE,40206,1059
2020-12-04,NEWPORT,1380,8
2020-12-04,KENT,6109,145
2020-12-04,BRISTOL,1369,44
2020-12-03,WASHINGTON,2641,90
2020-12-03,UNKNOWN,9017,54
2020-12-03,PROVIDENCE,40206,1059
2020-12-03,NEWPORT,1380,8
2020-12-03,KENT,6109,145
2020-12-03,BRISTOL,1369,44
2020-12-02,WASHINGTON,2641,90
2020-12-02,UNKNOWN,7300,45
2020-12-02,PROVIDENCE,40206,1059
2020-12-02,NEWPORT,1380,8
2020-12-02,KENT,6109,145
2020-12-02,BRISTOL,1369,44
2020-12-01,WASHINGTON,2223,83
2020-12-01,UNKNOWN,12062,90
2020-12-01,PROVIDENCE,35980,1027
2020-12-01,NEWPORT,1217,8
2020-12-01,KENT,5180,138
2020-12-01,BRISTOL,1244,34
2020-11-30,WASHINGTON,2223,83
2020-11-30,UNKNOWN,10879,83
2020-11-30,PROVIDENCE,35980,1027
2020-11-30,NEWPORT,1217,8
2020-11-30,KENT,5180,138
2020-11-30,BRISTOL,1244,34
2020-11-29,WASHINGTON,2223,83
2020-11-29,UNKNOWN,8110,56
2020-11-29,PROVIDENCE,35980,1027
2020-11-29,NEWPORT,1217,8
2020-11-29,KENT,5180,138
2020-11-29,BRISTOL,1244,34
2020-11-28,WASHINGTON,2223,83
2020-11-28,UNKNOWN,8110,56
2020-11-28,PROVIDENCE,35980,1027
2020-11-28,NEWPORT,1217,8
2020-11-28,KENT,5180,138
2020-11-28,BRISTOL,1244,34
2020-11-27,WASHINGTON,2223,83
2020-11-27,UNKNOWN,8110,56
2020-11-27,PROVIDENCE,35980,1027
2020-11-27,NEWPORT,1217,8
2020-11-27,KENT,5180,138
2020-11-27,BRISTOL,1244,34
2020-11-26,WASHINGTON,2223,83
2020-11-26,UNKNOWN,6473,45
2020-11-26,PROVIDENCE,35980,1027
2020-11-26,NEWPORT,1217,8
2020-11-26,KENT,5180,138
2020-11-26,BRISTOL,1244,34
2020-11-25,WASHINGTON,2223,83
2020-11-25,UNKNOWN,6473,45
2020-11-25,PROVIDENCE,35980,1027
2020-11-25,NEWPORT,1217,8
2020-11-25,KENT,5180,138
2020-11-25,BRISTOL,1244,34
2020-11-24,WASHINGTON,1891,81
2020-11-24,UNKNOWN,11779,69
2020-11-24,PROVIDENCE,31512,1008
2020-11-24,NEWPORT,1046,8
2020-11-24,KENT,4152,133
2020-11-24,BRISTOL,1044,26
2020-11-23,WASHINGTON,1891,81
2020-11-23,UNKNOWN,10928,53
2020-11-23,PROVIDENCE,31512,1008
2020-11-23,NEWPORT,1046,8
2020-11-23,KENT,4152,133
2020-11-23,BRISTOL,1044,26
2020-11-22,WASHINGTON,1891,81
2020-11-22,UNKNOWN,8356,38
2020-11-22,PROVIDENCE,31512,1008
2020-11-22,NEWPORT,1046,8
2020-11-22,KENT,4152,133
2020-11-22,BRISTOL,1044,26
2020-11-21,WASHINGTON,1891,81
2020-11-21,UNKNOWN,8356,38
2020-11-21,PROVIDENCE,31512,1008
2020-11-21,NEWPORT,1046,8
2020-11-21,KENT,4152,133
2020-11-21,BRISTOL,1044,26
2020-11-20,WASHINGTON,1891,81
2020-11-20,UNKNOWN,8356,38
2020-11-20,PROVIDENCE,31512,1008
2020-11-20,NEWPORT,1046,8
2020-11-20,KENT,4152,133
2020-11-20,BRISTOL,1044,26
2020-11-19,WASHINGTON,1891,81
2020-11-19,UNKNOWN,7306,32
2020-11-19,PROVIDENCE,31512,1008
2020-11-19,NEWPORT,1046,8
2020-11-19,KENT,4152,133
2020-11-19,BRISTOL,1044,26
2020-11-18,WASHINGTON,1891,81
2020-11-18,UNKNOWN,6266,28
2020-11-18,PROVIDENCE,31512,1008
2020-11-18,NEWPORT,1046,8
2020-11-18,KENT,4152,133
2020-11-18,BRISTOL,1044,26
2020-11-17,WASHINGTON,1602,77
2020-11-17,UNKNOWN,9992,54
2020-11-17,PROVIDENCE,27808,988
2020-11-17,NEWPORT,906,8
2020-11-17,KENT,3368,128
2020-11-17,BRISTOL,852,23
2020-11-16,WASHINGTON,1602,77
2020-11-16,UNKNOWN,9387,46
2020-11-16,PROVIDENCE,27808,988
2020-11-16,NEWPORT,906,8
2020-11-16,KENT,3368,128
2020-11-16,BRISTOL,852,23
2020-11-15,WASHINGTON,1602,77
2020-11-15,UNKNOWN,6993,30
2020-11-15,PROVIDENCE,27808,988
2020-11-15,NEWPORT,906,8
2020-11-15,KENT,3368,128
2020-11-15,BRISTOL,852,23
2020-11-14,WASHINGTON,1602,77
2020-11-14,UNKNOWN,6993,30
2020-11-14,PROVIDENCE,27808,988
2020-11-14,NEWPORT,906,8
2020-11-14,KENT,3368,128
2020-11-14,BRISTOL,852,23
2020-11-13,WASHINGTON,1602,77
2020-11-13,UNKNOWN,6993,30
2020-11-13,PROVIDENCE,27808,988
2020-11-13,NEWPORT,906,8
2020-11-13,KENT,3368,128
2020-11-13,BRISTOL,852,23
2020-11-12,WASHINGTON,1602,77
2020-11-12,UNKNOWN,6228,26
2020-11-12,PROVIDENCE,27808,988
2020-11-12,NEWPORT,906,8
2020-11-12,KENT,3368,128
2020-11-12,BRISTOL,852,23
2020-11-11,WASHINGTON,1602,77
2020-11-11,UNKNOWN,5240,19
2020-11-11,PROVIDENCE,27808,988
2020-11-11,NEWPORT,906,8
2020-11-11,KENT,3368,128
2020-11-11,BRISTOL,852,23
2020-11-10,WASHINGTON,1438,77
2020-11-10,UNKNOWN,7685,38
2020-11-10,PROVIDENCE,25309,970
2020-11-10,NEWPORT,797,8
2020-11-10,KENT,2908,124
2020-11-10,BRISTOL,661,20
2020-11-09,WASHINGTON,1438,77
2020-11-09,UNKNOWN,6896,34
2020-11-09,PROVIDENCE,25309,970
2020-11-09,NEWPORT,797,8
2020-11-09,KENT,2908,124
2020-11-09,BRISTOL,661,20
2020-11-08,WASHINGTON,1438,77
2020-11-08,UNKNOWN,5267,25
2020-11-08,PROVIDENCE,25309,970
2020-11-08,NEWPORT,797,8
2020-11-08,KENT,2908,124
2020-11-08,BRISTOL,661,20
2020-11-07,WASHINGTON,1438,77
2020-11-07,UNKNOWN,5267,25
2020-11-07,PROVIDENCE,25309,970
2020-11-07,NEWPORT,797,8
2020-11-07,KENT,2908,124
2020-11-07,BRISTOL,661,20
2020-11-06,WASHINGTON,1438,77
2020-11-06,UNKNOWN,5267,25
2020-11-06,PROVIDENCE,25309,970
2020-11-06,NEWPORT,797,8
2020-11-06,KENT,2908,124
2020-11-06,BRISTOL,661,20
2020-11-05,WASHINGTON,1438,77
2020-11-05,UNKNOWN,4637,23
2020-11-05,PROVIDENCE,25309,970
2020-11-05,NEWPORT,797,8
2020-11-05,KENT,2908,124
2020-11-05,BRISTOL,661,20
2020-11-04,WASHINGTON,1438,77
2020-11-04,UNKNOWN,4009,15
2020-11-04,PROVIDENCE,25309,970
2020-11-04,NEWPORT,797,8
2020-11-04,KENT,2908,124
2020-11-04,BRISTOL,661,20
2020-11-03,WASHINGTON,1335,76
2020-11-03,UNKNOWN,6086,37
2020-11-03,PROVIDENCE,23320,951
2020-11-03,NEWPORT,678,8
2020-11-03,KENT,2566,121
2020-11-03,BRISTOL,558,19
2020-11-02,WASHINGTON,1335,76
2020-11-02,UNKNOWN,5663,35
2020-11-02,PROVIDENCE,23320,951
2020-11-02,NEWPORT,678,8
2020-11-02,KENT,2566,121
2020-11-02,BRISTOL,558,19
2020-11-01,WASHINGTON,1335,76
2020-11-01,UNKNOWN,4417,26
2020-11-01,PROVIDENCE,23320,951
2020-11-01,NEWPORT,678,8
2020-11-01,KENT,2566,121
2020-11-01,BRISTOL,558,19
2020-10-31,WASHINGTON,1335,76
2020-10-31,UNKNOWN,4417,26
2020-10-31,PROVIDENCE,23320,951
2020-10-31,NEWPORT,678,8
2020-10-31,KENT,2566,121
2020-10-31,BRISTOL,558,19
2020-10-30,WASHINGTON,1335,76
2020-10-30,UNKNOWN,4417,26
2020-10-30,PROVIDENCE,23320,951
2020-10-30,NEWPORT,678,8
2020-10-30,KENT,2566,121
2020-10-30,BRISTOL,558,19
2020-10-29,WASHINGTON,1335,76
2020-10-29,UNKNOWN,3855,20
2020-10-29,PROVIDENCE,23320,951
2020-10-29,NEWPORT,678,8
2020-10-29,KENT,2566,121
2020-10-29,BRISTOL,558,19
2020-10-28,WASHINGTON,1335,76
2020-10-28,UNKNOWN,3487,17
2020-10-28,PROVIDENCE,23320,951
2020-10-28,NEWPORT,678,8
2020-10-28,KENT,2566,121
2020-10-28,BRISTOL,558,19
2020-10-27,WASHINGTON,1235,75
2020-10-27,UNKNOWN,5251,40
2020-10-27,PROVIDENCE,21543,930
2020-10-27,NEWPORT,631,8
2020-10-27,KENT,2287,117
2020-10-27,BRISTOL,498,18
2020-10-26,WASHINGTON,1235,75
2020-10-26,UNKNOWN,4830,36
2020-10-26,PROVIDENCE,21543,930
2020-10-26,NEWPORT,631,8
2020-10-26,KENT,2287,117
2020-10-26,BRISTOL,498,18
2020-10-25,WASHINGTON,1235,75
2020-10-25,UNKNOWN,3924,29
2020-10-25,PROVIDENCE,21543,930
2020-10-25,NEWPORT,631,8
2020-10-25,KENT,2287,117
2020-10-25,BRISTOL,498,18
2020-10-24,WASHINGTON,1235,75
2020-10-24,UNKNOWN,3924,29
2020-10-24,PROVIDENCE,21543,930
2020-10-24,NEWPORT,631,8
2020-10-24,KENT,2287,117
2020-10-24,BRISTOL,498,18
2020-10-23,WASHINGTON,1235,75
2020-10-23,UNKNOWN,3924,29
2020-10-23,PROVIDENCE,21543,930
2020-10-23,NEWPORT,631,8
2020-10-23,KENT,2287,117
2020-10-23,BRISTOL,498,18
2020-10-22,WASHINGTON,1235,75
2020-10-22,UNKNOWN,3400,25
2020-10-22,PROVIDENCE,21543,930
2020-10-22,NEWPORT,631,8
2020-10-22,KENT,2287,117
2020-10-22,BRISTOL,498,18
2020-10-21,WASHINGTON,1235,75
2020-10-21,UNKNOWN,2929,21
2020-10-21,PROVIDENCE,21543,930
2020-10-21,NEWPORT,631,8
2020-10-21,KENT,2287,117
2020-10-21,BRISTOL,498,18
2020-10-20,WASHINGTON,1119,75
2020-10-20,UNKNOWN,3903,39
2020-10-20,PROVIDENCE,20439,909
2020-10-20,NEWPORT,582,8
2020-10-20,KENT,2145,116
2020-10-20,BRISTOL,461,17
2020-10-19,WASHINGTON,1119,75
2020-10-19,UNKNOWN,3601,34
2020-10-19,PROVIDENCE,20439,909
2020-10-19,NEWPORT,582,8
2020-10-19,KENT,2145,116
2020-10-19,BRISTOL,461,17
2020-10-18,WASHINGTON,1119,75
2020-10-18,UNKNOWN,2945,27
2020-10-18,PROVIDENCE,20439,909
2020-10-18,NEWPORT,582,8
2020-10-18,KENT,2145,116
2020-10-18,BRISTOL,461,17
2020-10-17,WASHINGTON,1119,75
2020-10-17,UNKNOWN,2945,27
2020-10-17,PROVIDENCE,20439,909
2020-10-17,NEWPORT,582,8
2020-10-17,KENT,2145,116
2020-10-17,BRISTOL,461,17
2020-10-16,WASHINGTON,1119,75
2020-10-16,UNKNOWN,2945,27
2020-10-16,PROVIDENCE,20439,909
2020-10-16,NEWPORT,582,8
2020-10-16,KENT,2145,116
2020-10-16,BRISTOL,461,17
2020-10-15,WASHINGTON,1119,75
2020-10-15,UNKNOWN,2692,24
2020-10-15,PROVIDENCE,20439,909
2020-10-15,NEWPORT,582,8
2020-10-15,KENT,2145,116
2020-10-15,BRISTOL,461,17
2020-10-14,WASHINGTON,1119,75
2020-10-14,UNKNOWN,2418,22
2020-10-14,PROVIDENCE,20439,909
2020-10-14,NEWPORT,582,8
2020-10-14,KENT,2145,116
2020-10-14,BRISTOL,461,17
2020-10-13,WASHINGTON,955,74
2020-10-13,UNKNOWN,3376,26
2020-10-13,PROVIDENCE,19636,902
2020-10-13,NEWPORT,545,8
2020-10-13,KENT,2018,113
2020-10-13,BRISTOL,430,16
2020-10-12,WASHINGTON,955,74
2020-10-12,UNKNOWN,2710,17
2020-10-12,PROVIDENCE,19636,902
2020-10-12,NEWPORT,545,8
2020-10-12,KENT,2018,113
2020-10-12,BRISTOL,430,16
2020-10-11,WASHINGTON,955,74
2020-10-11,UNKNOWN,2710,17
2020-10-11,PROVIDENCE,19636,902
2020-10-11,NEWPORT,545,8
2020-10-11,KENT,2018,113
2020-10-11,BRISTOL,430,16
2020-10-10,WASHINGTON,955,74
2020-10-10,UNKNOWN,2710,17
2020-10-10,PROVIDENCE,19636,902
2020-10-10,NEWPORT,545,8
2020-10-10,KENT,2018,113
2020-10-10,BRISTOL,430,16
2020-10-09,WASHINGTON,955,74
2020-10-09,UNKNOWN,2710,17
2020-10-09,PROVIDENCE,19636,902
2020-10-09,NEWPORT,545,8
2020-10-09,KENT,2018,113
2020-10-09,BRISTOL,430,16
2020-10-08,WASHINGTON,955,74
2020-10-08,UNKNOWN,2461,14
2020-10-08,PROVIDENCE,19636,902
2020-10-08,NEWPORT,545,8
2020-10-08,KENT,2018,113
2020-10-08,BRISTOL,430,16
2020-10-07,WASHINGTON,955,74
2020-10-07,UNKNOWN,2192,13
2020-10-07,PROVIDENCE,19636,902
2020-10-07,NEWPORT,545,8
2020-10-07,KENT,2018,113
2020-10-07,BRISTOL,430,16
2020-10-06,WASHINGTON,877,72
2020-10-06,UNKNOWN,2903,24
2020-10-06,PROVIDENCE,18927,894
2020-10-06,NEWPORT,530,8
2020-10-06,KENT,1945,111
2020-10-06,BRISTOL,414,16
2020-10-05,WASHINGTON,877,72
2020-10-05,UNKNOWN,2726,20
2020-10-05,PROVIDENCE,18927,894
2020-10-05,NEWPORT,530,8
2020-10-05,KENT,1945,111
2020-10-05,BRISTOL,414,16
2020-10-04,WASHINGTON,877,72
2020-10-04,UNKNOWN,2383,17
2020-10-04,PROVIDENCE,18927,894
2020-10-04,NEWPORT,530,8
2020-10-04,KENT,1945,111
2020-10-04,BRISTOL,414,16
2020-10-03,WASHINGTON,877,72
2020-10-03,UNKNOWN,2383,17
2020-10-03,PROVIDENCE,18927,894
2020-10-03,NEWPORT,530,8
2020-10-03,KENT,1945,111
2020-10-03,BRISTOL,414,16
2020-10-02,WASHINGTON,877,72
2020-10-02,UNKNOWN,2383,17
2020-10-02,PROVIDENCE,18927,894
2020-10-02,NEWPORT,530,8
2020-10-02,KENT,1945,111
2020-10-02,BRISTOL,414,16
2020-10-01,WASHINGTON,877,72
2020-10-01,UNKNOWN,2221,16
2020-10-01,PROVIDENCE,18927,894
2020-10-01,NEWPORT,530,8
2020-10-01,KENT,1945,111
2020-10-01,BRISTOL,414,16
2020-09-30,WASHINGTON,877,72
2020-09-30,UNKNOWN,2055,13
2020-09-30,PROVIDENCE,18927,894
2020-09-30,NEWPORT,530,8
2020-09-30,KENT,1945,111
2020-09-30,BRISTOL,414,16
2020-09-29,WASHINGTON,803,71
2020-09-29,UNKNOWN,2527,26
2020-09-29,PROVIDENCE,18437,882
2020-09-29,NEWPORT,518,8
2020-09-29,KENT,1867,110
2020-09-29,BRISTOL,404,16
2020-09-28,WASHINGTON,803,71
2020-09-28,UNKNOWN,2395,23
2020-09-28,PROVIDENCE,18437,882
2020-09-28,NEWPORT,518,8
2020-09-28,KENT,1867,110
2020-09-28,BRISTOL,404,16
2020-09-27,WASHINGTON,803,71
2020-09-27,UNKNOWN,2152,20
2020-09-27,PROVIDENCE,18437,882
2020-09-27,NEWPORT,518,8
2020-09-27,KENT,1867,110
2020-09-27,BRISTOL,404,16
2020-09-26,WASHINGTON,803,71
2020-09-26,UNKNOWN,2152,20
2020-09-26,PROVIDENCE,18437,882
2020-09-26,NEWPORT,518,8
2020-09-26,KENT,1867,110
2020-09-26,BRISTOL,404,16
2020-09-25,WASHINGTON,803,71
2020-09-25,UNKNOWN,2152,20
2020-09-25,PROVIDENCE,18437,882
2020-09-25,NEWPORT,518,8
2020-09-25,KENT,1867,110
2020-09-25,BRISTOL,404,16
2020-09-24,WASHINGTON,803,71
2020-09-24,UNKNOWN,2282,19
2020-09-24,PROVIDENCE,18437,882
2020-09-24,NEWPORT,518,8
2020-09-24,KENT,1867,110
2020-09-24,BRISTOL,404,16
2020-09-23,WASHINGTON,803,71
2020-09-23,UNKNOWN,2148,15
2020-09-23,PROVIDENCE,18437,882
2020-09-23,NEWPORT,518,8
2020-09-23,KENT,1867,110
2020-09-23,BRISTOL,404,16
2020-09-22,WASHINGTON,753,71
2020-09-22,UNKNOWN,2670,33
2020-09-22,PROVIDENCE,17941,866
2020-09-22,NEWPORT,502,6
2020-09-22,KENT,1796,107
2020-09-22,BRISTOL,382,16
2020-09-21,WASHINGTON,753,71
2020-09-21,UNKNOWN,2558,31
2020-09-21,PROVIDENCE,17941,866
2020-09-21,NEWPORT,502,6
2020-09-21,KENT,1796,107
2020-09-21,BRISTOL,382,16
2020-09-20,WASHINGTON,753,71
2020-09-20,UNKNOWN,2246,22
2020-09-20,PROVIDENCE,17941,866
2020-09-20,NEWPORT,502,6
2020-09-20,KENT,1796,107
2020-09-20,BRISTOL,382,16
2020-09-19,WASHINGTON,753,71
2020-09-19,UNKNOWN,2246,22
2020-09-19,PROVIDENCE,17941,866
2020-09-19,NEWPORT,502,6
2020-09-19,KENT,1796,107
2020-09-19,BRISTOL,382,16
2020-09-18,WASHINGTON,753,71
2020-09-18,UNKNOWN,2246,22
2020-09-18,PROVIDENCE,17941,866
2020-09-18,NEWPORT,502,6
2020-09-18,KENT,1796,107
2020-09-18,BRISTOL,382,16
2020-09-17,WASHINGTON,753,71
2020-09-17,UNKNOWN,2114,19
2020-09-17,PROVIDENCE,17941,866
2020-09-17,NEWPORT,502,6
2020-09-17,KENT,1796,107
2020-09-17,BRISTOL,382,16
2020-09-16,WASHINGTON,753,71
2020-09-16,UNKNOWN,1984,15
2020-09-16,PROVIDENCE,17941,866
2020-09-16,NEWPORT,502,6
2020-09-16,KENT,1796,107
2020-09-16,BRISTOL,382,16
2020-09-15,WASHINGTON,733,69
2020-09-15,UNKNOWN,2426,29
2020-09-15,PROVIDENCE,17500,854
2020-09-15,NEWPORT,476,6
2020-09-15,KENT,1746,104
2020-09-15,BRISTOL,369,16
2020-09-14,WASHINGTON,733,69
2020-09-14,UNKNOWN,2306,26
2020-09-14,PROVIDENCE,17500,854
2020-09-14,NEWPORT,476,6
2020-09-14,KENT,1746,104
2020-09-14,BRISTOL,369,16
2020-09-13,WASHINGTON,733,69
2020-09-13,UNKNOWN,2081,22
2020-09-13,PROVIDENCE,17500,854
2020-09-13,NEWPORT,476,6
2020-09-13,KENT,1746,104
2020-09-13,BRISTOL,369,16
2020-09-12,WASHINGTON,733,69
2020-09-12,UNKNOWN,2081,22
2020-09-12,PROVIDENCE,17500,854
2020-09-12,NEWPORT,476,6
2020-09-12,KENT,1746,104
2020-09-12,BRISTOL,369,16
2020-09-11,WASHINGTON,733,69
2020-09-11,UNKNOWN,2081,22
2020-09-11,PROVIDENCE,17500,854
2020-09-11,NEWPORT,476,6
2020-09-11,KENT,1746,104
2020-09-11,BRISTOL,369,16
2020-09-10,WASHINGTON,733,69
2020-09-10,UNKNOWN,1958,18
2020-09-10,PROVIDENCE,17500,854
2020-09-10,NEWPORT,476,6
2020-09-10,KENT,1746,104
2020-09-10,BRISTOL,369,16
2020-09-09,WASHINGTON,733,69
2020-09-09,UNKNOWN,1852,13
2020-09-09,PROVIDENCE,17500,854
2020-09-09,NEWPORT,476,6
2020-09-09,KENT,1746,104
2020-09-09,BRISTOL,369,16
2020-09-08,WASHINGTON,722,67
2020-09-08,UNKNOWN,2242,21
2020-09-08,PROVIDENCE,17107,846
2020-09-08,NEWPORT,457,6
2020-09-08,KENT,1706,103
2020-09-08,BRISTOL,358,16
2020-09-07,WASHINGTON,722,67
2020-09-07,UNKNOWN,1893,17
2020-09-07,PROVIDENCE,17107,846
2020-09-07,NEWPORT,457,6
2020-09-07,KENT,1706,103
2020-09-07,BRISTOL,358,16
2020-09-06,WASHINGTON,722,67
2020-09-06,UNKNOWN,1893,17
2020-09-06,PROVIDENCE,17107,846
2020-09-06,NEWPORT,457,6
2020-09-06,KENT,1706,103
2020-09-06,BRISTOL,358,16
2020-09-05,WASHINGTON,722,67
2020-09-05,UNKNOWN,1893,17
2020-09-05,PROVIDENCE,17107,846
2020-09-05,NEWPORT,457,6
2020-09-05,KENT,1706,103
2020-09-05,BRISTOL,358,16
2020-09-04,WASHINGTON,722,67
2020-09-04,UNKNOWN,1893,17
2020-09-04,PROVIDENCE,17107,846
2020-09-04,NEWPORT,457,6
2020-09-04,KENT,1706,103
2020-09-04,BRISTOL,358,16
2020-09-03,WASHINGTON,722,67
2020-09-03,UNKNOWN,1793,17
2020-09-03,PROVIDENCE,17107,846
2020-09-03,NEWPORT,457,6
2020-09-03,KENT,1706,103
2020-09-03,BRISTOL,358,16
2020-09-02,WASHINGTON,722,67
2020-09-02,UNKNOWN,1728,13
2020-09-02,PROVIDENCE,17107,846
2020-09-02,NEWPORT,457,6
2020-09-02,KENT,1706,103
2020-09-02,BRISTOL,358,16
2020-09-01,WASHINGTON,694,66
2020-09-01,UNKNOWN,2193,23
2020-09-01,PROVIDENCE,16668,836
2020-09-01,NEWPORT,434,6
2020-09-01,KENT,1664,103
2020-09-01,BRISTOL,349,16
2020-08-31,WASHINGTON,694,66
2020-08-31,UNKNOWN,2140,21
2020-08-31,PROVIDENCE,16668,836
2020-08-31,NEWPORT,434,6
2020-08-31,KENT,1664,103
2020-08-31,BRISTOL,349,16
2020-08-30,WASHINGTON,694,66
2020-08-30,UNKNOWN,1874,19
2020-08-30,PROVIDENCE,16668,836
2020-08-30,NEWPORT,434,6
2020-08-30,KENT,1664,103
2020-08-30,BRISTOL,349,16
2020-08-29,WASHINGTON,694,66
2020-08-29,UNKNOWN,1874,19
2020-08-29,PROVIDENCE,16668,836
2020-08-29,NEWPORT,434,6
2020-08-29,KENT,1664,103
2020-08-29,BRISTOL,349,16
2020-08-28,WASHINGTON,694,66
2020-08-28,UNKNOWN,1874,19
2020-08-28,PROVIDENCE,16668,836
2020-08-28,NEWPORT,434,6
2020-08-28,KENT,1664,103
2020-08-28,BRISTOL,349,16
2020-08-27,WASHINGTON,694,66
2020-08-27,UNKNOWN,1780,17
2020-08-27,PROVIDENCE,16668,836
2020-08-27,NEWPORT,434,6
2020-08-27,KENT,1664,103
2020-08-27,BRISTOL,349,16
2020-08-26,WASHINGTON,694,66
2020-08-26,UNKNOWN,1645,14
2020-08-26,PROVIDENCE,16668,836
2020-08-26,NEWPORT,434,6
2020-08-26,KENT,1664,103
2020-08-26,BRISTOL,349,16
2020-08-25,WASHINGTON,659,65
2020-08-25,UNKNOWN,2239,24
2020-08-25,PROVIDENCE,16142,826
2020-08-25,NEWPORT,411,6
2020-08-25,KENT,1592,103
2020-08-25,BRISTOL,329,15
2020-08-24,WASHINGTON,659,65
2020-08-24,UNKNOWN,2169,20
2020-08-24,PROVIDENCE,16142,826
2020-08-24,NEWPORT,411,6
2020-08-24,KENT,1592,103
2020-08-24,BRISTOL,329,15
2020-08-23,WASHINGTON,659,65
2020-08-23,UNKNOWN,1889,15
2020-08-23,PROVIDENCE,16142,826
2020-08-23,NEWPORT,411,6
2020-08-23,KENT,1592,103
2020-08-23,BRISTOL,329,15
2020-08-22,WASHINGTON,659,65
2020-08-22,UNKNOWN,1889,15
2020-08-22,PROVIDENCE,16142,826
2020-08-22,NEWPORT,411,6
2020-08-22,KENT,1592,103
2020-08-22,BRISTOL,329,15
2020-08-21,WASHINGTON,659,65
2020-08-21,UNKNOWN,1889,15
2020-08-21,PROVIDENCE,16142,826
2020-08-21,NEWPORT,411,6
2020-08-21,KENT,1592,103
2020-08-21,BRISTOL,329,15
2020-08-20,WASHINGTON,659,65
2020-08-20,UNKNOWN,1738,13
2020-08-20,PROVIDENCE,16142,826
2020-08-20,NEWPORT,411,6
2020-08-20,KENT,1592,103
2020-08-20,BRISTOL,329,15
2020-08-19,WASHINGTON,659,65
2020-08-19,UNKNOWN,1662,12
2020-08-19,PROVIDENCE,16142,826
2020-08-19,NEWPORT,411,6
2020-08-19,KENT,1592,103
2020-08-19,BRISTOL,329,15
2020-08-18,WASHINGTON,621,65
2020-08-18,UNKNOWN,2156,16
2020-08-18,PROVIDENCE,15644,819
2020-08-18,NEWPORT,405,6
2020-08-18,KENT,1544,103
2020-08-18,BRISTOL,322,15
2020-08-17,WASHINGTON,621,65
2020-08-17,UNKNOWN,2036,15
2020-08-17,PROVIDENCE,15644,819
2020-08-17,NEWPORT,405,6
2020-08-17,KENT,1544,103
2020-08-17,BRISTOL,322,15
2020-08-16,WASHINGTON,621,65
2020-08-16,UNKNOWN,1799,13
2020-08-16,PROVIDENCE,15644,819
2020-08-16,NEWPORT,405,6
2020-08-16,KENT,1544,103
2020-08-16,BRISTOL,322,15
2020-08-15,WASHINGTON,621,65
2020-08-15,UNKNOWN,1799,13
2020-08-15,PROVIDENCE,15644,819
2020-08-15,NEWPORT,405,6
2020-08-15,KENT,1544,103
2020-08-15,BRISTOL,322,15
2020-08-14,WASHINGTON,621,65
2020-08-14,UNKNOWN,1799,13
2020-08-14,PROVIDENCE,15644,819
2020-08-14,NEWPORT,405,6
2020-08-14,KENT,1544,103
2020-08-14,BRISTOL,322,15
2020-08-13,WASHINGTON,621,65
2020-08-13,UNKNOWN,1704,11
2020-08-13,PROVIDENCE,15644,819
2020-08-13,NEWPORT,405,6
2020-08-13,KENT,1544,103
2020-08-13,BRISTOL,322,15
2020-08-12,WASHINGTON,621,65
2020-08-12,UNKNOWN,1593,10
2020-08-12,PROVIDENCE,15644,819
2020-08-12,NEWPORT,405,6
2020-08-12,KENT,1544,103
2020-08-12,BRISTOL,322,15
2020-08-11,WASHINGTON,607,65
2020-08-11,UNKNOWN,2193,15
2020-08-11,PROVIDENCE,15047,813
2020-08-11,NEWPORT,396,6
2020-08-11,KENT,1494,102
2020-08-11,BRISTOL,316,15
2020-08-10,WASHINGTON,607,65
2020-08-10,UNKNOWN,2074,14
2020-08-10,PROVIDENCE,15047,813
2020-08-10,NEWPORT,396,6
2020-08-10,KENT,1494,102
2020-08-10,BRISTOL,316,15
2020-08-09,WASHINGTON,607,65
2020-08-09,UNKNOWN,1878,13
2020-08-09,PROVIDENCE,15047,813
2020-08-09,NEWPORT,396,6
2020-08-09,KENT,1494,102
2020-08-09,BRISTOL,316,15
2020-08-08,WASHINGTON,607,65
2020-08-08,UNKNOWN,1878,13
2020-08-08,PROVIDENCE,15047,813
2020-08-08,NEWPORT,396,6
2020-08-08,KENT,1494,102
2020-08-08,BRISTOL,316,15
2020-08-07,WASHINGTON,607,65
2020-08-07,UNKNOWN,1878,13
2020-08-07,PROVIDENCE,15047,813
2020-08-07,NEWPORT,396,6
2020-08-07,KENT,1494,102
2020-08-07,BRISTOL,316,15
2020-08-06,WASHINGTON,607,65
2020-08-06,UNKNOWN,1751,13
2020-08-06,PROVIDENCE,15047,813
2020-08-06,NEWPORT,396,6
2020-08-06,KENT,1494,102
2020-08-06,BRISTOL,316,15
2020-08-05,WASHINGTON,607,65
2020-08-05,UNKNOWN,1621,11
2020-08-05,PROVIDENCE,15047,813
2020-08-05,NEWPORT,396,6
2020-08-05,KENT,1494,102
2020-08-05,BRISTOL,316,15
2020-08-04,WASHINGTON,590,64
2020-08-04,UNKNOWN,2146,16
2020-08-04,PROVIDENCE,14549,808
2020-08-04,NEWPORT,380,6
2020-08-04,KENT,1421,102
2020-08-04,BRISTOL,304,15
2020-08-03,WASHINGTON,590,64
2020-08-03,UNKNOWN,2002,15
2020-08-03,PROVIDENCE,14549,808
2020-08-03,NEWPORT,380,6
2020-08-03,KENT,1421,102
2020-08-03,BRISTOL,304,15
2020-08-02,WASHINGTON,590,64
2020-08-02,UNKNOWN,1778,12
2020-08-02,PROVIDENCE,14549,808
2020-08-02,NEWPORT,380,6
2020-08-02,KENT,1421,102
2020-08-02,BRISTOL,304,15
2020-08-01,WASHINGTON,590,64
2020-08-01,UNKNOWN,1778,12
2020-08-01,PROVIDENCE,14549,808
2020-08-01,NEWPORT,380,6
2020-08-01,KENT,1421,102
2020-08-01,BRISTOL,304,15
2020-07-31,WASHINGTON,590,64
2020-07-31,UNKNOWN,1778,12
2020-07-31,PROVIDENCE,14549,808
2020-07-31,NEWPORT,380,6
2020-07-31,KENT,1421,102
2020-07-31,BRISTOL,304,15
2020-07-30,WASHINGTON,590,64
2020-07-30,UNKNOWN,1706,12
2020-07-30,PROVIDENCE,14549,808
2020-07-30,NEWPORT,380,6
2020-07-30,KENT,1421,102
2020-07-30,BRISTOL,304,15
2020-07-29,WASHINGTON,590,64
2020-07-29,UNKNOWN,1556,12
2020-07-29,PROVIDENCE,14549,808
2020-07-29,NEWPORT,380,6
2020-07-29,KENT,1421,102
2020-07-29,BRISTOL,304,15
2020-07-28,WASHINGTON,574,64
2020-07-28,UNKNOWN,2112,18
2020-07-28,PROVIDENCE,14033,801
2020-07-28,NEWPORT,365,6
2020-07-28,KENT,1351,101
2020-07-28,BRISTOL,290,15
2020-07-27,WASHINGTON,574,64
2020-07-27,UNKNOWN,1902,17
2020-07-27,PROVIDENCE,14033,801
2020-07-27,NEWPORT,365,6
2020-07-27,KENT,1351,101
2020-07-27,BRISTOL,290,15
2020-07-26,WASHINGTON,574,64
2020-07-26,UNKNOWN,1611,15
2020-07-26,PROVIDENCE,14033,801
2020-07-26,NEWPORT,365,6
2020-07-26,KENT,1351,101
2020-07-26,BRISTOL,290,15
2020-07-25,WASHINGTON,574,64
2020-07-25,UNKNOWN,1611,15
2020-07-25,PROVIDENCE,14033,801
2020-07-25,NEWPORT,365,6
2020-07-25,KENT,1351,101
2020-07-25,BRISTOL,290,15
2020-07-24,WASHINGTON,574,64
2020-07-24,UNKNOWN,1611,15
2020-07-24,PROVIDENCE,14033,801
2020-07-24,NEWPORT,365,6
2020-07-24,KENT,1351,101
2020-07-24,BRISTOL,290,15
2020-07-23,WASHINGTON,574,64
2020-07-23,UNKNOWN,1535,14
2020-07-23,PROVIDENCE,14033,801
2020-07-23,NEWPORT,365,6
2020-07-23,KENT,1351,101
2020-07-23,BRISTOL,290,15
2020-07-22,WASHINGTON,574,64
2020-07-22,UNKNOWN,1449,10
2020-07-22,PROVIDENCE,14033,801
2020-07-22,NEWPORT,365,6
2020-07-22,KENT,1351,101
2020-07-22,BRISTOL,290,15
2020-07-21,WASHINGTON,564,63
2020-07-21,UNKNOWN,1784,15
2020-07-21,PROVIDENCE,13674,796
2020-07-21,NEWPORT,365,6
2020-07-21,KENT,1316,101
2020-07-21,BRISTOL,283,15
2020-07-20,WASHINGTON,564,63
2020-07-20,UNKNOWN,1702,14
2020-07-20,PROVIDENCE,13674,796
2020-07-20,NEWPORT,365,6
2020-07-20,KENT,1316,101
2020-07-20,BRISTOL,283,15
2020-07-19,WASHINGTON,564,63
2020-07-19,UNKNOWN,1591,9
2020-07-19,PROVIDENCE,13674,796
2020-07-19,NEWPORT,365,6
2020-07-19,KENT,1316,101
2020-07-19,BRISTOL,283,15
2020-07-18,WASHINGTON,564,63
2020-07-18,UNKNOWN,1591,9
2020-07-18,PROVIDENCE,13674,796
2020-07-18,NEWPORT,365,6
2020-07-18,KENT,1316,101
2020-07-18,BRISTOL,283,15
2020-07-17,WASHINGTON,564,63
2020-07-17,UNKNOWN,1591,9
2020-07-17,PROVIDENCE,13674,796
2020-07-17,NEWPORT,365,6
2020-07-17,KENT,1316,101
2020-07-17,BRISTOL,283,15
2020-07-16,WASHINGTON,564,63
2020-07-16,UNKNOWN,1509,7
2020-07-16,PROVIDENCE,13674,796
2020-07-16,NEWPORT,365,6
2020-07-16,KENT,1316,101
2020-07-16,BRISTOL,283,15
2020-07-15,WASHINGTON,564,63
2020-07-15,UNKNOWN,1438,6
2020-07-15,PROVIDENCE,13674,796
2020-07-15,NEWPORT,365,6
2020-07-15,KENT,1316,101
2020-07-15,BRISTOL,283,15
2020-07-14,WASHINGTON,538,63
2020-07-14,UNKNOWN,2085,30
2020-07-14,PROVIDENCE,13144,774
2020-07-14,NEWPORT,331,6
2020-07-14,KENT,1234,97
2020-07-14,BRISTOL,256,15
2020-07-13,WASHINGTON,538,63
2020-07-13,UNKNOWN,1984,29
2020-07-13,PROVIDENCE,13144,774
2020-07-13,NEWPORT,331,6
2020-07-13,KENT,1234,97
2020-07-13,BRISTOL,256,15
2020-07-12,WASHINGTON,538,63
2020-07-12,UNKNOWN,1809,21
2020-07-12,PROVIDENCE,13144,774
2020-07-12,NEWPORT,331,6
2020-07-12,KENT,1234,97
2020-07-12,BRISTOL,256,15
2020-07-11,WASHINGTON,538,63
2020-07-11,UNKNOWN,1809,21
2020-07-11,PROVIDENCE,13144,774
2020-07-11,NEWPORT,331,6
2020-07-11,KENT,1234,97
2020-07-11,BRISTOL,256,15
2020-07-10,WASHINGTON,538,63
2020-07-10,UNKNOWN,1809,21
2020-07-10,PROVIDENCE,13144,774
2020-07-10,NEWPORT,331,6
2020-07-10,KENT,1234,97
2020-07-10,BRISTOL,256,15
2020-07-09,WASHINGTON,538,63
2020-07-09,UNKNOWN,1740,19
2020-07-09,PROVIDENCE,13144,774
2020-07-09,NEWPORT,331,6
2020-07-09,KENT,1234,97
2020-07-09,BRISTOL,256,15
2020-07-08,WASHINGTON,538,63
2020-07-08,UNKNOWN,1701,16
2020-07-08,PROVIDENCE,13144,774
2020-07-08,NEWPORT,331,6
2020-07-08,KENT,1234,97
2020-07-08,BRISTOL,256,15
2020-07-07,WASHINGTON,538,63
2020-07-07,UNKNOWN,1651,45
2020-07-07,PROVIDENCE,13144,747
2020-07-07,NEWPORT,331,6
2020-07-07,KENT,1234,93
2020-07-07,BRISTOL,256,15
2020-07-06,WASHINGTON,538,63
2020-07-06,UNKNOWN,1488,36
2020-07-06,PROVIDENCE,13144,747
2020-07-06,NEWPORT,331,6
2020-07-06,KENT,1234,93
2020-07-06,BRISTOL,256,15
2020-07-05,WASHINGTON,538,63
2020-07-05,UNKNOWN,1488,36
2020-07-05,PROVIDENCE,13144,747
2020-07-05,NEWPORT,331,6
2020-07-05,KENT,1234,93
2020-07-05,BRISTOL,256,15
2020-07-04,WASHINGTON,538,63
2020-07-04,UNKNOWN,1488,36
2020-07-04,PROVIDENCE,13144,747
2020-07-04,NEWPORT,331,6
2020-07-04,KENT,1234,93
2020-07-04,BRISTOL,256,15
2020-07-03,WASHINGTON,538,63
2020-07-03,UNKNOWN,1488,36
2020-07-03,PROVIDENCE,13144,747
2020-07-03,NEWPORT,331,6
2020-07-03,KENT,1234,93
2020-07-03,BRISTOL,256,15
2020-07-02,WASHINGTON,532,63
2020-07-02,UNKNOWN,1712,35
2020-07-02,PROVIDENCE,12937,747
2020-07-02,NEWPORT,308,6
2020-07-02,KENT,1199,93
2020-07-02,BRISTOL,253,15
2020-07-01,WASHINGTON,532,63
2020-07-01,UNKNOWN,1624,32
2020-07-01,PROVIDENCE,12937,747
2020-07-01,NEWPORT,308,6
2020-07-01,KENT,1199,93
2020-07-01,BRISTOL,253,15
2020-06-30,WASHINGTON,532,63
2020-06-30,UNKNOWN,1584,26
2020-06-30,PROVIDENCE,12937,747
2020-06-30,NEWPORT,308,6
2020-06-30,KENT,1199,93
2020-06-30,BRISTOL,253,15
2020-06-29,WASHINGTON,532,63
2020-06-29,UNKNOWN,1535,22
2020-06-29,PROVIDENCE,12937,747
2020-06-29,NEWPORT,308,6
2020-06-29,KENT,1199,93
2020-06-29,BRISTOL,253,15
2020-06-28,WASHINGTON,523,63
2020-06-28,UNKNOWN,1716,3
2020-06-28,PROVIDENCE,12712,747
2020-06-28,NEWPORT,294,6
2020-06-28,KENT,1169,93
2020-06-28,BRISTOL,247,15
2020-06-27,WASHINGTON,523,63
2020-06-27,UNKNOWN,1716,3
2020-06-27,PROVIDENCE,12712,747
2020-06-27,NEWPORT,294,6
2020-06-27,KENT,1169,93
2020-06-27,BRISTOL,247,15
2020-06-26,WASHINGTON,523,63
2020-06-26,UNKNOWN,1716,3
2020-06-26,PROVIDENCE,12712,747
2020-06-26,NEWPORT,294,6
2020-06-26,KENT,1169,93
2020-06-26,BRISTOL,247,15
2020-06-25,WASHINGTON,523,61
2020-06-25,UNKNOWN,1695,123
2020-06-25,PROVIDENCE,12712,637
2020-06-25,NEWPORT,294,4
2020-06-25,KENT,1169,82
2020-06-25,BRISTOL,247,13
2020-06-24,WASHINGTON,523,61
2020-06-24,UNKNOWN,1661,115
2020-06-24,PROVIDENCE,12712,637
2020-06-24,NEWPORT,294,4
2020-06-24,KENT,1169,82
2020-06-24,BRISTOL,247,13
2020-06-23,WASHINGTON,523,61
2020-06-23,UNKNOWN,1588,109
2020-06-23,PROVIDENCE,12712,637
2020-06-23,NEWPORT,294,4
2020-06-23,KENT,1169,82
2020-06-23,BRISTOL,247,13
2020-06-22,WASHINGTON,523,61
2020-06-22,UNKNOWN,1514,106
2020-06-22,PROVIDENCE,12712,637
2020-06-22,NEWPORT,294,4
2020-06-22,KENT,1169,82
2020-06-22,BRISTOL,247,13
2020-06-21,WASHINGTON,516,61
2020-06-21,UNKNOWN,1813,97
2020-06-21,PROVIDENCE,12363,637
2020-06-21,NEWPORT,277,4
2020-06-21,KENT,1128,82
2020-06-21,BRISTOL,240,13
2020-06-20,WASHINGTON,516,61
2020-06-20,UNKNOWN,1813,97
2020-06-20,PROVIDENCE,12363,637
2020-06-20,NEWPORT,277,4
2020-06-20,KENT,1128,82
2020-06-20,BRISTOL,240,13
2020-06-19,WASHINGTON,516,61
2020-06-19,UNKNOWN,1813,97
2020-06-19,PROVIDENCE,12363,637
2020-06-19,NEWPORT,277,4
2020-06-19,KENT,1128,82
2020-06-19,BRISTOL,240,13
2020-06-18,WASHINGTON,516,61
2020-06-18,UNKNOWN,1745,88
2020-06-18,PROVIDENCE,12363,637
2020-06-18,NEWPORT,277,4
2020-06-18,KENT,1128,82
2020-06-18,BRISTOL,240,13
2020-06-17,WASHINGTON,516,61
2020-06-17,UNKNOWN,1689,79
2020-06-17,PROVIDENCE,12363,637
2020-06-17,NEWPORT,277,4
2020-06-17,KENT,1128,82
2020-06-17,BRISTOL,240,13
2020-06-16,WASHINGTON,516,61
2020-06-16,UNKNOWN,1640,68
2020-06-16,PROVIDENCE,12363,637
2020-06-16,NEWPORT,277,4
2020-06-16,KENT,1128,82
2020-06-16,BRISTOL,240,13
2020-06-15,WASHINGTON,516,61
2020-06-15,UNKNOWN,1569,54
2020-06-15,PROVIDENCE,12363,637
2020-06-15,NEWPORT,277,4
2020-06-15,KENT,1128,82
2020-06-15,BRISTOL,240,13
2020-06-14,WASHINGTON,513,61
2020-06-14,UNKNOWN,1870,36
2020-06-14,PROVIDENCE,11959,637
2020-06-14,NEWPORT,269,4
2020-06-14,KENT,1105,82
2020-06-14,BRISTOL,231,13
2020-06-13,WASHINGTON,513,61
2020-06-13,UNKNOWN,1870,36
2020-06-13,PROVIDENCE,11959,637
2020-06-13,NEWPORT,269,4
2020-06-13,KENT,1105,82
2020-06-13,BRISTOL,231,13
2020-06-12,WASHINGTON,513,61
2020-06-12,UNKNOWN,1870,36
2020-06-12,PROVIDENCE,11959,637
2020-06-12,NEWPORT,269,4
2020-06-12,KENT,1105,82
2020-06-12,BRISTOL,231,13
2020-06-11,WASHINGTON,513,61
2020-06-11,UNKNOWN,1785,26
2020-06-11,PROVIDENCE,11959,637
2020-06-11,NEWPORT,269,4
2020-06-11,KENT,1105,82
2020-06-11,BRISTOL,231,13
2020-06-10,WASHINGTON,513,61
2020-06-10,UNKNOWN,1679,15
2020-06-10,PROVIDENCE,11959,637
2020-06-10,NEWPORT,269,4
2020-06-10,KENT,1105,82
2020-06-10,BRISTOL,231,13
2020-06-09,WASHINGTON,513,61
2020-06-09,UNKNOWN,1614,11
2020-06-09,PROVIDENCE,11959,637
2020-06-09,NEWPORT,269,4
2020-06-09,KENT,1105,82
2020-06-09,BRISTOL,231,13
2020-06-08,WASHINGTON,513,61
2020-06-08,UNKNOWN,1565,2
2020-06-08,PROVIDENCE,11959,637
2020-06-08,NEWPORT,269,4
2020-06-08,KENT,1105,82
2020-06-08,BRISTOL,231,13
2020-06-07,WASHINGTON,499,51
2020-06-07,UNKNOWN,2370,120
2020-06-07,PROVIDENCE,11052,518
2020-06-07,NEWPORT,244,4
2020-06-07,KENT,1052,68
2020-06-07,BRISTOL,224,11
2020-06-06,WASHINGTON,499,51
2020-06-06,UNKNOWN,2370,120
2020-06-06,PROVIDENCE,11052,518
2020-06-06,NEWPORT,244,4
2020-06-06,KENT,1052,68
2020-06-06,BRISTOL,224,11
2020-06-05,WASHINGTON,499,51
2020-06-05,UNKNOWN,2370,120
2020-06-05,PROVIDENCE,11052,518
2020-06-05,NEWPORT,244,4
2020-06-05,KENT,1052,68
2020-06-05,BRISTOL,224,11
2020-06-04,WASHINGTON,499,51
2020-06-04,UNKNOWN,2254,104
2020-06-04,PROVIDENCE,11052,518
2020-06-04,NEWPORT,244,4
2020-06-04,KENT,1052,68
2020-06-04,BRISTOL,224,11
2020-06-03,WASHINGTON,499,51
2020-06-03,UNKNOWN,2148,90
2020-06-03,PROVIDENCE,11052,518
2020-06-03,NEWPORT,244,4
2020-06-03,KENT,1052,68
2020-06-03,BRISTOL,224,11
2020-06-02,WASHINGTON,499,51
2020-06-02,UNKNOWN,2041,80
2020-06-02,PROVIDENCE,11052,518
2020-06-02,NEWPORT,244,4
2020-06-02,KENT,1052,68
2020-06-02,BRISTOL,224,11
2020-06-01,WASHINGTON,499,51
2020-06-01,UNKNOWN,1920,68
2020-06-01,PROVIDENCE,11052,518
2020-06-01,NEWPORT,244,4
2020-06-01,KENT,1052,68
2020-06-01,BRISTOL,224,11
2020-05-31,WASHINGTON,499,51
2020-05-31,UNKNOWN,1857,66
2020-05-31,PROVIDENCE,11052,518
2020-05-31,NEWPORT,244,4
2020-05-31,KENT,1052,68
2020-05-31,BRISTOL,224,11
2020-05-30,WASHINGTON,499,51
2020-05-30,UNKNOWN,1748,59
2020-05-30,PROVIDENCE,11052,518
2020-05-30,NEWPORT,244,4
2020-05-30,KENT,1052,68
2020-05-30,BRISTOL,224,11
2020-05-29,WASHINGTON,499,51
2020-05-29,UNKNOWN,1564,41
2020-05-29,PROVIDENCE,11052,518
2020-05-29,NEWPORT,244,4
2020-05-29,KENT,1052,68
2020-05-29,BRISTOL,224,11
2020-05-28,WASHINGTON,496,51
2020-05-28,UNKNOWN,1533,25
2020-05-28,PROVIDENCE,10968,518
2020-05-28,NEWPORT,237,4
2020-05-28,KENT,1038,68
2020-05-28,BRISTOL,222,11
2020-05-27,WASHINGTON,493,51
2020-05-27,UNKNOWN,1496,3
2020-05-27,PROVIDENCE,10874,518
2020-05-27,NEWPORT,235,4
2020-05-27,KENT,1032,68
2020-05-27,BRISTOL,223,11
2020-05-26,WASHINGTON,486,32
2020-05-26,UNKNOWN,1663,209
2020-05-26,PROVIDENCE,10607,342
2020-05-26,NEWPORT,228,4
2020-05-26,KENT,1013,46
2020-05-26,BRISTOL,213,1
2020-05-25,WASHINGTON,486,32
2020-05-25,UNKNOWN,1518,183
2020-05-25,PROVIDENCE,10607,342
2020-05-25,NEWPORT,228,4
2020-05-25,KENT,1013,46
2020-05-25,BRISTOL,213,1
2020-05-24,WASHINGTON,486,32
2020-05-24,UNKNOWN,1518,183
2020-05-24,PROVIDENCE,10607,342
2020-05-24,NEWPORT,228,4
2020-05-24,KENT,1013,46
2020-05-24,BRISTOL,213,1
2020-05-23,WASHINGTON,485,32
2020-05-23,UNKNOWN,1504,172
2020-05-23,PROVIDENCE,10519,342
2020-05-23,NEWPORT,226,4
2020-05-23,KENT,1005,46
2020-05-23,BRISTOL,213,1
2020-05-22,WASHINGTON,482,32
2020-05-22,UNKNOWN,1528,154
2020-05-22,PROVIDENCE,10320,342
2020-05-22,NEWPORT,212,4
2020-05-22,KENT,985,46
2020-05-22,BRISTOL,209,1
2020-05-21,WASHINGTON,471,32
2020-05-21,UNKNOWN,1553,131
2020-05-21,PROVIDENCE,10160,342
2020-05-21,NEWPORT,209,4
2020-05-21,KENT,974,46
2020-05-21,BRISTOL,204,1
2020-05-20,WASHINGTON,462,32
2020-05-20,UNKNOWN,1556,113
2020-05-20,PROVIDENCE,9976,342
2020-05-20,NEWPORT,206,4
2020-05-20,KENT,958,46
2020-05-20,BRISTOL,198,1
2020-05-19,WASHINGTON,425,32
2020-05-19,UNKNOWN,2162,107
2020-05-19,PROVIDENCE,9112,342
2020-05-19,NEWPORT,197,4
2020-05-19,KENT,883,46
2020-05-19,BRISTOL,172,1
2020-05-18,WASHINGTON,425,32
2020-05-18,UNKNOWN,2006,81
2020-05-18,PROVIDENCE,9112,342
2020-05-18,NEWPORT,197,4
2020-05-18,KENT,883,46
2020-05-18,BRISTOL,172,1
2020-05-17,WASHINGTON,425,32
2020-05-17,UNKNOWN,1885,74
2020-05-17,PROVIDENCE,9112,342
2020-05-17,NEWPORT,197,4
2020-05-17,KENT,883,46
2020-05-17,BRISTOL,172,1
2020-05-16,WASHINGTON,425,32
2020-05-16,UNKNOWN,1645,64
2020-05-16,PROVIDENCE,9112,342
2020-05-16,NEWPORT,197,4
2020-05-16,KENT,883,46
2020-05-16,BRISTOL,172,1
2020-05-15,WASHINGTON,425,32
2020-05-15,UNKNOWN,1430,54
2020-05-15,PROVIDENCE,9112,342
2020-05-15,NEWPORT,197,4
2020-05-15,KENT,883,46
2020-05-15,BRISTOL,172,1
2020-05-14,WASHINGTON,425,32
2020-05-14,UNKNOWN,1227,43
2020-05-14,PROVIDENCE,9112,342
2020-05-14,NEWPORT,197,4
2020-05-14,KENT,883,46
2020-05-14,BRISTOL,172,1
2020-05-13,WASHINGTON,425,32
2020-05-13,UNKNOWN,1046,37
2020-05-13,PROVIDENCE,9112,342
2020-05-13,NEWPORT,197,4
2020-05-13,KENT,883,46
2020-05-13,BRISTOL,172,1
2020-05-12,WASHINGTON,411,32
2020-05-12,UNKNOWN,1198,19
2020-05-12,PROVIDENCE,8798,342
2020-05-12,NEWPORT,185,4
2020-05-12,KENT,850,46
2020-05-12,BRISTOL,172,1
2020-05-11,WASHINGTON,406,32
2020-05-11,UNKNOWN,1158,5
2020-05-11,PROVIDENCE,8674,342
2020-05-11,NEWPORT,182,4
2020-05-11,KENT,859,46
2020-05-11,BRISTOL,171,1
2020-05-10,WASHINGTON,363,25
2020-05-10,UNKNOWN,2755,103
2020-05-10,PROVIDENCE,7138,265
2020-05-10,NEWPORT,161,4
2020-05-10,KENT,703,25
2020-05-10,BRISTOL,154,0
2020-05-09,WASHINGTON,363,25
2020-05-09,UNKNOWN,2470,99
2020-05-09,PROVIDENCE,7138,265
2020-05-09,NEWPORT,161,4
2020-05-09,KENT,703,25
2020-05-09,BRISTOL,154,0
2020-05-08,WASHINGTON,363,25
2020-05-08,UNKNOWN,2260,80
2020-05-08,PROVIDENCE,7138,265
2020-05-08,NEWPORT,161,4
2020-05-08,KENT,703,25
2020-05-08,BRISTOL,154,0
2020-05-07,WASHINGTON,363,25
2020-05-07,UNKNOWN,2011,69
2020-05-07,PROVIDENCE,7138,265
2020-05-07,NEWPORT,161,4
2020-05-07,KENT,703,25
2020-05-07,BRISTOL,154,0
2020-05-06,WASHINGTON,363,25
2020-05-06,UNKNOWN,1686,51
2020-05-06,PROVIDENCE,7138,265
2020-05-06,NEWPORT,161,4
2020-05-06,KENT,703,25
2020-05-06,BRISTOL,154,0
2020-05-05,WASHINGTON,363,25
2020-05-05,UNKNOWN,1414,36
2020-05-05,PROVIDENCE,7138,265
2020-05-05,NEWPORT,161,4
2020-05-05,KENT,703,25
2020-05-05,BRISTOL,154,0
2020-05-04,WASHINGTON,363,25
2020-05-04,UNKNOWN,1133,22
2020-05-04,PROVIDENCE,7138,265
2020-05-04,NEWPORT,161,4
2020-05-04,KENT,703,25
2020-05-04,BRISTOL,154,0
2020-05-03,WASHINGTON,356,25
2020-05-03,UNKNOWN,1086,1
2020-05-03,PROVIDENCE,7028,265
2020-05-03,NEWPORT,158,4
2020-05-03,KENT,697,25
2020-05-03,BRISTOL,152,0
2020-05-02,WASHINGTON,350,11
2020-05-02,UNKNOWN,1142,149
2020-05-02,PROVIDENCE,6822,132
2020-05-02,NEWPORT,156,0
2020-05-02,KENT,675,4
2020-05-02,BRISTOL,144,0
2020-05-01,WASHINGTON,344,11
2020-05-01,UNKNOWN,1104,132
2020-05-01,PROVIDENCE,6579,132
2020-05-01,NEWPORT,155,0
2020-05-01,KENT,638,4
2020-05-01,BRISTOL,142,0
2020-04-30,WASHINGTON,330,11
2020-04-30,UNKNOWN,1087,119
2020-04-30,PROVIDENCE,6290,132
2020-04-30,NEWPORT,149,0
2020-04-30,KENT,622,4
2020-04-30,BRISTOL,143,0
2020-04-29,WASHINGTON,324,11
2020-04-29,UNKNOWN,1065,104
2020-04-29,PROVIDENCE,5967,132
2020-04-29,NEWPORT,148,0
2020-04-29,KENT,598,4
2020-04-29,BRISTOL,145,0
2020-04-28,WASHINGTON,313,6
2020-04-28,UNKNOWN,1267,124
2020-04-28,PROVIDENCE,5520,107
2020-04-28,NEWPORT,138,0
2020-04-28,KENT,574,2
2020-04-28,BRISTOL,114,0
2020-04-27,WASHINGTON,292,6
2020-04-27,UNKNOWN,1378,118
2020-04-27,PROVIDENCE,5266,107
2020-04-27,NEWPORT,135,0
2020-04-27,KENT,526,2
2020-04-27,BRISTOL,111,0
2020-04-26,WASHINGTON,292,6
2020-04-26,UNKNOWN,1109,111
2020-04-26,PROVIDENCE,5266,107
2020-04-26,NEWPORT,135,0
2020-04-26,KENT,526,2
2020-04-26,BRISTOL,111,0
2020-04-25,WASHINGTON,282,6
2020-04-25,UNKNOWN,1198,96
2020-04-25,PROVIDENCE,4916,111
2020-04-25,NEWPORT,130,0
2020-04-25,KENT,496,2
2020-04-25,BRISTOL,107,0
2020-04-24,WASHINGTON,272,0
2020-04-24,UNKNOWN,1132,182
2020-04-24,PROVIDENCE,4603,20
2020-04-24,NEWPORT,124,0
2020-04-24,KENT,466,0
2020-04-24,BRISTOL,102,0
2020-04-23,WASHINGTON,209,0
2020-04-23,UNKNOWN,1756,169
2020-04-23,PROVIDENCE,3727,20
2020-04-23,NEWPORT,110,0
2020-04-23,KENT,386,0
2020-04-23,BRISTOL,68,0
2020-04-22,WASHINGTON,209,0
2020-04-22,UNKNOWN,1341,161
2020-04-22,PROVIDENCE,3727,20
2020-04-22,NEWPORT,110,0
2020-04-22,KENT,386,0
2020-04-22,BRISTOL,68,0
2020-04-21,WASHINGTON,209,0
2020-04-21,UNKNOWN,1000,151
2020-04-21,PROVIDENCE,3727,20
2020-04-21,NEWPORT,110,0
2020-04-21,KENT,386,0
2020-04-21,BRISTOL,68,0
2020-04-20,WASHINGTON,198,0
2020-04-20,UNKNOWN,861,135
2020-04-20,PROVIDENCE,3491,20
2020-04-20,NEWPORT,107,0
2020-04-20,KENT,366,0
2020-04-20,BRISTOL,67,0
2020-04-19,WASHINGTON,188,0
2020-04-19,UNKNOWN,715,130
2020-04-19,PROVIDENCE,3292,20
2020-04-19,NEWPORT,105,0
2020-04-19,KENT,341,0
2020-04-19,BRISTOL,65,0
2020-04-18,WASHINGTON,184,0
2020-04-18,UNKNOWN,815,117
2020-04-18,PROVIDENCE,3014,20
2020-04-18,NEWPORT,103,0
2020-04-18,KENT,316,0
2020-04-18,BRISTOL,59,0
2020-04-17,WASHINGTON,183,0
2020-04-17,UNKNOWN,832,98
2020-04-17,PROVIDENCE,2703,20
2020-04-17,NEWPORT,103,0
2020-04-17,KENT,299,0
2020-04-17,BRISTOL,57,0
2020-04-16,WASHINGTON,171,0
2020-04-16,UNKNOWN,840,85
2020-04-16,PROVIDENCE,2401,20
2020-04-16,NEWPORT,98,0
2020-04-16,KENT,272,0
2020-04-16,BRISTOL,56,0
2020-04-15,WASHINGTON,152,0
2020-04-15,UNKNOWN,1034,67
2020-04-15,PROVIDENCE,1957,20
2020-04-15,NEWPORT,93,0
2020-04-15,KENT,244,0
2020-04-15,BRISTOL,49,0
2020-04-14,WASHINGTON,152,0
2020-04-14,UNKNOWN,756,60
2020-04-14,PROVIDENCE,1957,20
2020-04-14,NEWPORT,93,0
2020-04-14,KENT,244,0
2020-04-14,BRISTOL,49,0
2020-04-13,WASHINGTON,116,0
2020-04-13,UNKNOWN,1300,53
2020-04-13,PROVIDENCE,1278,20
2020-04-13,NEWPORT,74,0
2020-04-13,KENT,169,0
2020-04-13,BRISTOL,39,0
2020-04-12,WASHINGTON,116,0
2020-04-12,UNKNOWN,989,43
2020-04-12,PROVIDENCE,1278,20
2020-04-12,NEWPORT,74,0
2020-04-12,KENT,169,0
2020-04-12,BRISTOL,39,0
2020-04-11,WASHINGTON,116,0
2020-04-11,UNKNOWN,673,36
2020-04-11,PROVIDENCE,1278,20
2020-04-11,NEWPORT,74,0
2020-04-11,KENT,169,0
2020-04-11,BRISTOL,39,0
2020-04-10,WASHINGTON,100,0
2020-04-10,UNKNOWN,712,29
2020-04-10,PROVIDENCE,957,20
2020-04-10,NEWPORT,57,0
2020-04-10,KENT,152,0
2020-04-10,BRISTOL,37,0
2020-04-09,WASHINGTON,100,0
2020-04-09,UNKNOWN,424,23
2020-04-09,PROVIDENCE,957,20
2020-04-09,NEWPORT,57,0
2020-04-09,KENT,152,0
2020-04-09,BRISTOL,37,0
2020-04-08,WASHINGTON,97,0
2020-04-08,UNKNOWN,297,15
2020-04-08,PROVIDENCE,832,20
2020-04-08,NEWPORT,56,0
2020-04-08,KENT,137,0
2020-04-08,BRISTOL,31,0
2020-04-07,WASHINGTON,80,0
2020-04-07,UNKNOWN,223,13
2020-04-07,PROVIDENCE,715,17
2020-04-07,NEWPORT,56,0
2020-04-07,KENT,125,0
2020-04-07,BRISTOL,30,0
2020-04-06,WASHINGTON,53,0
2020-04-06,UNKNOWN,332,20
2020-04-06,PROVIDENCE,538,7
2020-04-06,NEWPORT,42,0
2020-04-06,KENT,92,0
2020-04-06,BRISTOL,25,0
2020-04-05,WASHINGTON,53,0
2020-04-05,UNKNOWN,172,18
2020-04-05,PROVIDENCE,538,7
2020-04-05,NEWPORT,42,0
2020-04-05,KENT,92,0
2020-04-05,BRISTOL,25,0
2020-04-04,WASHINGTON,48,0
2020-04-04,UNKNOWN,122,10
2020-04-04,PROVIDENCE,491,7
2020-04-04,NEWPORT,39,0
2020-04-04,KENT,82,0
2020-04-04,BRISTOL,24,0
2020-04-03,WASHINGTON,34,0
2020-04-03,UNKNOWN,146,7
2020-04-03,PROVIDENCE,418,7
2020-04-03,NEWPORT,33,0
2020-04-03,KENT,59,0
2020-04-03,BRISTOL,21,0
2020-04-02,WASHINGTON,34,0
2020-04-02,UNKNOWN,92,9
2020-04-02,PROVIDENCE,418,3
2020-04-02,NEWPORT,33,0
2020-04-02,KENT,59,0
2020-04-02,BRISTOL,21,0
2020-04-01,WASHINGTON,32,0
2020-04-01,UNKNOWN,37,7
2020-04-01,PROVIDENCE,391,3
2020-04-01,NEWPORT,31,0
2020-04-01,KENT,55,0
2020-04-01,BRISTOL,20,0
2020-03-31,WASHINGTON,29,0
2020-03-31,UNKNOWN,72,8
2020-03-31,PROVIDENCE,305,0
2020-03-31,NEWPORT,23,0
2020-03-31,KENT,40,0
2020-03-31,BRISTOL,19,0
2020-03-30,WASHINGTON,28,0
2020-03-30,UNKNOWN,99,4
2020-03-30,PROVIDENCE,214,0
2020-03-30,NEWPORT,21,0
2020-03-30,KENT,32,0
2020-03-30,BRISTOL,14,0
2020-03-29,WASHINGTON,21,0
2020-03-29,UNKNOWN,69,3
2020-03-29,PROVIDENCE,148,0
2020-03-29,NEWPORT,17,0
2020-03-29,KENT,28,0
2020-03-29,BRISTOL,11,0
2020-03-28,WASHINGTON,9,0
2020-03-28,UNKNOWN,168,2
2020-03-28,PROVIDENCE,42,0
2020-03-28,NEWPORT,8,0
2020-03-28,KENT,7,0
2020-03-28,BRISTOL,5,0
2020-03-27,WASHINGTON,9,0
2020-03-27,UNKNOWN,132,0
2020-03-27,PROVIDENCE,42,0
2020-03-27,NEWPORT,8,0
2020-03-27,KENT,7,0
2020-03-27,BRISTOL,5,0
2020-03-26,WASHINGTON,9,0
2020-03-26,UNKNOWN,94,0
2020-03-26,PROVIDENCE,42,0
2020-03-26,NEWPORT,8,0
2020-03-26,KENT,7,0
2020-03-26,BRISTOL,5,0
2020-03-25,WASHINGTON,9,0
2020-03-25,UNKNOWN,66,0
2020-03-25,PROVIDENCE,37,0
2020-03-25,NEWPORT,8,0
2020-03-25,KENT,7,0
2020-03-25,BRISTOL,5,0
2020-03-24,UNKNOWN,124,0
2020-03-23,UNKNOWN,106,0
2020-03-22,UNKNOWN,83,0
2020-03-21,UNKNOWN,66,0
2020-03-20,UNKNOWN,44,0
2020-03-19,UNKNOWN,44,0
2020-03-18,UNKNOWN,33,0
2020-03-17,UNKNOWN,23,0
2020-03-16,UNKNOWN,21,0
2020-03-15,UNKNOWN,20,0
2020-03-14,UNKNOWN,20,0
2020-03-13,UNKNOWN,20,0
2020-03-12,UNKNOWN,5,0
2020-03-11,UNKNOWN,5,0
2020-03-10,UNKNOWN,5,0
2020-03-09,UNKNOWN,3,0
2020-03-08,UNKNOWN,3,0
2020-03-07,UNKNOWN,3,0
2020-03-06,UNKNOWN,3,0
2020-03-05,UNKNOWN,2,0
2020-03-04,UNKNOWN,2,0
2020-03-03,UNKNOWN,2,0
2020-03-02,UNKNOWN,2,0
2020-03-01,UNKNOWN,2,0
