2021-10-10,ST.-THOMAS,3607,44
2021-10-10,ST.-JOHN,331,3
2021-10-10,ST.-CROIX,2987,26
2021-10-09,ST.-THOMAS,3607,44
2021-10-09,ST.-JOHN,331,3
2021-10-09,ST.-CROIX,2987,26
2021-10-08,ST.-THOMAS,3607,44
2021-10-08,ST.-JOHN,331,3
2021-10-08,ST.-CROIX,2987,26
2021-10-07,ST.-THOMAS,3607,44
2021-10-07,ST.-JOHN,331,3
2021-10-07,ST.-CROIX,2978,25
2021-10-06,ST.-THOMAS,3604,44
2021-10-06,ST.-JOHN,331,3
2021-10-06,ST.-CROIX,2938,25
2021-10-05,ST.-THOMAS,3601,44
2021-10-05,ST.-JOHN,331,3
2021-10-05,ST.-CROIX,2909,25
2021-10-04,ST.-THOMAS,3601,44
2021-10-04,ST.-JOHN,331,3
2021-10-04,ST.-CROIX,2909,25
2021-10-03,ST.-THOMAS,3592,44
2021-10-03,ST.-JOHN,331,3
2021-10-03,ST.-CROIX,2863,24
2021-10-02,ST.-THOMAS,3592,44
2021-10-02,ST.-JOHN,331,3
2021-10-02,ST.-CROIX,2863,24
2021-10-01,ST.-THOMAS,3592,44
2021-10-01,ST.-JOHN,331,3
2021-10-01,ST.-CROIX,2863,24
2021-09-30,ST.-THOMAS,3579,44
2021-09-30,ST.-JOHN,329,3
2021-09-30,ST.-CROIX,2813,24
2021-09-29,ST.-THOMAS,3579,44
2021-09-29,ST.-JOHN,329,3
2021-09-29,ST.-CROIX,2813,24
2021-09-28,ST.-THOMAS,3572,43
2021-09-28,ST.-JOHN,329,3
2021-09-28,ST.-CROIX,2778,24
2021-09-27,ST.-THOMAS,3572,43
2021-09-27,ST.-JOHN,329,3
2021-09-27,ST.-CROIX,2778,24
2021-09-26,ST.-THOMAS,3544,43
2021-09-26,ST.-JOHN,323,3
2021-09-26,ST.-CROIX,2690,23
2021-09-25,ST.-THOMAS,3544,43
2021-09-25,ST.-JOHN,323,3
2021-09-25,ST.-CROIX,2690,23
2021-09-24,ST.-THOMAS,3544,43
2021-09-24,ST.-JOHN,323,3
2021-09-24,ST.-CROIX,2690,23
2021-09-23,ST.-THOMAS,3544,43
2021-09-23,ST.-JOHN,323,3
2021-09-23,ST.-CROIX,2690,23
2021-09-22,ST.-THOMAS,3544,43
2021-09-22,ST.-JOHN,323,3
2021-09-22,ST.-CROIX,2690,23
2021-09-21,ST.-THOMAS,3534,42
2021-09-21,ST.-JOHN,323,3
2021-09-21,ST.-CROIX,2632,22
2021-09-20,ST.-THOMAS,3530,42
2021-09-20,ST.-JOHN,322,3
2021-09-20,ST.-CROIX,2606,22
2021-09-19,UNKNOWN,58,0
2021-09-19,ST.-THOMAS,3512,42
2021-09-19,ST.-JOHN,322,3
2021-09-19,ST.-CROIX,2547,22
2021-09-18,UNKNOWN,58,0
2021-09-18,ST.-THOMAS,3512,42
2021-09-18,ST.-JOHN,322,3
2021-09-18,ST.-CROIX,2547,22
2021-09-17,UNKNOWN,58,0
2021-09-17,ST.-THOMAS,3512,42
2021-09-17,ST.-JOHN,322,3
2021-09-17,ST.-CROIX,2547,22
2021-09-16,ST.-THOMAS,3505,42
2021-09-16,ST.-JOHN,322,3
2021-09-16,ST.-CROIX,2547,22
2021-09-15,ST.-THOMAS,3494,41
2021-09-15,ST.-JOHN,320,3
2021-09-15,ST.-CROIX,2484,22
2021-09-14,ST.-THOMAS,3494,41
2021-09-14,ST.-JOHN,320,3
2021-09-14,ST.-CROIX,2484,22
2021-09-13,ST.-THOMAS,3490,41
2021-09-13,ST.-JOHN,320,3
2021-09-13,ST.-CROIX,2479,22
2021-09-12,ST.-THOMAS,3451,40
2021-09-12,ST.-JOHN,319,3
2021-09-12,ST.-CROIX,2412,20
2021-09-11,ST.-THOMAS,3451,40
2021-09-11,ST.-JOHN,319,3
2021-09-11,ST.-CROIX,2412,20
2021-09-10,ST.-THOMAS,3451,40
2021-09-10,ST.-JOHN,319,3
2021-09-10,ST.-CROIX,2412,20
2021-09-09,ST.-THOMAS,3424,40
2021-09-09,ST.-JOHN,316,3
2021-09-09,ST.-CROIX,2362,20
2021-09-08,ST.-THOMAS,3424,40
2021-09-08,ST.-JOHN,316,3
2021-09-08,ST.-CROIX,2362,20
2021-09-07,ST.-THOMAS,3410,40
2021-09-07,ST.-JOHN,316,3
2021-09-07,ST.-CROIX,2345,19
2021-09-06,ST.-THOMAS,3372,37
2021-09-06,ST.-JOHN,314,2
2021-09-06,ST.-CROIX,2275,18
2021-09-05,ST.-THOMAS,3372,37
2021-09-05,ST.-JOHN,314,2
2021-09-05,ST.-CROIX,2275,18
2021-09-04,ST.-THOMAS,3372,37
2021-09-04,ST.-JOHN,314,2
2021-09-04,ST.-CROIX,2275,18
2021-09-03,ST.-THOMAS,3372,37
2021-09-03,ST.-JOHN,314,2
2021-09-03,ST.-CROIX,2275,18
2021-09-02,ST.-THOMAS,3372,37
2021-09-02,ST.-JOHN,314,2
2021-09-02,ST.-CROIX,2275,18
2021-09-01,ST.-THOMAS,3365,36
2021-09-01,ST.-JOHN,314,2
2021-09-01,ST.-CROIX,2255,18
2021-08-31,ST.-THOMAS,3345,35
2021-08-31,ST.-JOHN,313,2
2021-08-31,ST.-CROIX,2206,17
2021-08-30,ST.-THOMAS,3283,34
2021-08-30,ST.-JOHN,313,2
2021-08-30,ST.-CROIX,2164,17
2021-08-29,ST.-THOMAS,3283,34
2021-08-29,ST.-JOHN,313,2
2021-08-29,ST.-CROIX,2164,17
2021-08-28,ST.-THOMAS,3283,34
2021-08-28,ST.-JOHN,313,2
2021-08-28,ST.-CROIX,2164,17
2021-08-27,ST.-THOMAS,3283,34
2021-08-27,ST.-JOHN,313,2
2021-08-27,ST.-CROIX,2164,17
2021-08-26,ST.-THOMAS,3249,32
2021-08-26,ST.-JOHN,310,2
2021-08-26,ST.-CROIX,2125,17
2021-08-25,ST.-THOMAS,3249,32
2021-08-25,ST.-JOHN,310,2
2021-08-25,ST.-CROIX,2125,17
2021-08-24,UNKNOWN,0,5
2021-08-24,ST.-THOMAS,3249,32
2021-08-24,ST.-JOHN,310,2
2021-08-24,ST.-CROIX,2125,17
2021-08-23,UNKNOWN,0,1
2021-08-23,ST.-THOMAS,3199,25
2021-08-23,ST.-JOHN,306,2
2021-08-23,ST.-CROIX,2100,17
2021-08-22,UNKNOWN,0,1
2021-08-22,ST.-THOMAS,3195,25
2021-08-22,ST.-JOHN,306,2
2021-08-22,ST.-CROIX,2093,17
2021-08-21,UNKNOWN,0,3
2021-08-21,ST.-THOMAS,3105,24
2021-08-21,ST.-JOHN,290,1
2021-08-21,ST.-CROIX,2037,16
2021-08-20,UNKNOWN,0,3
2021-08-20,ST.-THOMAS,3105,24
2021-08-20,ST.-JOHN,290,1
2021-08-20,ST.-CROIX,2037,16
2021-08-19,UNKNOWN,0,3
2021-08-19,ST.-THOMAS,3105,24
2021-08-19,ST.-JOHN,290,1
2021-08-19,ST.-CROIX,2037,16
2021-08-18,ST.-THOMAS,3095,24
2021-08-18,ST.-JOHN,290,1
2021-08-18,ST.-CROIX,2028,16
2021-08-17,ST.-THOMAS,3015,24
2021-08-17,ST.-JOHN,288,1
2021-08-17,ST.-CROIX,1992,16
2021-08-16,ST.-THOMAS,3015,24
2021-08-16,ST.-JOHN,288,1
2021-08-16,ST.-CROIX,1992,16
2021-08-15,ST.-THOMAS,2985,24
2021-08-15,ST.-JOHN,288,1
2021-08-15,ST.-CROIX,1969,16
2021-08-14,ST.-THOMAS,2985,24
2021-08-14,ST.-JOHN,288,1
2021-08-14,ST.-CROIX,1969,16
2021-08-13,ST.-THOMAS,2985,24
2021-08-13,ST.-JOHN,288,1
2021-08-13,ST.-CROIX,1969,16
2021-08-12,ST.-THOMAS,2933,24
2021-08-12,ST.-JOHN,287,1
2021-08-12,ST.-CROIX,1949,16
2021-08-11,UNKNOWN,0,1
2021-08-11,ST.-THOMAS,2870,23
2021-08-11,ST.-JOHN,281,1
2021-08-11,ST.-CROIX,1915,16
2021-08-10,UNKNOWN,0,1
2021-08-10,ST.-THOMAS,2870,23
2021-08-10,ST.-JOHN,281,1
2021-08-10,ST.-CROIX,1915,16
2021-08-09,ST.-THOMAS,2797,23
2021-08-09,ST.-JOHN,279,1
2021-08-09,ST.-CROIX,1884,16
2021-08-08,ST.-THOMAS,2781,23
2021-08-08,ST.-JOHN,277,1
2021-08-08,ST.-CROIX,1849,16
2021-08-07,ST.-THOMAS,2781,23
2021-08-07,ST.-JOHN,277,1
2021-08-07,ST.-CROIX,1849,16
2021-08-06,ST.-THOMAS,2781,23
2021-08-06,ST.-JOHN,277,1
2021-08-06,ST.-CROIX,1849,16
2021-08-05,ST.-THOMAS,2745,23
2021-08-05,ST.-JOHN,275,1
2021-08-05,ST.-CROIX,1834,16
2021-08-04,UNKNOWN,0,2
2021-08-04,ST.-THOMAS,2633,22
2021-08-04,ST.-JOHN,265,1
2021-08-04,ST.-CROIX,1793,14
2021-08-03,UNKNOWN,0,2
2021-08-03,ST.-THOMAS,2615,22
2021-08-03,ST.-JOHN,265,1
2021-08-03,ST.-CROIX,1783,14
2021-08-02,ST.-THOMAS,2597,22
2021-08-02,ST.-JOHN,264,1
2021-08-02,ST.-CROIX,1768,14
2021-08-01,ST.-THOMAS,2530,22
2021-08-01,ST.-JOHN,263,1
2021-08-01,ST.-CROIX,1721,13
2021-07-31,ST.-THOMAS,2530,22
2021-07-31,ST.-JOHN,263,1
2021-07-31,ST.-CROIX,1721,13
2021-07-30,ST.-THOMAS,2530,22
2021-07-30,ST.-JOHN,263,1
2021-07-30,ST.-CROIX,1721,13
2021-07-29,ST.-THOMAS,2521,22
2021-07-29,ST.-JOHN,261,1
2021-07-29,ST.-CROIX,1715,13
2021-07-28,ST.-THOMAS,2446,22
2021-07-28,ST.-JOHN,261,1
2021-07-28,ST.-CROIX,1668,12
2021-07-27,ST.-THOMAS,2446,22
2021-07-27,ST.-JOHN,261,1
2021-07-27,ST.-CROIX,1668,12
2021-07-26,ST.-THOMAS,2446,22
2021-07-26,ST.-JOHN,261,1
2021-07-26,ST.-CROIX,1668,12
2021-07-25,ST.-THOMAS,2395,22
2021-07-25,ST.-JOHN,262,1
2021-07-25,ST.-CROIX,1644,12
2021-07-24,ST.-THOMAS,2395,22
2021-07-24,ST.-JOHN,262,1
2021-07-24,ST.-CROIX,1644,12
2021-07-23,ST.-THOMAS,2395,22
2021-07-23,ST.-JOHN,262,1
2021-07-23,ST.-CROIX,1644,12
2021-07-22,ST.-THOMAS,2395,22
2021-07-22,ST.-JOHN,262,1
2021-07-22,ST.-CROIX,1644,12
2021-07-21,ST.-THOMAS,2332,20
2021-07-21,ST.-JOHN,258,1
2021-07-21,ST.-CROIX,1625,11
2021-07-20,ST.-THOMAS,2332,20
2021-07-20,ST.-JOHN,258,1
2021-07-20,ST.-CROIX,1625,11
2021-07-19,ST.-THOMAS,2309,20
2021-07-19,ST.-JOHN,258,1
2021-07-19,ST.-CROIX,1619,11
2021-07-18,ST.-THOMAS,2270,20
2021-07-18,ST.-JOHN,256,1
2021-07-18,ST.-CROIX,1593,11
2021-07-17,ST.-THOMAS,2270,20
2021-07-17,ST.-JOHN,256,1
2021-07-17,ST.-CROIX,1593,11
2021-07-16,ST.-THOMAS,2270,20
2021-07-16,ST.-JOHN,256,1
2021-07-16,ST.-CROIX,1593,11
2021-07-15,ST.-THOMAS,2270,20
2021-07-15,ST.-JOHN,256,1
2021-07-15,ST.-CROIX,1593,11
2021-07-14,ST.-THOMAS,2267,20
2021-07-14,ST.-JOHN,252,1
2021-07-14,ST.-CROIX,1585,11
2021-07-13,ST.-THOMAS,2235,20
2021-07-13,ST.-JOHN,252,1
2021-07-13,ST.-CROIX,1556,11
2021-07-12,ST.-THOMAS,2228,20
2021-07-12,ST.-JOHN,252,1
2021-07-12,ST.-CROIX,1553,11
2021-07-11,ST.-THOMAS,2217,20
2021-07-11,ST.-JOHN,252,1
2021-07-11,ST.-CROIX,1536,11
2021-07-10,ST.-THOMAS,2217,20
2021-07-10,ST.-JOHN,252,1
2021-07-10,ST.-CROIX,1536,11
2021-07-09,ST.-THOMAS,2217,20
2021-07-09,ST.-JOHN,252,1
2021-07-09,ST.-CROIX,1536,11
2021-07-08,ST.-THOMAS,2201,20
2021-07-08,ST.-JOHN,252,1
2021-07-08,ST.-CROIX,1517,11
2021-07-07,ST.-THOMAS,2201,20
2021-07-07,ST.-JOHN,252,1
2021-07-07,ST.-CROIX,1517,11
2021-07-06,ST.-THOMAS,2179,19
2021-07-06,ST.-JOHN,252,1
2021-07-06,ST.-CROIX,1511,10
2021-07-05,ST.-THOMAS,2152,19
2021-07-05,ST.-JOHN,252,1
2021-07-05,ST.-CROIX,1491,10
2021-07-04,ST.-THOMAS,2152,19
2021-07-04,ST.-JOHN,252,1
2021-07-04,ST.-CROIX,1491,10
2021-07-03,ST.-THOMAS,2152,19
2021-07-03,ST.-JOHN,252,1
2021-07-03,ST.-CROIX,1491,10
2021-07-02,ST.-THOMAS,2152,19
2021-07-02,ST.-JOHN,252,1
2021-07-02,ST.-CROIX,1491,10
2021-07-01,ST.-THOMAS,2152,19
2021-07-01,ST.-JOHN,252,1
2021-07-01,ST.-CROIX,1491,10
2021-06-30,ST.-THOMAS,2138,19
2021-06-30,ST.-JOHN,251,1
2021-06-30,ST.-CROIX,1469,10
2021-06-29,ST.-THOMAS,2138,19
2021-06-29,ST.-JOHN,251,1
2021-06-29,ST.-CROIX,1469,10
2021-06-28,ST.-THOMAS,2124,19
2021-06-28,ST.-JOHN,251,1
2021-06-28,ST.-CROIX,1464,10
2021-06-27,ST.-THOMAS,2120,19
2021-06-27,ST.-JOHN,251,1
2021-06-27,ST.-CROIX,1464,10
2021-06-26,ST.-THOMAS,2120,19
2021-06-26,ST.-JOHN,251,1
2021-06-26,ST.-CROIX,1464,10
2021-06-25,ST.-THOMAS,2120,19
2021-06-25,ST.-JOHN,251,1
2021-06-25,ST.-CROIX,1464,10
2021-06-24,ST.-THOMAS,2085,19
2021-06-24,ST.-JOHN,250,1
2021-06-24,ST.-CROIX,1439,10
2021-06-23,ST.-THOMAS,2085,19
2021-06-23,ST.-JOHN,250,1
2021-06-23,ST.-CROIX,1439,10
2021-06-22,ST.-THOMAS,2085,19
2021-06-22,ST.-JOHN,250,1
2021-06-22,ST.-CROIX,1439,10
2021-06-21,ST.-THOMAS,2081,19
2021-06-21,ST.-JOHN,250,1
2021-06-21,ST.-CROIX,1437,10
2021-06-20,ST.-THOMAS,2070,19
2021-06-20,ST.-JOHN,250,1
2021-06-20,ST.-CROIX,1432,10
2021-06-19,ST.-THOMAS,2070,19
2021-06-19,ST.-JOHN,250,1
2021-06-19,ST.-CROIX,1432,10
2021-06-18,ST.-THOMAS,2070,19
2021-06-18,ST.-JOHN,250,1
2021-06-18,ST.-CROIX,1432,10
2021-06-17,ST.-THOMAS,2067,19
2021-06-17,ST.-JOHN,249,1
2021-06-17,ST.-CROIX,1431,10
2021-06-16,ST.-THOMAS,2053,19
2021-06-16,ST.-JOHN,249,1
2021-06-16,ST.-CROIX,1427,10
2021-06-15,UNKNOWN,0,1
2021-06-15,ST.-THOMAS,2045,17
2021-06-15,ST.-JOHN,248,1
2021-06-15,ST.-CROIX,1424,10
2021-06-14,ST.-THOMAS,2034,17
2021-06-14,ST.-JOHN,248,1
2021-06-14,ST.-CROIX,1420,10
2021-06-13,ST.-THOMAS,2025,17
2021-06-13,ST.-JOHN,247,1
2021-06-13,ST.-CROIX,1418,10
2021-06-12,ST.-THOMAS,2025,17
2021-06-12,ST.-JOHN,247,1
2021-06-12,ST.-CROIX,1418,10
2021-06-11,ST.-THOMAS,2025,17
2021-06-11,ST.-JOHN,247,1
2021-06-11,ST.-CROIX,1418,10
2021-06-10,ST.-THOMAS,1996,17
2021-06-10,ST.-JOHN,247,1
2021-06-10,ST.-CROIX,1409,10
2021-06-09,ST.-THOMAS,1996,17
2021-06-09,ST.-JOHN,247,1
2021-06-09,ST.-CROIX,1409,10
2021-06-08,ST.-THOMAS,1957,17
2021-06-08,ST.-JOHN,247,1
2021-06-08,ST.-CROIX,1404,10
2021-06-07,ST.-THOMAS,1913,17
2021-06-07,ST.-JOHN,246,1
2021-06-07,ST.-CROIX,1401,10
2021-06-06,ST.-THOMAS,1872,17
2021-06-06,ST.-JOHN,242,1
2021-06-06,ST.-CROIX,1398,10
2021-06-05,ST.-THOMAS,1872,17
2021-06-05,ST.-JOHN,242,1
2021-06-05,ST.-CROIX,1398,10
2021-06-04,ST.-THOMAS,1872,17
2021-06-04,ST.-JOHN,242,1
2021-06-04,ST.-CROIX,1398,10
2021-06-03,ST.-THOMAS,1872,17
2021-06-03,ST.-JOHN,242,1
2021-06-03,ST.-CROIX,1398,10
2021-06-02,ST.-THOMAS,1872,17
2021-06-02,ST.-JOHN,242,1
2021-06-02,ST.-CROIX,1398,10
2021-06-01,ST.-THOMAS,1829,16
2021-06-01,ST.-JOHN,239,1
2021-06-01,ST.-CROIX,1397,10
2021-05-31,ST.-THOMAS,1809,16
2021-05-31,ST.-JOHN,238,1
2021-05-31,ST.-CROIX,1395,10
2021-05-30,ST.-THOMAS,1809,16
2021-05-30,ST.-JOHN,238,1
2021-05-30,ST.-CROIX,1395,10
2021-05-29,ST.-THOMAS,1809,16
2021-05-29,ST.-JOHN,238,1
2021-05-29,ST.-CROIX,1395,10
2021-05-28,ST.-THOMAS,1809,16
2021-05-28,ST.-JOHN,238,1
2021-05-28,ST.-CROIX,1395,10
2021-05-27,ST.-THOMAS,1773,16
2021-05-27,ST.-JOHN,234,1
2021-05-27,ST.-CROIX,1392,10
2021-05-26,ST.-THOMAS,1773,16
2021-05-26,ST.-JOHN,234,1
2021-05-26,ST.-CROIX,1392,10
2021-05-25,ST.-THOMAS,1757,16
2021-05-25,ST.-JOHN,234,1
2021-05-25,ST.-CROIX,1392,10
2021-05-24,ST.-THOMAS,1757,16
2021-05-24,ST.-JOHN,234,1
2021-05-24,ST.-CROIX,1392,10
2021-05-23,ST.-THOMAS,1698,16
2021-05-23,ST.-JOHN,228,1
2021-05-23,ST.-CROIX,1382,10
2021-05-22,ST.-THOMAS,1698,16
2021-05-22,ST.-JOHN,228,1
2021-05-22,ST.-CROIX,1382,10
2021-05-21,ST.-THOMAS,1698,16
2021-05-21,ST.-JOHN,228,1
2021-05-21,ST.-CROIX,1382,10
2021-05-20,ST.-THOMAS,1698,16
2021-05-20,ST.-JOHN,228,1
2021-05-20,ST.-CROIX,1382,10
2021-05-19,ST.-THOMAS,1679,16
2021-05-19,ST.-JOHN,228,1
2021-05-19,ST.-CROIX,1381,10
2021-05-18,ST.-THOMAS,1679,16
2021-05-18,ST.-JOHN,228,1
2021-05-18,ST.-CROIX,1381,10
2021-05-17,ST.-THOMAS,1659,16
2021-05-17,ST.-JOHN,228,1
2021-05-17,ST.-CROIX,1380,10
2021-05-16,ST.-THOMAS,1659,16
2021-05-16,ST.-JOHN,228,1
2021-05-16,ST.-CROIX,1380,10
2021-05-15,ST.-THOMAS,1659,16
2021-05-15,ST.-JOHN,228,1
2021-05-15,ST.-CROIX,1380,10
2021-05-14,ST.-THOMAS,1659,16
2021-05-14,ST.-JOHN,228,1
2021-05-14,ST.-CROIX,1380,10
2021-05-13,ST.-THOMAS,1653,16
2021-05-13,ST.-JOHN,228,1
2021-05-13,ST.-CROIX,1380,10
2021-05-12,ST.-THOMAS,1652,16
2021-05-12,ST.-JOHN,224,1
2021-05-12,ST.-CROIX,1380,10
2021-05-11,ST.-THOMAS,1630,16
2021-05-11,ST.-JOHN,224,1
2021-05-11,ST.-CROIX,1379,10
2021-05-10,ST.-THOMAS,1630,16
2021-05-10,ST.-JOHN,224,1
2021-05-10,ST.-CROIX,1379,10
2021-05-09,ST.-THOMAS,1609,16
2021-05-09,ST.-JOHN,222,1
2021-05-09,ST.-CROIX,1379,10
2021-05-08,ST.-THOMAS,1609,16
2021-05-08,ST.-JOHN,222,1
2021-05-08,ST.-CROIX,1379,10
2021-05-07,ST.-THOMAS,1567,16
2021-05-07,ST.-JOHN,221,1
2021-05-07,ST.-CROIX,1364,10
2021-05-06,ST.-THOMAS,1567,16
2021-05-06,ST.-JOHN,221,1
2021-05-06,ST.-CROIX,1364,10
2021-05-05,ST.-THOMAS,1567,16
2021-05-05,ST.-JOHN,221,1
2021-05-05,ST.-CROIX,1364,10
2021-05-04,ST.-THOMAS,1567,16
2021-05-04,ST.-JOHN,221,1
2021-05-04,ST.-CROIX,1364,10
2021-05-03,ST.-THOMAS,1554,16
2021-05-03,ST.-JOHN,221,1
2021-05-03,ST.-CROIX,1363,10
2021-05-02,ST.-THOMAS,1554,16
2021-05-02,ST.-JOHN,221,1
2021-05-02,ST.-CROIX,1363,10
2021-05-01,ST.-THOMAS,1543,16
2021-05-01,ST.-JOHN,221,1
2021-05-01,ST.-CROIX,1361,10
2021-04-30,ST.-THOMAS,1543,16
2021-04-30,ST.-JOHN,221,1
2021-04-30,ST.-CROIX,1361,10
2021-04-29,ST.-THOMAS,1519,16
2021-04-29,ST.-JOHN,219,1
2021-04-29,ST.-CROIX,1355,10
2021-04-28,ST.-THOMAS,1519,16
2021-04-28,ST.-JOHN,219,1
2021-04-28,ST.-CROIX,1355,10
2021-04-27,ST.-THOMAS,1519,16
2021-04-27,ST.-JOHN,219,1
2021-04-27,ST.-CROIX,1352,10
2021-04-26,ST.-THOMAS,1519,16
2021-04-26,ST.-JOHN,219,1
2021-04-26,ST.-CROIX,1352,10
2021-04-25,ST.-THOMAS,1505,16
2021-04-25,ST.-JOHN,219,1
2021-04-25,ST.-CROIX,1344,10
2021-04-24,ST.-THOMAS,1505,16
2021-04-24,ST.-JOHN,219,1
2021-04-24,ST.-CROIX,1344,10
2021-04-23,ST.-THOMAS,1505,16
2021-04-23,ST.-JOHN,219,1
2021-04-23,ST.-CROIX,1344,10
2021-04-22,ST.-THOMAS,1505,16
2021-04-22,ST.-JOHN,219,1
2021-04-22,ST.-CROIX,1344,10
2021-04-21,ST.-THOMAS,1489,16
2021-04-21,ST.-JOHN,218,1
2021-04-21,ST.-CROIX,1334,10
2021-04-20,ST.-THOMAS,1489,16
2021-04-20,ST.-JOHN,218,1
2021-04-20,ST.-CROIX,1334,10
2021-04-19,ST.-THOMAS,1489,16
2021-04-19,ST.-JOHN,218,1
2021-04-19,ST.-CROIX,1334,10
2021-04-18,ST.-THOMAS,1481,15
2021-04-18,ST.-JOHN,218,1
2021-04-18,ST.-CROIX,1329,10
2021-04-17,ST.-THOMAS,1481,15
2021-04-17,ST.-JOHN,218,1
2021-04-17,ST.-CROIX,1329,10
2021-04-16,ST.-THOMAS,1481,15
2021-04-16,ST.-JOHN,218,1
2021-04-16,ST.-CROIX,1329,10
2021-04-15,ST.-THOMAS,1476,15
2021-04-15,ST.-JOHN,218,1
2021-04-15,ST.-CROIX,1328,10
2021-04-14,ST.-THOMAS,1463,15
2021-04-14,ST.-JOHN,218,1
2021-04-14,ST.-CROIX,1324,10
2021-04-13,ST.-THOMAS,1463,15
2021-04-13,ST.-JOHN,218,1
2021-04-13,ST.-CROIX,1324,10
2021-04-12,ST.-THOMAS,1459,15
2021-04-12,ST.-JOHN,218,1
2021-04-12,ST.-CROIX,1321,10
2021-04-11,ST.-THOMAS,1450,15
2021-04-11,ST.-JOHN,218,1
2021-04-11,ST.-CROIX,1303,10
2021-04-10,ST.-THOMAS,1450,15
2021-04-10,ST.-JOHN,218,1
2021-04-10,ST.-CROIX,1303,10
2021-04-09,ST.-THOMAS,1450,15
2021-04-09,ST.-JOHN,218,1
2021-04-09,ST.-CROIX,1303,10
2021-04-08,ST.-THOMAS,1450,15
2021-04-08,ST.-JOHN,218,1
2021-04-08,ST.-CROIX,1303,10
2021-04-07,UNKNOWN,1,0
2021-04-07,ST.-THOMAS,1441,15
2021-04-07,ST.-JOHN,216,1
2021-04-07,ST.-CROIX,1287,10
2021-04-06,UNKNOWN,1,0
2021-04-06,ST.-THOMAS,1441,15
2021-04-06,ST.-JOHN,216,1
2021-04-06,ST.-CROIX,1287,10
2021-04-05,UNKNOWN,1,0
2021-04-05,ST.-THOMAS,1441,15
2021-04-05,ST.-JOHN,216,1
2021-04-05,ST.-CROIX,1287,10
2021-04-04,ST.-THOMAS,1418,15
2021-04-04,ST.-JOHN,228,1
2021-04-04,ST.-CROIX,1261,10
2021-04-03,ST.-THOMAS,1418,15
2021-04-03,ST.-JOHN,228,1
2021-04-03,ST.-CROIX,1261,10
2021-04-02,ST.-THOMAS,1418,15
2021-04-02,ST.-JOHN,228,1
2021-04-02,ST.-CROIX,1261,10
2021-04-01,ST.-THOMAS,1418,15
2021-04-01,ST.-JOHN,228,1
2021-04-01,ST.-CROIX,1261,10
2021-03-31,ST.-THOMAS,1418,15
2021-03-31,ST.-JOHN,228,1
2021-03-31,ST.-CROIX,1261,10
2021-03-30,ST.-THOMAS,1418,15
2021-03-30,ST.-JOHN,228,1
2021-03-30,ST.-CROIX,1261,10
2021-03-29,ST.-THOMAS,1418,15
2021-03-29,ST.-JOHN,228,1
2021-03-29,ST.-CROIX,1261,10
2021-03-28,ST.-THOMAS,1418,15
2021-03-28,ST.-JOHN,228,1
2021-03-28,ST.-CROIX,1261,10
2021-03-27,ST.-THOMAS,1416,15
2021-03-27,ST.-JOHN,226,1
2021-03-27,ST.-CROIX,1259,10
2021-03-26,UNKNOWN,0,1
2021-03-26,ST.-THOMAS,1413,15
2021-03-26,ST.-JOHN,222,1
2021-03-26,ST.-CROIX,1253,9
2021-03-25,ST.-THOMAS,1408,15
2021-03-25,ST.-JOHN,221,1
2021-03-25,ST.-CROIX,1248,9
2021-03-24,ST.-THOMAS,1407,15
2021-03-24,ST.-JOHN,221,1
2021-03-24,ST.-CROIX,1248,9
2021-03-23,ST.-THOMAS,1373,15
2021-03-23,ST.-JOHN,213,1
2021-03-23,ST.-CROIX,1181,9
2021-03-22,ST.-THOMAS,1373,15
2021-03-22,ST.-JOHN,213,1
2021-03-22,ST.-CROIX,1181,9
2021-03-21,ST.-THOMAS,1373,15
2021-03-21,ST.-JOHN,213,1
2021-03-21,ST.-CROIX,1181,9
2021-03-20,ST.-THOMAS,1373,15
2021-03-20,ST.-JOHN,213,1
2021-03-20,ST.-CROIX,1181,9
2021-03-19,ST.-THOMAS,1373,15
2021-03-19,ST.-JOHN,213,1
2021-03-19,ST.-CROIX,1181,9
2021-03-18,ST.-THOMAS,1373,15
2021-03-18,ST.-JOHN,213,1
2021-03-18,ST.-CROIX,1181,9
2021-03-17,ST.-THOMAS,1373,15
2021-03-17,ST.-JOHN,213,1
2021-03-17,ST.-CROIX,1181,9
2021-03-16,ST.-THOMAS,1373,15
2021-03-16,ST.-JOHN,213,1
2021-03-16,ST.-CROIX,1181,9
2021-03-15,ST.-THOMAS,1373,15
2021-03-15,ST.-JOHN,213,1
2021-03-15,ST.-CROIX,1181,9
2021-03-14,ST.-THOMAS,1373,15
2021-03-14,ST.-JOHN,213,1
2021-03-14,ST.-CROIX,1181,9
2021-03-13,ST.-THOMAS,1373,15
2021-03-13,ST.-JOHN,213,1
2021-03-13,ST.-CROIX,1181,9
2021-03-12,ST.-THOMAS,1373,15
2021-03-12,ST.-JOHN,213,1
2021-03-12,ST.-CROIX,1181,9
2021-03-11,ST.-THOMAS,1369,15
2021-03-11,ST.-JOHN,213,1
2021-03-11,ST.-CROIX,1179,9
2021-03-10,ST.-THOMAS,1368,15
2021-03-10,ST.-JOHN,213,1
2021-03-10,ST.-CROIX,1174,9
2021-03-09,ST.-THOMAS,1366,15
2021-03-09,ST.-JOHN,213,1
2021-03-09,ST.-CROIX,1165,9
2021-03-08,ST.-THOMAS,1366,15
2021-03-08,ST.-JOHN,213,1
2021-03-08,ST.-CROIX,1165,9
2021-03-07,ST.-THOMAS,1358,15
2021-03-07,ST.-JOHN,212,1
2021-03-07,ST.-CROIX,1144,9
2021-03-06,ST.-THOMAS,1358,15
2021-03-06,ST.-JOHN,212,1
2021-03-06,ST.-CROIX,1144,9
2021-03-05,ST.-THOMAS,1358,15
2021-03-05,ST.-JOHN,212,1
2021-03-05,ST.-CROIX,1144,9
2021-03-04,ST.-THOMAS,1354,15
2021-03-04,ST.-JOHN,212,1
2021-03-04,ST.-CROIX,1138,9
2021-03-03,ST.-THOMAS,1346,15
2021-03-03,ST.-JOHN,212,1
2021-03-03,ST.-CROIX,1137,9
2021-03-02,ST.-THOMAS,1334,15
2021-03-02,ST.-JOHN,212,1
2021-03-02,ST.-CROIX,1100,9
2021-03-01,ST.-THOMAS,1334,15
2021-03-01,ST.-JOHN,212,1
2021-03-01,ST.-CROIX,1100,9
2021-02-28,ST.-THOMAS,1334,15
2021-02-28,ST.-JOHN,212,1
2021-02-28,ST.-CROIX,1100,9
2021-02-27,ST.-THOMAS,1334,15
2021-02-27,ST.-JOHN,212,1
2021-02-27,ST.-CROIX,1100,9
2021-02-26,ST.-THOMAS,1328,15
2021-02-26,ST.-JOHN,212,1
2021-02-26,ST.-CROIX,1096,9
2021-02-25,ST.-THOMAS,1328,15
2021-02-25,ST.-JOHN,212,1
2021-02-25,ST.-CROIX,1096,9
2021-02-24,ST.-THOMAS,1324,15
2021-02-24,ST.-JOHN,212,1
2021-02-24,ST.-CROIX,1087,9
2021-02-23,ST.-THOMAS,1314,15
2021-02-23,ST.-JOHN,212,1
2021-02-23,ST.-CROIX,1063,9
2021-02-22,ST.-THOMAS,1312,15
2021-02-22,ST.-JOHN,212,1
2021-02-22,ST.-CROIX,1055,9
2021-02-21,ST.-THOMAS,1310,15
2021-02-21,ST.-JOHN,212,1
2021-02-21,ST.-CROIX,1053,9
2021-02-20,ST.-THOMAS,1310,15
2021-02-20,ST.-JOHN,212,1
2021-02-20,ST.-CROIX,1053,9
2021-02-19,ST.-THOMAS,1310,15
2021-02-19,ST.-JOHN,212,1
2021-02-19,ST.-CROIX,1053,9
2021-02-18,ST.-THOMAS,1298,15
2021-02-18,ST.-JOHN,211,1
2021-02-18,ST.-CROIX,1049,9
2021-02-17,ST.-THOMAS,1287,15
2021-02-17,ST.-JOHN,211,1
2021-02-17,ST.-CROIX,1047,9
2021-02-16,ST.-THOMAS,1285,15
2021-02-16,ST.-JOHN,211,1
2021-02-16,ST.-CROIX,1046,9
2021-02-15,ST.-THOMAS,1285,15
2021-02-15,ST.-JOHN,211,1
2021-02-15,ST.-CROIX,1046,9
2021-02-14,ST.-THOMAS,1270,15
2021-02-14,ST.-JOHN,210,1
2021-02-14,ST.-CROIX,1045,9
2021-02-13,ST.-THOMAS,1270,15
2021-02-13,ST.-JOHN,210,1
2021-02-13,ST.-CROIX,1045,9
2021-02-12,ST.-THOMAS,1270,15
2021-02-12,ST.-JOHN,210,1
2021-02-12,ST.-CROIX,1045,9
2021-02-11,ST.-THOMAS,1257,15
2021-02-11,ST.-JOHN,209,1
2021-02-11,ST.-CROIX,1039,9
2021-02-10,ST.-THOMAS,1242,15
2021-02-10,ST.-JOHN,209,1
2021-02-10,ST.-CROIX,1034,8
2021-02-09,ST.-THOMAS,1242,15
2021-02-09,ST.-JOHN,209,1
2021-02-09,ST.-CROIX,1034,8
2021-02-08,ST.-THOMAS,1226,15
2021-02-08,ST.-JOHN,208,1
2021-02-08,ST.-CROIX,1032,8
2021-02-07,ST.-THOMAS,1226,15
2021-02-07,ST.-JOHN,208,1
2021-02-07,ST.-CROIX,1032,8
2021-02-06,ST.-THOMAS,1212,15
2021-02-06,ST.-JOHN,208,1
2021-02-06,ST.-CROIX,1029,8
2021-02-05,ST.-THOMAS,1212,15
2021-02-05,ST.-JOHN,208,1
2021-02-05,ST.-CROIX,1029,8
2021-02-04,ST.-THOMAS,1206,15
2021-02-04,ST.-JOHN,206,1
2021-02-04,ST.-CROIX,1028,8
2021-02-03,ST.-THOMAS,1200,15
2021-02-03,ST.-JOHN,205,1
2021-02-03,ST.-CROIX,1025,8
2021-02-02,ST.-THOMAS,1197,15
2021-02-02,ST.-JOHN,204,1
2021-02-02,ST.-CROIX,1025,8
2021-02-01,ST.-THOMAS,1196,15
2021-02-01,ST.-JOHN,204,1
2021-02-01,ST.-CROIX,1021,8
2021-01-31,ST.-THOMAS,1183,15
2021-01-31,ST.-JOHN,203,1
2021-01-31,ST.-CROIX,1012,8
2021-01-30,ST.-THOMAS,1183,15
2021-01-30,ST.-JOHN,203,1
2021-01-30,ST.-CROIX,1012,8
2021-01-29,ST.-THOMAS,1183,15
2021-01-29,ST.-JOHN,203,1
2021-01-29,ST.-CROIX,1012,8
2021-01-28,ST.-THOMAS,1175,15
2021-01-28,ST.-JOHN,202,1
2021-01-28,ST.-CROIX,1007,8
2021-01-27,ST.-THOMAS,1171,15
2021-01-27,ST.-JOHN,202,1
2021-01-27,ST.-CROIX,1000,8
2021-01-26,ST.-THOMAS,1171,15
2021-01-26,ST.-JOHN,202,1
2021-01-26,ST.-CROIX,1000,8
2021-01-25,ST.-THOMAS,1161,15
2021-01-25,ST.-JOHN,198,1
2021-01-25,ST.-CROIX,991,8
2021-01-24,ST.-THOMAS,1160,15
2021-01-24,ST.-JOHN,198,1
2021-01-24,ST.-CROIX,983,8
2021-01-23,ST.-THOMAS,1160,15
2021-01-23,ST.-JOHN,198,1
2021-01-23,ST.-CROIX,983,8
2021-01-22,ST.-THOMAS,1152,15
2021-01-22,ST.-JOHN,198,1
2021-01-22,ST.-CROIX,971,8
2021-01-21,ST.-THOMAS,1144,15
2021-01-21,ST.-JOHN,197,1
2021-01-21,ST.-CROIX,964,8
2021-01-20,ST.-THOMAS,1144,15
2021-01-20,ST.-JOHN,197,1
2021-01-20,ST.-CROIX,964,8
2021-01-19,ST.-THOMAS,1137,15
2021-01-19,ST.-JOHN,189,1
2021-01-19,ST.-CROIX,957,8
2021-01-18,ST.-THOMAS,1129,15
2021-01-18,ST.-JOHN,189,1
2021-01-18,ST.-CROIX,942,8
2021-01-17,ST.-THOMAS,1129,15
2021-01-17,ST.-JOHN,189,1
2021-01-17,ST.-CROIX,942,8
2021-01-16,ST.-THOMAS,1096,15
2021-01-16,ST.-JOHN,178,1
2021-01-16,ST.-CROIX,892,8
2021-01-15,ST.-THOMAS,1096,15
2021-01-15,ST.-JOHN,178,1
2021-01-15,ST.-CROIX,892,8
2021-01-14,ST.-THOMAS,1096,15
2021-01-14,ST.-JOHN,178,1
2021-01-14,ST.-CROIX,892,8
2021-01-13,ST.-THOMAS,1096,15
2021-01-13,ST.-JOHN,178,1
2021-01-13,ST.-CROIX,892,8
2021-01-12,ST.-THOMAS,1096,15
2021-01-12,ST.-JOHN,178,1
2021-01-12,ST.-CROIX,892,8
2021-01-11,ST.-THOMAS,1032,15
2021-01-11,ST.-JOHN,175,1
2021-01-11,ST.-CROIX,835,7
2021-01-10,ST.-THOMAS,1032,15
2021-01-10,ST.-JOHN,175,1
2021-01-10,ST.-CROIX,835,7
2021-01-09,ST.-THOMAS,1032,15
2021-01-09,ST.-JOHN,175,1
2021-01-09,ST.-CROIX,835,7
2021-01-08,ST.-THOMAS,1032,15
2021-01-08,ST.-JOHN,175,1
2021-01-08,ST.-CROIX,835,7
2021-01-07,ST.-THOMAS,1032,15
2021-01-07,ST.-JOHN,175,1
2021-01-07,ST.-CROIX,835,7
2021-01-06,ST.-THOMAS,1032,15
2021-01-06,ST.-JOHN,175,1
2021-01-06,ST.-CROIX,835,7
2021-01-05,ST.-THOMAS,1032,15
2021-01-05,ST.-JOHN,175,1
2021-01-05,ST.-CROIX,835,7
2021-01-04,ST.-THOMAS,1032,15
2021-01-04,ST.-JOHN,175,1
2021-01-04,ST.-CROIX,835,7
2021-01-03,ST.-THOMAS,1032,15
2021-01-03,ST.-JOHN,175,1
2021-01-03,ST.-CROIX,835,7
2021-01-02,ST.-THOMAS,1032,15
2021-01-02,ST.-JOHN,175,1
2021-01-02,ST.-CROIX,835,7
2021-01-01,ST.-THOMAS,1032,15
2021-01-01,ST.-JOHN,174,1
2021-01-01,ST.-CROIX,830,7
2020-12-31,ST.-THOMAS,1028,15
2020-12-31,ST.-JOHN,174,1
2020-12-31,ST.-CROIX,829,7
2020-12-30,ST.-THOMAS,1020,15
2020-12-30,ST.-JOHN,168,1
2020-12-30,ST.-CROIX,822,7
2020-12-29,ST.-THOMAS,1004,15
2020-12-29,ST.-JOHN,166,1
2020-12-29,ST.-CROIX,809,7
2020-12-28,ST.-THOMAS,1004,15
2020-12-28,ST.-JOHN,166,1
2020-12-28,ST.-CROIX,809,7
2020-12-27,ST.-THOMAS,1004,15
2020-12-27,ST.-JOHN,166,1
2020-12-27,ST.-CROIX,809,7
2020-12-26,ST.-THOMAS,1004,15
2020-12-26,ST.-JOHN,166,1
2020-12-26,ST.-CROIX,809,7
2020-12-25,ST.-THOMAS,1004,15
2020-12-25,ST.-JOHN,166,1
2020-12-25,ST.-CROIX,809,7
2020-12-24,ST.-THOMAS,1002,15
2020-12-24,ST.-JOHN,166,1
2020-12-24,ST.-CROIX,799,7
2020-12-23,ST.-THOMAS,990,15
2020-12-23,ST.-JOHN,166,1
2020-12-23,ST.-CROIX,794,7
2020-12-22,ST.-THOMAS,987,15
2020-12-22,ST.-JOHN,165,1
2020-12-22,ST.-CROIX,782,7
2020-12-21,ST.-THOMAS,986,15
2020-12-21,ST.-JOHN,158,1
2020-12-21,ST.-CROIX,777,7
2020-12-20,ST.-THOMAS,986,15
2020-12-20,ST.-JOHN,158,1
2020-12-20,ST.-CROIX,777,7
2020-12-19,ST.-THOMAS,983,15
2020-12-19,ST.-JOHN,158,1
2020-12-19,ST.-CROIX,769,7
2020-12-18,ST.-THOMAS,980,15
2020-12-18,ST.-JOHN,158,1
2020-12-18,ST.-CROIX,762,7
2020-12-17,ST.-THOMAS,974,15
2020-12-17,ST.-JOHN,151,1
2020-12-17,ST.-CROIX,753,7
2020-12-16,ST.-THOMAS,966,15
2020-12-16,ST.-JOHN,147,1
2020-12-16,ST.-CROIX,715,7
2020-12-15,ST.-THOMAS,966,15
2020-12-15,ST.-JOHN,147,1
2020-12-15,ST.-CROIX,715,7
2020-12-14,ST.-THOMAS,957,15
2020-12-14,ST.-JOHN,145,1
2020-12-14,ST.-CROIX,705,7
2020-12-13,ST.-THOMAS,949,15
2020-12-13,ST.-JOHN,145,1
2020-12-13,ST.-CROIX,697,7
2020-12-12,ST.-THOMAS,949,15
2020-12-12,ST.-JOHN,145,1
2020-12-12,ST.-CROIX,697,7
2020-12-11,ST.-THOMAS,949,15
2020-12-11,ST.-JOHN,145,1
2020-12-11,ST.-CROIX,697,7
2020-12-10,ST.-THOMAS,936,15
2020-12-10,ST.-JOHN,130,1
2020-12-10,ST.-CROIX,667,7
2020-12-09,ST.-THOMAS,929,15
2020-12-09,ST.-JOHN,127,1
2020-12-09,ST.-CROIX,642,7
2020-12-08,ST.-THOMAS,921,15
2020-12-08,ST.-JOHN,126,1
2020-12-08,ST.-CROIX,633,7
2020-12-07,ST.-THOMAS,913,15
2020-12-07,ST.-JOHN,116,1
2020-12-07,ST.-CROIX,620,7
2020-12-06,ST.-THOMAS,898,15
2020-12-06,ST.-JOHN,106,1
2020-12-06,ST.-CROIX,609,7
2020-12-05,ST.-THOMAS,898,15
2020-12-05,ST.-JOHN,106,1
2020-12-05,ST.-CROIX,609,7
2020-12-04,ST.-THOMAS,898,15
2020-12-04,ST.-JOHN,106,1
2020-12-04,ST.-CROIX,609,7
2020-12-03,ST.-THOMAS,890,15
2020-12-03,ST.-JOHN,94,1
2020-12-03,ST.-CROIX,605,7
2020-12-02,ST.-THOMAS,890,15
2020-12-02,ST.-JOHN,94,1
2020-12-02,ST.-CROIX,605,7
2020-12-01,ST.-THOMAS,872,15
2020-12-01,ST.-JOHN,85,1
2020-12-01,ST.-CROIX,593,7
2020-11-30,ST.-THOMAS,869,15
2020-11-30,ST.-JOHN,85,1
2020-11-30,ST.-CROIX,590,7
2020-11-29,ST.-THOMAS,869,15
2020-11-29,ST.-JOHN,85,1
2020-11-29,ST.-CROIX,590,7
2020-11-28,ST.-THOMAS,865,15
2020-11-28,ST.-JOHN,85,1
2020-11-28,ST.-CROIX,590,7
2020-11-27,ST.-THOMAS,857,15
2020-11-27,ST.-JOHN,79,1
2020-11-27,ST.-CROIX,585,7
2020-11-26,ST.-THOMAS,857,15
2020-11-26,ST.-JOHN,79,1
2020-11-26,ST.-CROIX,585,7
2020-11-25,ST.-THOMAS,857,15
2020-11-25,ST.-JOHN,79,1
2020-11-25,ST.-CROIX,585,7
2020-11-24,ST.-THOMAS,857,15
2020-11-24,ST.-JOHN,79,1
2020-11-24,ST.-CROIX,585,7
2020-11-23,ST.-THOMAS,850,15
2020-11-23,ST.-JOHN,79,1
2020-11-23,ST.-CROIX,578,7
2020-11-22,ST.-THOMAS,849,15
2020-11-22,ST.-JOHN,78,1
2020-11-22,ST.-CROIX,577,7
2020-11-21,ST.-THOMAS,840,15
2020-11-21,ST.-JOHN,77,1
2020-11-21,ST.-CROIX,574,7
2020-11-20,ST.-THOMAS,835,15
2020-11-20,ST.-JOHN,75,1
2020-11-20,ST.-CROIX,572,7
2020-11-19,ST.-THOMAS,826,15
2020-11-19,ST.-JOHN,75,1
2020-11-19,ST.-CROIX,568,7
2020-11-18,ST.-THOMAS,823,15
2020-11-18,ST.-JOHN,75,1
2020-11-18,ST.-CROIX,565,7
2020-11-17,ST.-THOMAS,819,15
2020-11-17,ST.-JOHN,73,1
2020-11-17,ST.-CROIX,558,7
2020-11-16,ST.-THOMAS,812,15
2020-11-16,ST.-JOHN,73,1
2020-11-16,ST.-CROIX,549,7
2020-11-15,ST.-THOMAS,812,15
2020-11-15,ST.-JOHN,73,1
2020-11-15,ST.-CROIX,549,7
2020-11-14,ST.-THOMAS,812,15
2020-11-14,ST.-JOHN,73,1
2020-11-14,ST.-CROIX,549,7
2020-11-13,ST.-THOMAS,811,15
2020-11-13,ST.-JOHN,69,1
2020-11-13,ST.-CROIX,546,7
2020-11-12,ST.-THOMAS,804,15
2020-11-12,ST.-JOHN,69,1
2020-11-12,ST.-CROIX,540,7
2020-11-11,ST.-THOMAS,804,15
2020-11-11,ST.-JOHN,69,1
2020-11-11,ST.-CROIX,540,7
2020-11-10,ST.-THOMAS,804,15
2020-11-10,ST.-JOHN,69,1
2020-11-10,ST.-CROIX,540,7
2020-11-09,ST.-THOMAS,803,15
2020-11-09,ST.-JOHN,69,1
2020-11-09,ST.-CROIX,533,7
2020-11-08,ST.-THOMAS,803,15
2020-11-08,ST.-JOHN,69,1
2020-11-08,ST.-CROIX,533,7
2020-11-07,ST.-THOMAS,803,15
2020-11-07,ST.-JOHN,69,1
2020-11-07,ST.-CROIX,533,7
2020-11-06,ST.-THOMAS,801,15
2020-11-06,ST.-JOHN,68,1
2020-11-06,ST.-CROIX,521,7
2020-11-05,ST.-THOMAS,799,15
2020-11-05,ST.-JOHN,68,1
2020-11-05,ST.-CROIX,521,7
2020-11-04,ST.-THOMAS,799,15
2020-11-04,ST.-JOHN,68,1
2020-11-04,ST.-CROIX,521,7
2020-11-03,ST.-THOMAS,798,14
2020-11-03,ST.-JOHN,68,1
2020-11-03,ST.-CROIX,519,7
2020-11-02,ST.-THOMAS,796,14
2020-11-02,ST.-JOHN,68,1
2020-11-02,ST.-CROIX,512,6
2020-11-01,ST.-THOMAS,796,14
2020-11-01,ST.-JOHN,68,1
2020-11-01,ST.-CROIX,512,6
2020-10-31,ST.-THOMAS,796,14
2020-10-31,ST.-JOHN,68,1
2020-10-31,ST.-CROIX,512,6
2020-10-30,ST.-THOMAS,788,14
2020-10-30,ST.-JOHN,68,1
2020-10-30,ST.-CROIX,506,6
2020-10-29,ST.-THOMAS,782,14
2020-10-29,ST.-JOHN,67,1
2020-10-29,ST.-CROIX,504,6
2020-10-28,ST.-THOMAS,782,14
2020-10-28,ST.-JOHN,67,1
2020-10-28,ST.-CROIX,504,6
2020-10-27,ST.-THOMAS,780,14
2020-10-27,ST.-JOHN,67,1
2020-10-27,ST.-CROIX,504,6
2020-10-26,ST.-THOMAS,779,14
2020-10-26,ST.-JOHN,67,1
2020-10-26,ST.-CROIX,502,6
2020-10-25,ST.-THOMAS,777,14
2020-10-25,ST.-JOHN,67,1
2020-10-25,ST.-CROIX,502,6
2020-10-24,ST.-THOMAS,777,14
2020-10-24,ST.-JOHN,67,1
2020-10-24,ST.-CROIX,502,6
2020-10-23,ST.-THOMAS,777,14
2020-10-23,ST.-JOHN,67,1
2020-10-23,ST.-CROIX,502,6
2020-10-22,ST.-THOMAS,776,14
2020-10-22,ST.-JOHN,67,1
2020-10-22,ST.-CROIX,500,6
2020-10-21,ST.-THOMAS,775,14
2020-10-21,ST.-JOHN,66,1
2020-10-21,ST.-CROIX,496,6
2020-10-20,ST.-THOMAS,775,14
2020-10-20,ST.-JOHN,66,1
2020-10-20,ST.-CROIX,496,6
2020-10-19,ST.-THOMAS,773,14
2020-10-19,ST.-JOHN,66,1
2020-10-19,ST.-CROIX,496,6
2020-10-18,ST.-THOMAS,773,14
2020-10-18,ST.-JOHN,66,1
2020-10-18,ST.-CROIX,496,6
2020-10-17,ST.-THOMAS,773,14
2020-10-17,ST.-JOHN,66,1
2020-10-17,ST.-CROIX,496,6
2020-10-16,ST.-THOMAS,772,14
2020-10-16,ST.-JOHN,66,1
2020-10-16,ST.-CROIX,491,6
2020-10-15,ST.-THOMAS,772,14
2020-10-15,ST.-JOHN,66,1
2020-10-15,ST.-CROIX,491,6
2020-10-14,ST.-THOMAS,772,13
2020-10-14,ST.-JOHN,65,1
2020-10-14,ST.-CROIX,491,6
2020-10-13,ST.-THOMAS,772,13
2020-10-13,ST.-JOHN,65,1
2020-10-13,ST.-CROIX,491,6
2020-10-12,ST.-THOMAS,771,13
2020-10-12,ST.-JOHN,65,1
2020-10-12,ST.-CROIX,489,6
2020-10-11,ST.-THOMAS,771,13
2020-10-11,ST.-JOHN,65,1
2020-10-11,ST.-CROIX,489,6
2020-10-10,ST.-THOMAS,771,13
2020-10-10,ST.-JOHN,65,1
2020-10-10,ST.-CROIX,489,6
2020-10-09,ST.-THOMAS,770,13
2020-10-09,ST.-JOHN,65,1
2020-10-09,ST.-CROIX,489,6
2020-10-08,ST.-THOMAS,770,13
2020-10-08,ST.-JOHN,65,1
2020-10-08,ST.-CROIX,489,6
2020-10-07,ST.-THOMAS,770,13
2020-10-07,ST.-JOHN,64,1
2020-10-07,ST.-CROIX,488,6
2020-10-06,ST.-THOMAS,769,13
2020-10-06,ST.-JOHN,64,1
2020-10-06,ST.-CROIX,488,6
2020-10-05,ST.-THOMAS,769,13
2020-10-05,ST.-JOHN,64,1
2020-10-05,ST.-CROIX,489,6
2020-10-04,ST.-THOMAS,768,13
2020-10-04,ST.-JOHN,64,1
2020-10-04,ST.-CROIX,495,6
2020-10-03,ST.-THOMAS,768,13
2020-10-03,ST.-JOHN,64,1
2020-10-03,ST.-CROIX,495,6
2020-10-02,ST.-THOMAS,766,13
2020-10-02,ST.-JOHN,64,1
2020-10-02,ST.-CROIX,496,6
2020-10-01,ST.-THOMAS,766,13
2020-10-01,ST.-JOHN,64,1
2020-10-01,ST.-CROIX,496,6
2020-09-30,ST.-THOMAS,764,13
2020-09-30,ST.-JOHN,60,1
2020-09-30,ST.-CROIX,494,6
2020-09-29,ST.-THOMAS,764,13
2020-09-29,ST.-JOHN,60,1
2020-09-29,ST.-CROIX,494,6
2020-09-28,ST.-THOMAS,764,13
2020-09-28,ST.-JOHN,60,1
2020-09-28,ST.-CROIX,494,6
2020-09-27,ST.-THOMAS,762,12
2020-09-27,ST.-JOHN,60,1
2020-09-27,ST.-CROIX,495,6
2020-09-26,ST.-THOMAS,762,12
2020-09-26,ST.-JOHN,60,1
2020-09-26,ST.-CROIX,495,6
2020-09-25,ST.-THOMAS,758,12
2020-09-25,ST.-JOHN,57,1
2020-09-25,ST.-CROIX,481,6
2020-09-24,ST.-THOMAS,758,12
2020-09-24,ST.-JOHN,57,1
2020-09-24,ST.-CROIX,475,6
2020-09-23,ST.-THOMAS,758,12
2020-09-23,ST.-JOHN,57,1
2020-09-23,ST.-CROIX,475,6
2020-09-22,ST.-THOMAS,756,12
2020-09-22,ST.-JOHN,57,1
2020-09-22,ST.-CROIX,465,6
2020-09-21,ST.-THOMAS,756,12
2020-09-21,ST.-JOHN,53,1
2020-09-21,ST.-CROIX,460,6
2020-09-20,ST.-THOMAS,756,12
2020-09-20,ST.-JOHN,53,1
2020-09-20,ST.-CROIX,460,6
2020-09-19,ST.-THOMAS,754,12
2020-09-19,ST.-JOHN,45,1
2020-09-19,ST.-CROIX,458,6
2020-09-18,ST.-THOMAS,754,12
2020-09-18,ST.-JOHN,45,1
2020-09-18,ST.-CROIX,458,6
2020-09-17,ST.-THOMAS,749,12
2020-09-17,ST.-JOHN,45,1
2020-09-17,ST.-CROIX,444,6
2020-09-16,ST.-THOMAS,744,12
2020-09-16,ST.-JOHN,45,1
2020-09-16,ST.-CROIX,443,6
2020-09-15,ST.-THOMAS,744,12
2020-09-15,ST.-JOHN,45,1
2020-09-15,ST.-CROIX,443,6
2020-09-14,ST.-THOMAS,736,12
2020-09-14,ST.-JOHN,44,1
2020-09-14,ST.-CROIX,441,6
2020-09-13,ST.-THOMAS,735,12
2020-09-13,ST.-JOHN,44,1
2020-09-13,ST.-CROIX,441,6
2020-09-12,ST.-THOMAS,735,12
2020-09-12,ST.-JOHN,44,1
2020-09-12,ST.-CROIX,441,6
2020-09-11,ST.-THOMAS,721,11
2020-09-11,ST.-JOHN,43,1
2020-09-11,ST.-CROIX,437,6
2020-09-10,ST.-THOMAS,721,11
2020-09-10,ST.-JOHN,43,1
2020-09-10,ST.-CROIX,437,6
2020-09-09,ST.-THOMAS,718,11
2020-09-09,ST.-JOHN,43,1
2020-09-09,ST.-CROIX,436,6
2020-09-08,ST.-THOMAS,712,11
2020-09-08,ST.-JOHN,44,1
2020-09-08,ST.-CROIX,435,6
2020-09-07,ST.-THOMAS,711,11
2020-09-07,ST.-JOHN,44,1
2020-09-07,ST.-CROIX,435,5
2020-09-06,ST.-THOMAS,708,11
2020-09-06,ST.-JOHN,43,1
2020-09-06,ST.-CROIX,430,5
2020-09-05,ST.-THOMAS,696,10
2020-09-05,ST.-JOHN,43,1
2020-09-05,ST.-CROIX,428,5
2020-09-04,ST.-THOMAS,685,10
2020-09-04,ST.-JOHN,40,1
2020-09-04,ST.-CROIX,425,5
2020-09-03,ST.-THOMAS,685,10
2020-09-03,ST.-JOHN,40,1
2020-09-03,ST.-CROIX,425,5
2020-09-02,ST.-THOMAS,684,10
2020-09-02,ST.-JOHN,37,0
2020-09-02,ST.-CROIX,423,5
2020-09-01,ST.-THOMAS,683,10
2020-09-01,ST.-JOHN,37,0
2020-09-01,ST.-CROIX,423,5
2020-08-31,ST.-THOMAS,680,10
2020-08-31,ST.-JOHN,37,0
2020-08-31,ST.-CROIX,422,5
2020-08-30,ST.-THOMAS,675,9
2020-08-30,ST.-JOHN,37,0
2020-08-30,ST.-CROIX,422,5
2020-08-29,ST.-THOMAS,671,9
2020-08-29,ST.-JOHN,37,0
2020-08-29,ST.-CROIX,421,5
2020-08-28,ST.-THOMAS,627,9
2020-08-28,ST.-JOHN,35,0
2020-08-28,ST.-CROIX,413,5
2020-08-27,ST.-THOMAS,627,9
2020-08-27,ST.-JOHN,35,0
2020-08-27,ST.-CROIX,413,5
2020-08-26,ST.-THOMAS,598,9
2020-08-26,ST.-JOHN,34,0
2020-08-26,ST.-CROIX,398,5
2020-08-25,ST.-THOMAS,598,9
2020-08-25,ST.-JOHN,34,0
2020-08-25,ST.-CROIX,398,5
2020-08-24,ST.-THOMAS,572,7
2020-08-24,ST.-JOHN,32,0
2020-08-24,ST.-CROIX,394,5
2020-08-23,ST.-THOMAS,565,6
2020-08-23,ST.-JOHN,32,0
2020-08-23,ST.-CROIX,387,5
2020-08-22,ST.-THOMAS,548,5
2020-08-22,ST.-JOHN,32,0
2020-08-22,ST.-CROIX,380,5
2020-08-21,ST.-THOMAS,548,5
2020-08-21,ST.-JOHN,32,0
2020-08-21,ST.-CROIX,380,5
2020-08-20,ST.-THOMAS,483,5
2020-08-20,ST.-JOHN,27,0
2020-08-20,ST.-CROIX,359,5
2020-08-19,ST.-THOMAS,460,4
2020-08-19,ST.-JOHN,25,0
2020-08-19,ST.-CROIX,343,5
2020-08-18,ST.-THOMAS,438,4
2020-08-18,ST.-JOHN,23,0
2020-08-18,ST.-CROIX,335,5
2020-08-17,ST.-THOMAS,412,4
2020-08-17,ST.-JOHN,23,0
2020-08-17,ST.-CROIX,325,5
2020-08-16,ST.-THOMAS,393,4
2020-08-16,ST.-JOHN,23,0
2020-08-16,ST.-CROIX,325,5
2020-08-15,ST.-THOMAS,385,4
2020-08-15,ST.-JOHN,23,0
2020-08-15,ST.-CROIX,326,5
2020-08-14,ST.-THOMAS,385,4
2020-08-14,ST.-JOHN,23,0
2020-08-14,ST.-CROIX,326,5
2020-08-13,ST.-THOMAS,363,4
2020-08-13,ST.-JOHN,22,0
2020-08-13,ST.-CROIX,319,5
2020-08-12,ST.-THOMAS,314,4
2020-08-12,ST.-JOHN,20,0
2020-08-12,ST.-CROIX,305,5
2020-08-11,ST.-THOMAS,314,4
2020-08-11,ST.-JOHN,20,0
2020-08-11,ST.-CROIX,305,5
2020-08-10,ST.-THOMAS,257,4
2020-08-10,ST.-JOHN,19,0
2020-08-10,ST.-CROIX,300,5
2020-08-09,ST.-THOMAS,234,4
2020-08-09,ST.-JOHN,19,0
2020-08-09,ST.-CROIX,294,5
2020-08-08,ST.-THOMAS,216,4
2020-08-08,ST.-JOHN,18,0
2020-08-08,ST.-CROIX,294,5
2020-08-07,ST.-THOMAS,216,4
2020-08-07,ST.-JOHN,18,0
2020-08-07,ST.-CROIX,294,5
2020-08-06,ST.-THOMAS,211,4
2020-08-06,ST.-JOHN,18,0
2020-08-06,ST.-CROIX,293,5
2020-08-05,ST.-THOMAS,194,4
2020-08-05,ST.-JOHN,17,0
2020-08-05,ST.-CROIX,290,5
2020-08-04,ST.-THOMAS,163,4
2020-08-04,ST.-JOHN,17,0
2020-08-04,ST.-CROIX,283,4
2020-08-03,ST.-THOMAS,156,4
2020-08-03,ST.-JOHN,17,0
2020-08-03,ST.-CROIX,266,4
2020-08-02,ST.-THOMAS,148,4
2020-08-02,ST.-JOHN,16,0
2020-08-02,ST.-CROIX,257,4
2020-08-01,ST.-THOMAS,148,4
2020-08-01,ST.-JOHN,16,0
2020-08-01,ST.-CROIX,257,4
2020-07-31,ST.-THOMAS,134,4
2020-07-31,ST.-JOHN,16,0
2020-07-31,ST.-CROIX,256,4
2020-07-30,ST.-THOMAS,123,4
2020-07-30,ST.-JOHN,16,0
2020-07-30,ST.-CROIX,246,4
2020-07-29,ST.-THOMAS,123,4
2020-07-29,ST.-JOHN,16,0
2020-07-29,ST.-CROIX,246,4
2020-07-28,ST.-THOMAS,121,3
2020-07-28,ST.-JOHN,16,0
2020-07-28,ST.-CROIX,238,4
2020-07-27,ST.-THOMAS,121,3
2020-07-27,ST.-JOHN,16,0
2020-07-27,ST.-CROIX,238,4
2020-07-26,ST.-THOMAS,116,3
2020-07-26,ST.-JOHN,15,0
2020-07-26,ST.-CROIX,230,4
2020-07-25,ST.-THOMAS,114,3
2020-07-25,ST.-JOHN,15,0
2020-07-25,ST.-CROIX,223,4
2020-07-24,ST.-THOMAS,114,3
2020-07-24,ST.-JOHN,15,0
2020-07-24,ST.-CROIX,223,4
2020-07-23,ST.-THOMAS,111,3
2020-07-23,ST.-JOHN,15,0
2020-07-23,ST.-CROIX,216,4
2020-07-22,UNKNOWN,0,7
2020-07-22,ST.-THOMAS,106,0
2020-07-22,ST.-JOHN,15,0
2020-07-22,ST.-CROIX,215,0
2020-07-21,UNKNOWN,0,6
2020-07-21,ST.-THOMAS,97,0
2020-07-21,ST.-JOHN,12,0
2020-07-21,ST.-CROIX,199,0
2020-07-20,UNKNOWN,0,6
2020-07-20,ST.-THOMAS,97,0
2020-07-20,ST.-JOHN,12,0
2020-07-20,ST.-CROIX,199,0
2020-07-19,UNKNOWN,0,6
2020-07-19,ST.-THOMAS,90,0
2020-07-19,ST.-JOHN,12,0
2020-07-19,ST.-CROIX,195,0
2020-07-18,UNKNOWN,0,6
2020-07-18,ST.-THOMAS,90,0
2020-07-18,ST.-JOHN,12,0
2020-07-18,ST.-CROIX,195,0
2020-07-17,UNKNOWN,0,6
2020-07-17,ST.-THOMAS,89,0
2020-07-17,ST.-JOHN,11,0
2020-07-17,ST.-CROIX,183,0
2020-07-16,UNKNOWN,0,6
2020-07-16,ST.-THOMAS,84,0
2020-07-16,ST.-JOHN,10,0
2020-07-16,ST.-CROIX,169,0
2020-07-15,UNKNOWN,0,6
2020-07-15,ST.-THOMAS,74,0
2020-07-15,ST.-JOHN,9,0
2020-07-15,ST.-CROIX,166,0
2020-07-14,UNKNOWN,0,6
2020-07-14,ST.-THOMAS,70,0
2020-07-14,ST.-JOHN,9,0
2020-07-14,ST.-CROIX,164,0
2020-07-13,UNKNOWN,0,6
2020-07-13,ST.-THOMAS,62,0
2020-07-13,ST.-JOHN,7,0
2020-07-13,ST.-CROIX,148,0
2020-07-12,UNKNOWN,0,6
2020-07-12,ST.-THOMAS,62,0
2020-07-12,ST.-JOHN,6,0
2020-07-12,ST.-CROIX,138,0
2020-07-11,UNKNOWN,0,6
2020-07-11,ST.-THOMAS,61,0
2020-07-11,ST.-JOHN,6,0
2020-07-11,ST.-CROIX,114,0
2020-07-10,UNKNOWN,0,6
2020-07-10,ST.-THOMAS,59,0
2020-07-10,ST.-JOHN,6,0
2020-07-10,ST.-CROIX,102,0
2020-07-09,UNKNOWN,0,6
2020-07-09,ST.-THOMAS,56,0
2020-07-09,ST.-JOHN,6,0
2020-07-09,ST.-CROIX,91,0
2020-07-08,UNKNOWN,0,6
2020-07-08,ST.-THOMAS,54,0
2020-07-08,ST.-JOHN,6,0
2020-07-08,ST.-CROIX,84,0
2020-07-07,UNKNOWN,0,6
2020-07-07,ST.-THOMAS,47,0
2020-07-07,ST.-JOHN,4,0
2020-07-07,ST.-CROIX,71,0
2020-07-06,UNKNOWN,0,6
2020-07-06,ST.-THOMAS,47,0
2020-07-06,ST.-JOHN,4,0
2020-07-06,ST.-CROIX,65,0
2020-07-05,UNKNOWN,0,6
2020-07-05,ST.-THOMAS,45,0
2020-07-05,ST.-JOHN,4,0
2020-07-05,ST.-CROIX,63,0
2020-07-04,UNKNOWN,0,6
2020-07-04,ST.-THOMAS,45,0
2020-07-04,ST.-JOHN,4,0
2020-07-04,ST.-CROIX,63,0
2020-07-03,UNKNOWN,0,6
2020-07-03,ST.-THOMAS,45,0
2020-07-03,ST.-JOHN,4,0
2020-07-03,ST.-CROIX,62,0
2020-07-02,UNKNOWN,0,6
2020-07-02,ST.-THOMAS,43,0
2020-07-02,ST.-JOHN,4,0
2020-07-02,ST.-CROIX,51,0
2020-07-01,UNKNOWN,0,6
2020-07-01,ST.-THOMAS,42,0
2020-07-01,ST.-JOHN,4,0
2020-07-01,ST.-CROIX,46,0
2020-06-30,UNKNOWN,0,6
2020-06-30,ST.-THOMAS,41,0
2020-06-30,ST.-JOHN,4,0
2020-06-30,ST.-CROIX,45,0
2020-06-29,UNKNOWN,0,6
2020-06-29,ST.-THOMAS,40,0
2020-06-29,ST.-JOHN,4,0
2020-06-29,ST.-CROIX,40,0
2020-06-28,UNKNOWN,0,6
2020-06-28,ST.-THOMAS,40,0
2020-06-28,ST.-JOHN,4,0
2020-06-28,ST.-CROIX,37,0
2020-06-27,UNKNOWN,0,6
2020-06-27,ST.-THOMAS,40,0
2020-06-27,ST.-JOHN,4,0
2020-06-27,ST.-CROIX,37,0
2020-06-26,UNKNOWN,0,6
2020-06-26,ST.-THOMAS,40,0
2020-06-26,ST.-JOHN,4,0
2020-06-26,ST.-CROIX,37,0
2020-06-25,UNKNOWN,0,6
2020-06-25,ST.-THOMAS,40,0
2020-06-25,ST.-JOHN,4,0
2020-06-25,ST.-CROIX,37,0
2020-06-24,UNKNOWN,0,6
2020-06-24,ST.-THOMAS,39,0
2020-06-24,ST.-JOHN,4,0
2020-06-24,ST.-CROIX,37,0
2020-06-23,UNKNOWN,0,6
2020-06-23,ST.-THOMAS,39,0
2020-06-23,ST.-JOHN,4,0
2020-06-23,ST.-CROIX,35,0
2020-06-22,UNKNOWN,0,6
2020-06-22,ST.-THOMAS,39,0
2020-06-22,ST.-JOHN,4,0
2020-06-22,ST.-CROIX,33,0
2020-06-21,UNKNOWN,0,6
2020-06-21,ST.-THOMAS,39,0
2020-06-21,ST.-JOHN,4,0
2020-06-21,ST.-CROIX,33,0
2020-06-20,UNKNOWN,0,6
2020-06-20,ST.-THOMAS,39,0
2020-06-20,ST.-JOHN,4,0
2020-06-20,ST.-CROIX,33,0
2020-06-19,UNKNOWN,0,6
2020-06-19,ST.-THOMAS,39,0
2020-06-19,ST.-JOHN,4,0
2020-06-19,ST.-CROIX,31,0
2020-06-18,UNKNOWN,0,6
2020-06-18,ST.-THOMAS,39,0
2020-06-18,ST.-JOHN,4,0
2020-06-18,ST.-CROIX,31,0
2020-06-17,UNKNOWN,0,6
2020-06-17,ST.-THOMAS,39,0
2020-06-17,ST.-JOHN,3,0
2020-06-17,ST.-CROIX,31,0
2020-06-16,UNKNOWN,0,6
2020-06-16,ST.-THOMAS,39,0
2020-06-16,ST.-JOHN,3,0
2020-06-16,ST.-CROIX,31,0
2020-06-15,UNKNOWN,0,6
2020-06-15,ST.-THOMAS,39,0
2020-06-15,ST.-JOHN,3,0
2020-06-15,ST.-CROIX,31,0
2020-06-14,UNKNOWN,0,6
2020-06-14,ST.-THOMAS,39,0
2020-06-14,ST.-JOHN,3,0
2020-06-14,ST.-CROIX,31,0
2020-06-13,UNKNOWN,0,6
2020-06-13,ST.-THOMAS,39,0
2020-06-13,ST.-JOHN,2,0
2020-06-13,ST.-CROIX,31,0
2020-06-12,UNKNOWN,0,6
2020-06-12,ST.-THOMAS,39,0
2020-06-12,ST.-JOHN,2,0
2020-06-12,ST.-CROIX,31,0
2020-06-11,UNKNOWN,0,6
2020-06-11,ST.-THOMAS,39,0
2020-06-11,ST.-JOHN,2,0
2020-06-11,ST.-CROIX,31,0
2020-06-10,UNKNOWN,0,6
2020-06-10,ST.-THOMAS,39,0
2020-06-10,ST.-JOHN,2,0
2020-06-10,ST.-CROIX,31,0
2020-06-09,UNKNOWN,0,6
2020-06-09,ST.-THOMAS,39,0
2020-06-09,ST.-JOHN,2,0
2020-06-09,ST.-CROIX,31,0
2020-06-08,UNKNOWN,0,6
2020-06-08,ST.-THOMAS,39,0
2020-06-08,ST.-JOHN,2,0
2020-06-08,ST.-CROIX,30,0
2020-06-07,UNKNOWN,0,6
2020-06-07,ST.-THOMAS,39,0
2020-06-07,ST.-JOHN,2,0
2020-06-07,ST.-CROIX,30,0
2020-06-06,UNKNOWN,0,6
2020-06-06,ST.-THOMAS,39,0
2020-06-06,ST.-JOHN,2,0
2020-06-06,ST.-CROIX,30,0
2020-06-05,UNKNOWN,0,6
2020-06-05,ST.-THOMAS,39,0
2020-06-05,ST.-JOHN,2,0
2020-06-05,ST.-CROIX,30,0
2020-06-04,UNKNOWN,0,6
2020-06-04,ST.-THOMAS,39,0
2020-06-04,ST.-JOHN,2,0
2020-06-04,ST.-CROIX,30,0
2020-06-03,UNKNOWN,0,6
2020-06-03,ST.-THOMAS,39,0
2020-06-03,ST.-JOHN,2,0
2020-06-03,ST.-CROIX,30,0
2020-06-02,UNKNOWN,0,6
2020-06-02,ST.-THOMAS,38,0
2020-06-02,ST.-JOHN,2,0
2020-06-02,ST.-CROIX,30,0
2020-06-01,UNKNOWN,0,6
2020-06-01,ST.-THOMAS,38,0
2020-06-01,ST.-JOHN,2,0
2020-06-01,ST.-CROIX,30,0
2020-05-31,UNKNOWN,0,6
2020-05-31,ST.-THOMAS,38,0
2020-05-31,ST.-JOHN,2,0
2020-05-31,ST.-CROIX,30,0
2020-05-30,UNKNOWN,0,6
2020-05-30,ST.-THOMAS,38,0
2020-05-30,ST.-JOHN,2,0
2020-05-30,ST.-CROIX,30,0
2020-05-29,UNKNOWN,0,6
2020-05-29,ST.-THOMAS,38,0
2020-05-29,ST.-JOHN,2,0
2020-05-29,ST.-CROIX,29,0
2020-05-28,UNKNOWN,0,6
2020-05-28,ST.-THOMAS,38,0
2020-05-28,ST.-JOHN,2,0
2020-05-28,ST.-CROIX,29,0
2020-05-27,UNKNOWN,0,6
2020-05-27,ST.-THOMAS,38,0
2020-05-27,ST.-JOHN,2,0
2020-05-27,ST.-CROIX,29,0
2020-05-26,UNKNOWN,0,6
2020-05-26,ST.-THOMAS,38,0
2020-05-26,ST.-JOHN,2,0
2020-05-26,ST.-CROIX,29,0
2020-05-25,UNKNOWN,0,6
2020-05-25,ST.-THOMAS,38,0
2020-05-25,ST.-JOHN,2,0
2020-05-25,ST.-CROIX,29,0
2020-05-24,UNKNOWN,0,6
2020-05-24,ST.-THOMAS,38,0
2020-05-24,ST.-JOHN,2,0
2020-05-24,ST.-CROIX,29,0
2020-05-23,UNKNOWN,0,6
2020-05-23,ST.-THOMAS,38,0
2020-05-23,ST.-JOHN,2,0
2020-05-23,ST.-CROIX,29,0
2020-05-22,UNKNOWN,0,6
2020-05-22,ST.-THOMAS,38,0
2020-05-22,ST.-JOHN,2,0
2020-05-22,ST.-CROIX,29,0
2020-05-21,UNKNOWN,0,6
2020-05-21,ST.-THOMAS,38,0
2020-05-21,ST.-JOHN,2,0
2020-05-21,ST.-CROIX,29,0
2020-05-20,UNKNOWN,0,6
2020-05-20,ST.-THOMAS,38,0
2020-05-20,ST.-JOHN,2,0
2020-05-20,ST.-CROIX,29,0
2020-05-19,UNKNOWN,0,6
2020-05-19,ST.-THOMAS,38,0
2020-05-19,ST.-JOHN,2,0
2020-05-19,ST.-CROIX,29,0
2020-05-18,UNKNOWN,0,6
2020-05-18,ST.-THOMAS,38,0
2020-05-18,ST.-JOHN,2,0
2020-05-18,ST.-CROIX,29,0
2020-05-17,UNKNOWN,0,6
2020-05-17,ST.-THOMAS,38,0
2020-05-17,ST.-JOHN,2,0
2020-05-17,ST.-CROIX,29,0
2020-05-16,UNKNOWN,0,6
2020-05-16,ST.-THOMAS,38,0
2020-05-16,ST.-JOHN,2,0
2020-05-16,ST.-CROIX,29,0
2020-05-15,UNKNOWN,0,6
2020-05-15,ST.-THOMAS,38,0
2020-05-15,ST.-JOHN,2,0
2020-05-15,ST.-CROIX,29,0
2020-05-14,UNKNOWN,0,6
2020-05-14,ST.-THOMAS,38,0
2020-05-14,ST.-JOHN,2,0
2020-05-14,ST.-CROIX,29,0
2020-05-13,UNKNOWN,0,6
2020-05-13,ST.-THOMAS,38,0
2020-05-13,ST.-JOHN,2,0
2020-05-13,ST.-CROIX,29,0
2020-05-12,UNKNOWN,0,6
2020-05-12,ST.-THOMAS,38,0
2020-05-12,ST.-JOHN,2,0
2020-05-12,ST.-CROIX,29,0
2020-05-11,UNKNOWN,0,5
2020-05-11,ST.-THOMAS,38,0
2020-05-11,ST.-JOHN,2,0
2020-05-11,ST.-CROIX,29,0
2020-05-10,UNKNOWN,0,4
2020-05-10,ST.-THOMAS,38,0
2020-05-10,ST.-JOHN,2,0
2020-05-10,ST.-CROIX,29,0
2020-05-09,UNKNOWN,0,4
2020-05-09,ST.-THOMAS,38,0
2020-05-09,ST.-JOHN,2,0
2020-05-09,ST.-CROIX,29,0
2020-05-08,UNKNOWN,0,4
2020-05-08,ST.-THOMAS,38,0
2020-05-08,ST.-JOHN,2,0
2020-05-08,ST.-CROIX,29,0
2020-05-07,UNKNOWN,0,4
2020-05-07,ST.-THOMAS,38,0
2020-05-07,ST.-JOHN,2,0
2020-05-07,ST.-CROIX,28,0
2020-05-06,UNKNOWN,0,4
2020-05-06,ST.-THOMAS,37,0
2020-05-06,ST.-JOHN,2,0
2020-05-06,ST.-CROIX,27,0
2020-05-05,UNKNOWN,0,4
2020-05-05,ST.-THOMAS,37,0
2020-05-05,ST.-JOHN,2,0
2020-05-05,ST.-CROIX,27,0
2020-05-04,UNKNOWN,0,4
2020-05-04,ST.-THOMAS,37,0
2020-05-04,ST.-JOHN,2,0
2020-05-04,ST.-CROIX,27,0
2020-05-03,UNKNOWN,0,4
2020-05-03,ST.-THOMAS,37,0
2020-05-03,ST.-JOHN,2,0
2020-05-03,ST.-CROIX,27,0
2020-05-02,UNKNOWN,0,4
2020-05-02,ST.-THOMAS,37,0
2020-05-02,ST.-JOHN,2,0
2020-05-02,ST.-CROIX,27,0
2020-05-01,UNKNOWN,0,4
2020-05-01,ST.-THOMAS,37,0
2020-05-01,ST.-JOHN,2,0
2020-05-01,ST.-CROIX,27,0
2020-04-30,UNKNOWN,0,4
2020-04-30,ST.-THOMAS,37,0
2020-04-30,ST.-JOHN,2,0
2020-04-30,ST.-CROIX,27,0
2020-04-29,UNKNOWN,0,4
2020-04-29,ST.-THOMAS,37,0
2020-04-29,ST.-JOHN,2,0
2020-04-29,ST.-CROIX,27,0
2020-04-28,UNKNOWN,0,4
2020-04-28,ST.-THOMAS,37,0
2020-04-28,ST.-JOHN,2,0
2020-04-28,ST.-CROIX,23,0
2020-04-27,UNKNOWN,0,4
2020-04-27,ST.-THOMAS,37,0
2020-04-27,ST.-JOHN,2,0
2020-04-27,ST.-CROIX,20,0
2020-04-26,UNKNOWN,0,4
2020-04-26,ST.-THOMAS,37,0
2020-04-26,ST.-JOHN,2,0
2020-04-26,ST.-CROIX,20,0
2020-04-25,UNKNOWN,0,3
2020-04-25,ST.-THOMAS,36,0
2020-04-25,ST.-JOHN,2,0
2020-04-25,ST.-CROIX,19,0
2020-04-24,UNKNOWN,0,3
2020-04-24,ST.-THOMAS,36,0
2020-04-24,ST.-JOHN,2,0
2020-04-24,ST.-CROIX,17,0
2020-04-23,UNKNOWN,0,3
2020-04-23,ST.-THOMAS,36,0
2020-04-23,ST.-JOHN,2,0
2020-04-23,ST.-CROIX,16,0
2020-04-22,UNKNOWN,0,3
2020-04-22,ST.-THOMAS,36,0
2020-04-22,ST.-JOHN,2,0
2020-04-22,ST.-CROIX,16,0
2020-04-21,UNKNOWN,0,3
2020-04-21,ST.-THOMAS,36,0
2020-04-21,ST.-JOHN,2,0
2020-04-21,ST.-CROIX,16,0
2020-04-20,UNKNOWN,0,3
2020-04-20,ST.-THOMAS,36,0
2020-04-20,ST.-JOHN,2,0
2020-04-20,ST.-CROIX,16,0
2020-04-19,UNKNOWN,0,3
2020-04-19,ST.-THOMAS,36,0
2020-04-19,ST.-JOHN,2,0
2020-04-19,ST.-CROIX,15,0
2020-04-18,UNKNOWN,0,3
2020-04-18,ST.-THOMAS,36,0
2020-04-18,ST.-JOHN,2,0
2020-04-18,ST.-CROIX,15,0
2020-04-17,UNKNOWN,0,2
2020-04-17,ST.-THOMAS,36,0
2020-04-17,ST.-JOHN,2,0
2020-04-17,ST.-CROIX,15,0
2020-04-16,UNKNOWN,0,1
2020-04-16,ST.-THOMAS,35,0
2020-04-16,ST.-JOHN,2,0
2020-04-16,ST.-CROIX,14,0
2020-04-15,UNKNOWN,0,1
2020-04-15,ST.-THOMAS,35,0
2020-04-15,ST.-JOHN,2,0
2020-04-15,ST.-CROIX,14,0
2020-04-14,UNKNOWN,0,1
2020-04-14,ST.-THOMAS,35,0
2020-04-14,ST.-JOHN,2,0
2020-04-14,ST.-CROIX,14,0
2020-04-13,UNKNOWN,0,1
2020-04-13,ST.-THOMAS,35,0
2020-04-13,ST.-JOHN,2,0
2020-04-13,ST.-CROIX,14,0
2020-04-12,UNKNOWN,0,1
2020-04-12,ST.-THOMAS,35,0
2020-04-12,ST.-JOHN,2,0
2020-04-12,ST.-CROIX,14,0
2020-04-11,UNKNOWN,0,1
2020-04-11,ST.-THOMAS,35,0
2020-04-11,ST.-JOHN,2,0
2020-04-11,ST.-CROIX,14,0
2020-04-10,UNKNOWN,0,1
2020-04-10,ST.-THOMAS,35,0
2020-04-10,ST.-JOHN,2,0
2020-04-10,ST.-CROIX,14,0
2020-04-09,UNKNOWN,0,1
2020-04-09,ST.-THOMAS,34,0
2020-04-09,ST.-JOHN,2,0
2020-04-09,ST.-CROIX,14,0
2020-04-08,UNKNOWN,0,1
2020-04-08,ST.-THOMAS,30,0
2020-04-08,ST.-JOHN,2,0
2020-04-08,ST.-CROIX,14,0
2020-04-07,UNKNOWN,0,1
2020-04-07,ST.-THOMAS,29,0
2020-04-07,ST.-JOHN,2,0
2020-04-07,ST.-CROIX,14,0
2020-04-06,UNKNOWN,0,1
2020-04-06,ST.-THOMAS,29,0
2020-04-06,ST.-JOHN,2,0
2020-04-06,ST.-CROIX,13,0
2020-04-05,UNKNOWN,42,0
2020-04-04,UNKNOWN,42,0
2020-04-03,UNKNOWN,38,0
2020-04-02,UNKNOWN,37,0
2020-04-01,UNKNOWN,30,0
2020-03-31,UNKNOWN,30,0
2020-03-30,UNKNOWN,30,0
2020-03-29,UNKNOWN,23,0
2020-03-28,UNKNOWN,19,0
2020-03-27,UNKNOWN,19,0
2020-03-26,UNKNOWN,17,0
2020-03-25,UNKNOWN,17,0
2020-03-24,UNKNOWN,17,0
2020-03-23,UNKNOWN,17,0
2020-03-22,UNKNOWN,17,0
2020-03-21,UNKNOWN,6,0
2020-03-20,UNKNOWN,6,0
2020-03-19,UNKNOWN,3,0
2020-03-18,UNKNOWN,3,0
2020-03-17,UNKNOWN,2,0
2020-03-16,UNKNOWN,2,0
2020-03-15,UNKNOWN,1,0
2020-03-14,UNKNOWN,1,0
